path	size_bytes	md5	batch	transfer_date	dkrz_source
InputData/climate/atmosphere/bias-adjusted/global/daily/esm-hist/EC-Earth3-ESM-1-1/ec-earth3-esm-1-1_r1i1p1f1_era5_esm-hist_huss_global_30arcmin_daily_1850_1850.nc	264815807	0535316a5ef92da79127053da430e507	3	2026-09-21	InputData/climate/atmosphere/bias-adjusted/global/daily/esm-hist/EC-Earth3-ESM-1-1/ec-earth3-esm-1-1_r1i1p1f1_era5_esm-hist_huss_global_30arcmin_daily_1850_1850.nc
InputData/climate/atmosphere/bias-adjusted/global/daily/esm-hist/EC-Earth3-ESM-1-1/ec-earth3-esm-1-1_r1i1p1f1_era5_esm-hist_huss_global_30arcmin_daily_1851_1860.nc	2614598334	6719a867ab3db6e2ffe9c930865cbbb8	3	2026-09-21	InputData/climate/atmosphere/bias-adjusted/global/daily/esm-hist/EC-Earth3-ESM-1-1/ec-earth3-esm-1-1_r1i1p1f1_era5_esm-hist_huss_global_30arcmin_daily_1851_1860.nc
InputData/climate/atmosphere/bias-adjusted/global/daily/esm-hist/EC-Earth3-ESM-1-1/ec-earth3-esm-1-1_r1i1p1f1_era5_esm-hist_huss_global_30arcmin_daily_1861_1870.nc	2614461230	fec740448bbe056ce09b8624d71e55de	3	2026-09-21	InputData/climate/atmosphere/bias-adjusted/global/daily/esm-hist/EC-Earth3-ESM-1-1/ec-earth3-esm-1-1_r1i1p1f1_era5_esm-hist_huss_global_30arcmin_daily_1861_1870.nc
InputData/climate/atmosphere/bias-adjusted/global/daily/esm-hist/EC-Earth3-ESM-1-1/ec-earth3-esm-1-1_r1i1p1f1_era5_esm-hist_huss_global_30arcmin_daily_1871_1880.nc	2616341416	5ba0d2fce2111683c58fa975e1ed99ca	3	2026-09-21	InputData/climate/atmosphere/bias-adjusted/global/daily/esm-hist/EC-Earth3-ESM-1-1/ec-earth3-esm-1-1_r1i1p1f1_era5_esm-hist_huss_global_30arcmin_daily_1871_1880.nc
InputData/climate/atmosphere/bias-adjusted/global/daily/esm-hist/EC-Earth3-ESM-1-1/ec-earth3-esm-1-1_r1i1p1f1_era5_esm-hist_huss_global_30arcmin_daily_1881_1890.nc	2618648449	893ac1b75038f72af16910a18d99bd7b	3	2026-09-21	InputData/climate/atmosphere/bias-adjusted/global/daily/esm-hist/EC-Earth3-ESM-1-1/ec-earth3-esm-1-1_r1i1p1f1_era5_esm-hist_huss_global_30arcmin_daily_1881_1890.nc
InputData/climate/atmosphere/bias-adjusted/global/daily/esm-hist/EC-Earth3-ESM-1-1/ec-earth3-esm-1-1_r1i1p1f1_era5_esm-hist_huss_global_30arcmin_daily_1891_1900.nc	2617389120	9c0322037b6e2efe24ca0f65081b5ad6	3	2026-09-21	InputData/climate/atmosphere/bias-adjusted/global/daily/esm-hist/EC-Earth3-ESM-1-1/ec-earth3-esm-1-1_r1i1p1f1_era5_esm-hist_huss_global_30arcmin_daily_1891_1900.nc
InputData/climate/atmosphere/bias-adjusted/global/daily/esm-hist/EC-Earth3-ESM-1-1/ec-earth3-esm-1-1_r1i1p1f1_era5_esm-hist_huss_global_30arcmin_daily_1901_1910.nc	2616192872	40d8ba1ca8e73bd968b59e85424bfac4	3	2026-09-21	InputData/climate/atmosphere/bias-adjusted/global/daily/esm-hist/EC-Earth3-ESM-1-1/ec-earth3-esm-1-1_r1i1p1f1_era5_esm-hist_huss_global_30arcmin_daily_1901_1910.nc
InputData/climate/atmosphere/bias-adjusted/global/daily/esm-hist/EC-Earth3-ESM-1-1/ec-earth3-esm-1-1_r1i1p1f1_era5_esm-hist_huss_global_30arcmin_daily_1911_1920.nc	2615312076	31668f4c6df2a0a8940b92e0328926ae	3	2026-09-21	InputData/climate/atmosphere/bias-adjusted/global/daily/esm-hist/EC-Earth3-ESM-1-1/ec-earth3-esm-1-1_r1i1p1f1_era5_esm-hist_huss_global_30arcmin_daily_1911_1920.nc
InputData/climate/atmosphere/bias-adjusted/global/daily/esm-hist/EC-Earth3-ESM-1-1/ec-earth3-esm-1-1_r1i1p1f1_era5_esm-hist_huss_global_30arcmin_daily_1921_1930.nc	2613675046	c5e2abe290f648bb41634cff2e03cfb7	3	2026-09-21	InputData/climate/atmosphere/bias-adjusted/global/daily/esm-hist/EC-Earth3-ESM-1-1/ec-earth3-esm-1-1_r1i1p1f1_era5_esm-hist_huss_global_30arcmin_daily_1921_1930.nc
InputData/climate/atmosphere/bias-adjusted/global/daily/esm-hist/EC-Earth3-ESM-1-1/ec-earth3-esm-1-1_r1i1p1f1_era5_esm-hist_huss_global_30arcmin_daily_1931_1940.nc	2613711556	8e79af1d45f91f4be415cc51405461e7	3	2026-09-21	InputData/climate/atmosphere/bias-adjusted/global/daily/esm-hist/EC-Earth3-ESM-1-1/ec-earth3-esm-1-1_r1i1p1f1_era5_esm-hist_huss_global_30arcmin_daily_1931_1940.nc
InputData/climate/atmosphere/bias-adjusted/global/daily/esm-hist/EC-Earth3-ESM-1-1/ec-earth3-esm-1-1_r1i1p1f1_era5_esm-hist_huss_global_30arcmin_daily_1941_1950.nc	2611911081	ddb56fbd50d1496503b18757b33c3464	3	2026-09-21	InputData/climate/atmosphere/bias-adjusted/global/daily/esm-hist/EC-Earth3-ESM-1-1/ec-earth3-esm-1-1_r1i1p1f1_era5_esm-hist_huss_global_30arcmin_daily_1941_1950.nc
InputData/climate/atmosphere/bias-adjusted/global/daily/esm-hist/EC-Earth3-ESM-1-1/ec-earth3-esm-1-1_r1i1p1f1_era5_esm-hist_huss_global_30arcmin_daily_1951_1960.nc	2612208540	95f68b840240de5a364765e390e4276b	3	2026-09-21	InputData/climate/atmosphere/bias-adjusted/global/daily/esm-hist/EC-Earth3-ESM-1-1/ec-earth3-esm-1-1_r1i1p1f1_era5_esm-hist_huss_global_30arcmin_daily_1951_1960.nc
InputData/climate/atmosphere/bias-adjusted/global/daily/esm-hist/EC-Earth3-ESM-1-1/ec-earth3-esm-1-1_r1i1p1f1_era5_esm-hist_huss_global_30arcmin_daily_1961_1970.nc	2610294255	df750165985bd1cd0794b2a194cbd810	3	2026-09-21	InputData/climate/atmosphere/bias-adjusted/global/daily/esm-hist/EC-Earth3-ESM-1-1/ec-earth3-esm-1-1_r1i1p1f1_era5_esm-hist_huss_global_30arcmin_daily_1961_1970.nc
InputData/climate/atmosphere/bias-adjusted/global/daily/esm-hist/EC-Earth3-ESM-1-1/ec-earth3-esm-1-1_r1i1p1f1_era5_esm-hist_huss_global_30arcmin_daily_1971_1980.nc	2607723358	39bbe829c18dc053a335601e503b3431	3	2026-09-21	InputData/climate/atmosphere/bias-adjusted/global/daily/esm-hist/EC-Earth3-ESM-1-1/ec-earth3-esm-1-1_r1i1p1f1_era5_esm-hist_huss_global_30arcmin_daily_1971_1980.nc
InputData/climate/atmosphere/bias-adjusted/global/daily/esm-hist/EC-Earth3-ESM-1-1/ec-earth3-esm-1-1_r1i1p1f1_era5_esm-hist_huss_global_30arcmin_daily_1981_1990.nc	2606193684	5b60b16e76cc0dbb19bc986dfff97812	3	2026-09-21	InputData/climate/atmosphere/bias-adjusted/global/daily/esm-hist/EC-Earth3-ESM-1-1/ec-earth3-esm-1-1_r1i1p1f1_era5_esm-hist_huss_global_30arcmin_daily_1981_1990.nc
InputData/climate/atmosphere/bias-adjusted/global/daily/esm-hist/EC-Earth3-ESM-1-1/ec-earth3-esm-1-1_r1i1p1f1_era5_esm-hist_huss_global_30arcmin_daily_1991_2000.nc	2606926879	1c2bfc4d08c1e574526fdae11025c095	3	2026-09-21	InputData/climate/atmosphere/bias-adjusted/global/daily/esm-hist/EC-Earth3-ESM-1-1/ec-earth3-esm-1-1_r1i1p1f1_era5_esm-hist_huss_global_30arcmin_daily_1991_2000.nc
InputData/climate/atmosphere/bias-adjusted/global/daily/esm-hist/EC-Earth3-ESM-1-1/ec-earth3-esm-1-1_r1i1p1f1_era5_esm-hist_huss_global_30arcmin_daily_2001_2010.nc	2603670325	73252da0075057262dea883c7b0f184b	3	2026-09-21	InputData/climate/atmosphere/bias-adjusted/global/daily/esm-hist/EC-Earth3-ESM-1-1/ec-earth3-esm-1-1_r1i1p1f1_era5_esm-hist_huss_global_30arcmin_daily_2001_2010.nc
InputData/climate/atmosphere/bias-adjusted/global/daily/esm-hist/EC-Earth3-ESM-1-1/ec-earth3-esm-1-1_r1i1p1f1_era5_esm-hist_huss_global_30arcmin_daily_2011_2020.nc	2602457980	4b3774cb5b9eb14f15939b170a27ce1e	2	2026-09-21	InputData/climate/atmosphere/bias-adjusted/global/daily/esm-hist/EC-Earth3-ESM-1-1/ec-earth3-esm-1-1_r1i1p1f1_era5_esm-hist_huss_global_30arcmin_daily_2011_2020.nc
InputData/climate/atmosphere/bias-adjusted/global/daily/esm-hist/EC-Earth3-ESM-1-1/ec-earth3-esm-1-1_r1i1p1f1_era5_esm-hist_huss_global_30arcmin_daily_2021_2021.nc	263900241	b3df9ff275e67c64cbb306118e7ac2c8	3	2026-09-21	InputData/climate/atmosphere/bias-adjusted/global/daily/esm-hist/EC-Earth3-ESM-1-1/ec-earth3-esm-1-1_r1i1p1f1_era5_esm-hist_huss_global_30arcmin_daily_2021_2021.nc
InputData/climate/atmosphere/bias-adjusted/global/daily/esm-hist/EC-Earth3-ESM-1-1/ec-earth3-esm-1-1_r1i1p1f1_era5_esm-hist_pr_global_30arcmin_daily_1850_1850.nc	228474585	acfacc1853165181f94016b845b8b701	3	2026-09-21	InputData/climate/atmosphere/bias-adjusted/global/daily/esm-hist/EC-Earth3-ESM-1-1/ec-earth3-esm-1-1_r1i1p1f1_era5_esm-hist_pr_global_30arcmin_daily_1850_1850.nc
InputData/climate/atmosphere/bias-adjusted/global/daily/esm-hist/EC-Earth3-ESM-1-1/ec-earth3-esm-1-1_r1i1p1f1_era5_esm-hist_pr_global_30arcmin_daily_1851_1860.nc	2254829526	b60dc1f9c5529cfa73b96cf8813f2042	3	2026-09-21	InputData/climate/atmosphere/bias-adjusted/global/daily/esm-hist/EC-Earth3-ESM-1-1/ec-earth3-esm-1-1_r1i1p1f1_era5_esm-hist_pr_global_30arcmin_daily_1851_1860.nc
InputData/climate/atmosphere/bias-adjusted/global/daily/esm-hist/EC-Earth3-ESM-1-1/ec-earth3-esm-1-1_r1i1p1f1_era5_esm-hist_pr_global_30arcmin_daily_1861_1870.nc	2252757216	88d39f344cd4e37bb5b677acc33b2ab5	3	2026-09-21	InputData/climate/atmosphere/bias-adjusted/global/daily/esm-hist/EC-Earth3-ESM-1-1/ec-earth3-esm-1-1_r1i1p1f1_era5_esm-hist_pr_global_30arcmin_daily_1861_1870.nc
InputData/climate/atmosphere/bias-adjusted/global/daily/esm-hist/EC-Earth3-ESM-1-1/ec-earth3-esm-1-1_r1i1p1f1_era5_esm-hist_pr_global_30arcmin_daily_1871_1880.nc	2255072551	3c06a1e9c89038c3f22b39bff06cc8de	3	2026-09-21	InputData/climate/atmosphere/bias-adjusted/global/daily/esm-hist/EC-Earth3-ESM-1-1/ec-earth3-esm-1-1_r1i1p1f1_era5_esm-hist_pr_global_30arcmin_daily_1871_1880.nc
InputData/climate/atmosphere/bias-adjusted/global/daily/esm-hist/EC-Earth3-ESM-1-1/ec-earth3-esm-1-1_r1i1p1f1_era5_esm-hist_pr_global_30arcmin_daily_1881_1890.nc	2248545842	c933f19e79bff58d0a1ff7c463ab6e79	3	2026-09-21	InputData/climate/atmosphere/bias-adjusted/global/daily/esm-hist/EC-Earth3-ESM-1-1/ec-earth3-esm-1-1_r1i1p1f1_era5_esm-hist_pr_global_30arcmin_daily_1881_1890.nc
InputData/climate/atmosphere/bias-adjusted/global/daily/esm-hist/EC-Earth3-ESM-1-1/ec-earth3-esm-1-1_r1i1p1f1_era5_esm-hist_pr_global_30arcmin_daily_1891_1900.nc	2251695288	e8486cac180d8cc0f50b2c29669edf78	3	2026-09-21	InputData/climate/atmosphere/bias-adjusted/global/daily/esm-hist/EC-Earth3-ESM-1-1/ec-earth3-esm-1-1_r1i1p1f1_era5_esm-hist_pr_global_30arcmin_daily_1891_1900.nc
InputData/climate/atmosphere/bias-adjusted/global/daily/esm-hist/EC-Earth3-ESM-1-1/ec-earth3-esm-1-1_r1i1p1f1_era5_esm-hist_pr_global_30arcmin_daily_1901_1910.nc	2241478693	966d190be683e9a66f06a903547cb189	3	2026-09-21	InputData/climate/atmosphere/bias-adjusted/global/daily/esm-hist/EC-Earth3-ESM-1-1/ec-earth3-esm-1-1_r1i1p1f1_era5_esm-hist_pr_global_30arcmin_daily_1901_1910.nc
InputData/climate/atmosphere/bias-adjusted/global/daily/esm-hist/EC-Earth3-ESM-1-1/ec-earth3-esm-1-1_r1i1p1f1_era5_esm-hist_pr_global_30arcmin_daily_1911_1920.nc	2253584147	3e841eaac53f646a40bb9bef877551f7	3	2026-09-21	InputData/climate/atmosphere/bias-adjusted/global/daily/esm-hist/EC-Earth3-ESM-1-1/ec-earth3-esm-1-1_r1i1p1f1_era5_esm-hist_pr_global_30arcmin_daily_1911_1920.nc
InputData/climate/atmosphere/bias-adjusted/global/daily/esm-hist/EC-Earth3-ESM-1-1/ec-earth3-esm-1-1_r1i1p1f1_era5_esm-hist_pr_global_30arcmin_daily_1921_1930.nc	2250158976	9519f26fc68aaf0ec719795f9765fcba	3	2026-09-21	InputData/climate/atmosphere/bias-adjusted/global/daily/esm-hist/EC-Earth3-ESM-1-1/ec-earth3-esm-1-1_r1i1p1f1_era5_esm-hist_pr_global_30arcmin_daily_1921_1930.nc
InputData/climate/atmosphere/bias-adjusted/global/daily/esm-hist/EC-Earth3-ESM-1-1/ec-earth3-esm-1-1_r1i1p1f1_era5_esm-hist_pr_global_30arcmin_daily_1931_1940.nc	2254103730	58f3ff627f5c7d5e536374d8f47d2517	3	2026-09-21	InputData/climate/atmosphere/bias-adjusted/global/daily/esm-hist/EC-Earth3-ESM-1-1/ec-earth3-esm-1-1_r1i1p1f1_era5_esm-hist_pr_global_30arcmin_daily_1931_1940.nc
InputData/climate/atmosphere/bias-adjusted/global/daily/esm-hist/EC-Earth3-ESM-1-1/ec-earth3-esm-1-1_r1i1p1f1_era5_esm-hist_pr_global_30arcmin_daily_1941_1950.nc	2255176984	90f2f0fcf1f71bc91f93adab69b9f748	3	2026-09-21	InputData/climate/atmosphere/bias-adjusted/global/daily/esm-hist/EC-Earth3-ESM-1-1/ec-earth3-esm-1-1_r1i1p1f1_era5_esm-hist_pr_global_30arcmin_daily_1941_1950.nc
InputData/climate/atmosphere/bias-adjusted/global/daily/esm-hist/EC-Earth3-ESM-1-1/ec-earth3-esm-1-1_r1i1p1f1_era5_esm-hist_pr_global_30arcmin_daily_1951_1960.nc	2256163147	6ce091217b02adca3ad6bd58071801f1	3	2026-09-21	InputData/climate/atmosphere/bias-adjusted/global/daily/esm-hist/EC-Earth3-ESM-1-1/ec-earth3-esm-1-1_r1i1p1f1_era5_esm-hist_pr_global_30arcmin_daily_1951_1960.nc
InputData/climate/atmosphere/bias-adjusted/global/daily/esm-hist/EC-Earth3-ESM-1-1/ec-earth3-esm-1-1_r1i1p1f1_era5_esm-hist_pr_global_30arcmin_daily_1961_1970.nc	2258565619	5bf587d90ebeb22c1c8f8dacaf9ada20	3	2026-09-21	InputData/climate/atmosphere/bias-adjusted/global/daily/esm-hist/EC-Earth3-ESM-1-1/ec-earth3-esm-1-1_r1i1p1f1_era5_esm-hist_pr_global_30arcmin_daily_1961_1970.nc
InputData/climate/atmosphere/bias-adjusted/global/daily/esm-hist/EC-Earth3-ESM-1-1/ec-earth3-esm-1-1_r1i1p1f1_era5_esm-hist_pr_global_30arcmin_daily_1971_1980.nc	2263473736	a64d55c8819ae89009625fa8a4ca660a	3	2026-09-21	InputData/climate/atmosphere/bias-adjusted/global/daily/esm-hist/EC-Earth3-ESM-1-1/ec-earth3-esm-1-1_r1i1p1f1_era5_esm-hist_pr_global_30arcmin_daily_1971_1980.nc
InputData/climate/atmosphere/bias-adjusted/global/daily/esm-hist/EC-Earth3-ESM-1-1/ec-earth3-esm-1-1_r1i1p1f1_era5_esm-hist_pr_global_30arcmin_daily_1981_1990.nc	2260794414	04b32e51e3a2a23689e7ce5bb9bf3359	3	2026-09-21	InputData/climate/atmosphere/bias-adjusted/global/daily/esm-hist/EC-Earth3-ESM-1-1/ec-earth3-esm-1-1_r1i1p1f1_era5_esm-hist_pr_global_30arcmin_daily_1981_1990.nc
InputData/climate/atmosphere/bias-adjusted/global/daily/esm-hist/EC-Earth3-ESM-1-1/ec-earth3-esm-1-1_r1i1p1f1_era5_esm-hist_pr_global_30arcmin_daily_1991_2000.nc	2267613371	189bd26c048613a2460b8caa14f3fda6	3	2026-09-21	InputData/climate/atmosphere/bias-adjusted/global/daily/esm-hist/EC-Earth3-ESM-1-1/ec-earth3-esm-1-1_r1i1p1f1_era5_esm-hist_pr_global_30arcmin_daily_1991_2000.nc
InputData/climate/atmosphere/bias-adjusted/global/daily/esm-hist/EC-Earth3-ESM-1-1/ec-earth3-esm-1-1_r1i1p1f1_era5_esm-hist_pr_global_30arcmin_daily_2001_2010.nc	2265009186	0ee24ef7b1d534c63a45217e723bbf92	3	2026-09-21	InputData/climate/atmosphere/bias-adjusted/global/daily/esm-hist/EC-Earth3-ESM-1-1/ec-earth3-esm-1-1_r1i1p1f1_era5_esm-hist_pr_global_30arcmin_daily_2001_2010.nc
InputData/climate/atmosphere/bias-adjusted/global/daily/esm-hist/EC-Earth3-ESM-1-1/ec-earth3-esm-1-1_r1i1p1f1_era5_esm-hist_pr_global_30arcmin_daily_2011_2020.nc	2270171967	c7df3258b84efbd6474a92c3da54a50e	2	2026-09-21	InputData/climate/atmosphere/bias-adjusted/global/daily/esm-hist/EC-Earth3-ESM-1-1/ec-earth3-esm-1-1_r1i1p1f1_era5_esm-hist_pr_global_30arcmin_daily_2011_2020.nc
InputData/climate/atmosphere/bias-adjusted/global/daily/esm-hist/EC-Earth3-ESM-1-1/ec-earth3-esm-1-1_r1i1p1f1_era5_esm-hist_pr_global_30arcmin_daily_2021_2021.nc	229921535	97ca5100dd9daeee72f7a79cb2047ed2	3	2026-09-21	InputData/climate/atmosphere/bias-adjusted/global/daily/esm-hist/EC-Earth3-ESM-1-1/ec-earth3-esm-1-1_r1i1p1f1_era5_esm-hist_pr_global_30arcmin_daily_2021_2021.nc
InputData/climate/atmosphere/bias-adjusted/global/daily/esm-hist/EC-Earth3-ESM-1-1/ec-earth3-esm-1-1_r1i1p1f1_era5_esm-hist_ps_global_30arcmin_daily_1850_1850.nc	209998633	8e106f963f0c15a076441bbba758d232	3	2026-09-21	InputData/climate/atmosphere/bias-adjusted/global/daily/esm-hist/EC-Earth3-ESM-1-1/ec-earth3-esm-1-1_r1i1p1f1_era5_esm-hist_ps_global_30arcmin_daily_1850_1850.nc
InputData/climate/atmosphere/bias-adjusted/global/daily/esm-hist/EC-Earth3-ESM-1-1/ec-earth3-esm-1-1_r1i1p1f1_era5_esm-hist_ps_global_30arcmin_daily_1851_1860.nc	2063308408	1c523018dcd7abb58bae4d3d811772ff	3	2026-09-21	InputData/climate/atmosphere/bias-adjusted/global/daily/esm-hist/EC-Earth3-ESM-1-1/ec-earth3-esm-1-1_r1i1p1f1_era5_esm-hist_ps_global_30arcmin_daily_1851_1860.nc
InputData/climate/atmosphere/bias-adjusted/global/daily/esm-hist/EC-Earth3-ESM-1-1/ec-earth3-esm-1-1_r1i1p1f1_era5_esm-hist_ps_global_30arcmin_daily_1861_1870.nc	2062941027	a0044f2ccd258c532f947f5d6310f002	3	2026-09-21	InputData/climate/atmosphere/bias-adjusted/global/daily/esm-hist/EC-Earth3-ESM-1-1/ec-earth3-esm-1-1_r1i1p1f1_era5_esm-hist_ps_global_30arcmin_daily_1861_1870.nc
InputData/climate/atmosphere/bias-adjusted/global/daily/esm-hist/EC-Earth3-ESM-1-1/ec-earth3-esm-1-1_r1i1p1f1_era5_esm-hist_ps_global_30arcmin_daily_1871_1880.nc	2063699463	ae71b3542e40a52500af3851a9404b9f	3	2026-09-21	InputData/climate/atmosphere/bias-adjusted/global/daily/esm-hist/EC-Earth3-ESM-1-1/ec-earth3-esm-1-1_r1i1p1f1_era5_esm-hist_ps_global_30arcmin_daily_1871_1880.nc
InputData/climate/atmosphere/bias-adjusted/global/daily/esm-hist/EC-Earth3-ESM-1-1/ec-earth3-esm-1-1_r1i1p1f1_era5_esm-hist_ps_global_30arcmin_daily_1881_1890.nc	2063269559	7011fbb6d78a05fd7f59dffef3fbcd1a	3	2026-09-21	InputData/climate/atmosphere/bias-adjusted/global/daily/esm-hist/EC-Earth3-ESM-1-1/ec-earth3-esm-1-1_r1i1p1f1_era5_esm-hist_ps_global_30arcmin_daily_1881_1890.nc
InputData/climate/atmosphere/bias-adjusted/global/daily/esm-hist/EC-Earth3-ESM-1-1/ec-earth3-esm-1-1_r1i1p1f1_era5_esm-hist_ps_global_30arcmin_daily_1891_1900.nc	2063087318	306c4ff80c9f2d1bf4390973894467da	3	2026-09-21	InputData/climate/atmosphere/bias-adjusted/global/daily/esm-hist/EC-Earth3-ESM-1-1/ec-earth3-esm-1-1_r1i1p1f1_era5_esm-hist_ps_global_30arcmin_daily_1891_1900.nc
InputData/climate/atmosphere/bias-adjusted/global/daily/esm-hist/EC-Earth3-ESM-1-1/ec-earth3-esm-1-1_r1i1p1f1_era5_esm-hist_ps_global_30arcmin_daily_1901_1910.nc	2062895332	ff34f313f2295e6f69c526217c106bef	3	2026-09-21	InputData/climate/atmosphere/bias-adjusted/global/daily/esm-hist/EC-Earth3-ESM-1-1/ec-earth3-esm-1-1_r1i1p1f1_era5_esm-hist_ps_global_30arcmin_daily_1901_1910.nc
InputData/climate/atmosphere/bias-adjusted/global/daily/esm-hist/EC-Earth3-ESM-1-1/ec-earth3-esm-1-1_r1i1p1f1_era5_esm-hist_ps_global_30arcmin_daily_1911_1920.nc	2063491123	d85aa87b78d14a6beef2d74c592e479e	3	2026-09-21	InputData/climate/atmosphere/bias-adjusted/global/daily/esm-hist/EC-Earth3-ESM-1-1/ec-earth3-esm-1-1_r1i1p1f1_era5_esm-hist_ps_global_30arcmin_daily_1911_1920.nc
InputData/climate/atmosphere/bias-adjusted/global/daily/esm-hist/EC-Earth3-ESM-1-1/ec-earth3-esm-1-1_r1i1p1f1_era5_esm-hist_ps_global_30arcmin_daily_1921_1930.nc	2062475534	06d1bd239e477f7ffcb6c907b8f1973f	3	2026-09-21	InputData/climate/atmosphere/bias-adjusted/global/daily/esm-hist/EC-Earth3-ESM-1-1/ec-earth3-esm-1-1_r1i1p1f1_era5_esm-hist_ps_global_30arcmin_daily_1921_1930.nc
InputData/climate/atmosphere/bias-adjusted/global/daily/esm-hist/EC-Earth3-ESM-1-1/ec-earth3-esm-1-1_r1i1p1f1_era5_esm-hist_ps_global_30arcmin_daily_1931_1940.nc	2063366988	f175b96a42ceb8d0db2820da7e14154f	3	2026-09-21	InputData/climate/atmosphere/bias-adjusted/global/daily/esm-hist/EC-Earth3-ESM-1-1/ec-earth3-esm-1-1_r1i1p1f1_era5_esm-hist_ps_global_30arcmin_daily_1931_1940.nc
InputData/climate/atmosphere/bias-adjusted/global/daily/esm-hist/EC-Earth3-ESM-1-1/ec-earth3-esm-1-1_r1i1p1f1_era5_esm-hist_ps_global_30arcmin_daily_1941_1950.nc	2062549413	00a300d2b236b118bde968cd958c8acc	3	2026-09-21	InputData/climate/atmosphere/bias-adjusted/global/daily/esm-hist/EC-Earth3-ESM-1-1/ec-earth3-esm-1-1_r1i1p1f1_era5_esm-hist_ps_global_30arcmin_daily_1941_1950.nc
InputData/climate/atmosphere/bias-adjusted/global/daily/esm-hist/EC-Earth3-ESM-1-1/ec-earth3-esm-1-1_r1i1p1f1_era5_esm-hist_ps_global_30arcmin_daily_1951_1960.nc	2063069744	b77c7ef7d60cd9dcc1cc4b5f70e42fe5	3	2026-09-21	InputData/climate/atmosphere/bias-adjusted/global/daily/esm-hist/EC-Earth3-ESM-1-1/ec-earth3-esm-1-1_r1i1p1f1_era5_esm-hist_ps_global_30arcmin_daily_1951_1960.nc
InputData/climate/atmosphere/bias-adjusted/global/daily/esm-hist/EC-Earth3-ESM-1-1/ec-earth3-esm-1-1_r1i1p1f1_era5_esm-hist_ps_global_30arcmin_daily_1961_1970.nc	2062388307	fb33e170663d4da3e8a067b077a7fe44	3	2026-09-21	InputData/climate/atmosphere/bias-adjusted/global/daily/esm-hist/EC-Earth3-ESM-1-1/ec-earth3-esm-1-1_r1i1p1f1_era5_esm-hist_ps_global_30arcmin_daily_1961_1970.nc
InputData/climate/atmosphere/bias-adjusted/global/daily/esm-hist/EC-Earth3-ESM-1-1/ec-earth3-esm-1-1_r1i1p1f1_era5_esm-hist_ps_global_30arcmin_daily_1971_1980.nc	2062344358	ad882ff02104dc072a08c48e1dd5b57c	3	2026-09-21	InputData/climate/atmosphere/bias-adjusted/global/daily/esm-hist/EC-Earth3-ESM-1-1/ec-earth3-esm-1-1_r1i1p1f1_era5_esm-hist_ps_global_30arcmin_daily_1971_1980.nc
InputData/climate/atmosphere/bias-adjusted/global/daily/esm-hist/EC-Earth3-ESM-1-1/ec-earth3-esm-1-1_r1i1p1f1_era5_esm-hist_ps_global_30arcmin_daily_1981_1990.nc	2061528670	b8562cf3ad36184119728cb56e0bf178	3	2026-09-21	InputData/climate/atmosphere/bias-adjusted/global/daily/esm-hist/EC-Earth3-ESM-1-1/ec-earth3-esm-1-1_r1i1p1f1_era5_esm-hist_ps_global_30arcmin_daily_1981_1990.nc
InputData/climate/atmosphere/bias-adjusted/global/daily/esm-hist/EC-Earth3-ESM-1-1/ec-earth3-esm-1-1_r1i1p1f1_era5_esm-hist_ps_global_30arcmin_daily_1991_2000.nc	2062099293	7c8982ff8fe3e8abb00a08a5283cfe14	3	2026-09-21	InputData/climate/atmosphere/bias-adjusted/global/daily/esm-hist/EC-Earth3-ESM-1-1/ec-earth3-esm-1-1_r1i1p1f1_era5_esm-hist_ps_global_30arcmin_daily_1991_2000.nc
InputData/climate/atmosphere/bias-adjusted/global/daily/esm-hist/EC-Earth3-ESM-1-1/ec-earth3-esm-1-1_r1i1p1f1_era5_esm-hist_ps_global_30arcmin_daily_2001_2010.nc	2061144935	bfc0ce3b6d888bd6e34d6326efd86e94	3	2026-09-21	InputData/climate/atmosphere/bias-adjusted/global/daily/esm-hist/EC-Earth3-ESM-1-1/ec-earth3-esm-1-1_r1i1p1f1_era5_esm-hist_ps_global_30arcmin_daily_2001_2010.nc
InputData/climate/atmosphere/bias-adjusted/global/daily/esm-hist/EC-Earth3-ESM-1-1/ec-earth3-esm-1-1_r1i1p1f1_era5_esm-hist_ps_global_30arcmin_daily_2011_2020.nc	2061519937	257afb5fb4a2082101bf7f9d11d1b46d	2	2026-09-21	InputData/climate/atmosphere/bias-adjusted/global/daily/esm-hist/EC-Earth3-ESM-1-1/ec-earth3-esm-1-1_r1i1p1f1_era5_esm-hist_ps_global_30arcmin_daily_2011_2020.nc
InputData/climate/atmosphere/bias-adjusted/global/daily/esm-hist/EC-Earth3-ESM-1-1/ec-earth3-esm-1-1_r1i1p1f1_era5_esm-hist_ps_global_30arcmin_daily_2021_2021.nc	209872151	765cf3839604563f392b7ce934b4a972	3	2026-09-21	InputData/climate/atmosphere/bias-adjusted/global/daily/esm-hist/EC-Earth3-ESM-1-1/ec-earth3-esm-1-1_r1i1p1f1_era5_esm-hist_ps_global_30arcmin_daily_2021_2021.nc
InputData/climate/atmosphere/bias-adjusted/global/daily/esm-hist/EC-Earth3-ESM-1-1/ec-earth3-esm-1-1_r1i1p1f1_era5_esm-hist_rlds_global_30arcmin_daily_1850_1850.nc	238840355	6627f0362dbf9248fb3016a2e0ca5508	3	2026-09-21	InputData/climate/atmosphere/bias-adjusted/global/daily/esm-hist/EC-Earth3-ESM-1-1/ec-earth3-esm-1-1_r1i1p1f1_era5_esm-hist_rlds_global_30arcmin_daily_1850_1850.nc
InputData/climate/atmosphere/bias-adjusted/global/daily/esm-hist/EC-Earth3-ESM-1-1/ec-earth3-esm-1-1_r1i1p1f1_era5_esm-hist_rlds_global_30arcmin_daily_1851_1860.nc	2353934449	7e355d51e9b795413d878e9a3d0d500a	3	2026-09-21	InputData/climate/atmosphere/bias-adjusted/global/daily/esm-hist/EC-Earth3-ESM-1-1/ec-earth3-esm-1-1_r1i1p1f1_era5_esm-hist_rlds_global_30arcmin_daily_1851_1860.nc
InputData/climate/atmosphere/bias-adjusted/global/daily/esm-hist/EC-Earth3-ESM-1-1/ec-earth3-esm-1-1_r1i1p1f1_era5_esm-hist_rlds_global_30arcmin_daily_1861_1870.nc	2353394060	8f6f8bfca2b64281275ac840218600f5	3	2026-09-21	InputData/climate/atmosphere/bias-adjusted/global/daily/esm-hist/EC-Earth3-ESM-1-1/ec-earth3-esm-1-1_r1i1p1f1_era5_esm-hist_rlds_global_30arcmin_daily_1861_1870.nc
InputData/climate/atmosphere/bias-adjusted/global/daily/esm-hist/EC-Earth3-ESM-1-1/ec-earth3-esm-1-1_r1i1p1f1_era5_esm-hist_rlds_global_30arcmin_daily_1871_1880.nc	2354753452	7cd584bcd91eac0616c6ff87f3dde2ad	3	2026-09-21	InputData/climate/atmosphere/bias-adjusted/global/daily/esm-hist/EC-Earth3-ESM-1-1/ec-earth3-esm-1-1_r1i1p1f1_era5_esm-hist_rlds_global_30arcmin_daily_1871_1880.nc
InputData/climate/atmosphere/bias-adjusted/global/daily/esm-hist/EC-Earth3-ESM-1-1/ec-earth3-esm-1-1_r1i1p1f1_era5_esm-hist_rlds_global_30arcmin_daily_1881_1890.nc	2356334909	81966b7a1449d584ffe89ccf36c70ed5	3	2026-09-21	InputData/climate/atmosphere/bias-adjusted/global/daily/esm-hist/EC-Earth3-ESM-1-1/ec-earth3-esm-1-1_r1i1p1f1_era5_esm-hist_rlds_global_30arcmin_daily_1881_1890.nc
InputData/climate/atmosphere/bias-adjusted/global/daily/esm-hist/EC-Earth3-ESM-1-1/ec-earth3-esm-1-1_r1i1p1f1_era5_esm-hist_rlds_global_30arcmin_daily_1891_1900.nc	2355100364	eb8f81ddd113a13deca20c0a42233228	3	2026-09-21	InputData/climate/atmosphere/bias-adjusted/global/daily/esm-hist/EC-Earth3-ESM-1-1/ec-earth3-esm-1-1_r1i1p1f1_era5_esm-hist_rlds_global_30arcmin_daily_1891_1900.nc
InputData/climate/atmosphere/bias-adjusted/global/daily/esm-hist/EC-Earth3-ESM-1-1/ec-earth3-esm-1-1_r1i1p1f1_era5_esm-hist_rlds_global_30arcmin_daily_1901_1910.nc	2354787170	93aa3864a21be4d1222b3c7765397855	3	2026-09-21	InputData/climate/atmosphere/bias-adjusted/global/daily/esm-hist/EC-Earth3-ESM-1-1/ec-earth3-esm-1-1_r1i1p1f1_era5_esm-hist_rlds_global_30arcmin_daily_1901_1910.nc
InputData/climate/atmosphere/bias-adjusted/global/daily/esm-hist/EC-Earth3-ESM-1-1/ec-earth3-esm-1-1_r1i1p1f1_era5_esm-hist_rlds_global_30arcmin_daily_1911_1920.nc	2353477099	ed47790c4c8b6b88b78ea1a59995c9bc	3	2026-09-21	InputData/climate/atmosphere/bias-adjusted/global/daily/esm-hist/EC-Earth3-ESM-1-1/ec-earth3-esm-1-1_r1i1p1f1_era5_esm-hist_rlds_global_30arcmin_daily_1911_1920.nc
InputData/climate/atmosphere/bias-adjusted/global/daily/esm-hist/EC-Earth3-ESM-1-1/ec-earth3-esm-1-1_r1i1p1f1_era5_esm-hist_rlds_global_30arcmin_daily_1921_1930.nc	2352288018	f8b3f8b730c63d1e60ae6dd4146425a8	3	2026-09-21	InputData/climate/atmosphere/bias-adjusted/global/daily/esm-hist/EC-Earth3-ESM-1-1/ec-earth3-esm-1-1_r1i1p1f1_era5_esm-hist_rlds_global_30arcmin_daily_1921_1930.nc
InputData/climate/atmosphere/bias-adjusted/global/daily/esm-hist/EC-Earth3-ESM-1-1/ec-earth3-esm-1-1_r1i1p1f1_era5_esm-hist_rlds_global_30arcmin_daily_1931_1940.nc	2352090159	ddf5c4f37f84a9c2a25a1246086cc6b1	3	2026-09-21	InputData/climate/atmosphere/bias-adjusted/global/daily/esm-hist/EC-Earth3-ESM-1-1/ec-earth3-esm-1-1_r1i1p1f1_era5_esm-hist_rlds_global_30arcmin_daily_1931_1940.nc
InputData/climate/atmosphere/bias-adjusted/global/daily/esm-hist/EC-Earth3-ESM-1-1/ec-earth3-esm-1-1_r1i1p1f1_era5_esm-hist_rlds_global_30arcmin_daily_1941_1950.nc	2350589225	b465ea5e7a81944153eef968ae525568	3	2026-09-21	InputData/climate/atmosphere/bias-adjusted/global/daily/esm-hist/EC-Earth3-ESM-1-1/ec-earth3-esm-1-1_r1i1p1f1_era5_esm-hist_rlds_global_30arcmin_daily_1941_1950.nc
InputData/climate/atmosphere/bias-adjusted/global/daily/esm-hist/EC-Earth3-ESM-1-1/ec-earth3-esm-1-1_r1i1p1f1_era5_esm-hist_rlds_global_30arcmin_daily_1951_1960.nc	2350005739	50158fb9026314c678be6da2a95cdfc1	3	2026-09-21	InputData/climate/atmosphere/bias-adjusted/global/daily/esm-hist/EC-Earth3-ESM-1-1/ec-earth3-esm-1-1_r1i1p1f1_era5_esm-hist_rlds_global_30arcmin_daily_1951_1960.nc
InputData/climate/atmosphere/bias-adjusted/global/daily/esm-hist/EC-Earth3-ESM-1-1/ec-earth3-esm-1-1_r1i1p1f1_era5_esm-hist_rlds_global_30arcmin_daily_1961_1970.nc	2348132906	d53c61f2ad5da26f059045b68c6cc0ec	3	2026-09-21	InputData/climate/atmosphere/bias-adjusted/global/daily/esm-hist/EC-Earth3-ESM-1-1/ec-earth3-esm-1-1_r1i1p1f1_era5_esm-hist_rlds_global_30arcmin_daily_1961_1970.nc
InputData/climate/atmosphere/bias-adjusted/global/daily/esm-hist/EC-Earth3-ESM-1-1/ec-earth3-esm-1-1_r1i1p1f1_era5_esm-hist_rlds_global_30arcmin_daily_1971_1980.nc	2345175177	8cc3992f3d0a3c4de92e76527d6cc279	3	2026-09-21	InputData/climate/atmosphere/bias-adjusted/global/daily/esm-hist/EC-Earth3-ESM-1-1/ec-earth3-esm-1-1_r1i1p1f1_era5_esm-hist_rlds_global_30arcmin_daily_1971_1980.nc
InputData/climate/atmosphere/bias-adjusted/global/daily/esm-hist/EC-Earth3-ESM-1-1/ec-earth3-esm-1-1_r1i1p1f1_era5_esm-hist_rlds_global_30arcmin_daily_1981_1990.nc	2343157480	c3220e4ade0b60480174c910cb737024	3	2026-09-21	InputData/climate/atmosphere/bias-adjusted/global/daily/esm-hist/EC-Earth3-ESM-1-1/ec-earth3-esm-1-1_r1i1p1f1_era5_esm-hist_rlds_global_30arcmin_daily_1981_1990.nc
InputData/climate/atmosphere/bias-adjusted/global/daily/esm-hist/EC-Earth3-ESM-1-1/ec-earth3-esm-1-1_r1i1p1f1_era5_esm-hist_rlds_global_30arcmin_daily_1991_2000.nc	2343338103	a7dfd5905e7f145d0fb665e41b323fcc	3	2026-09-21	InputData/climate/atmosphere/bias-adjusted/global/daily/esm-hist/EC-Earth3-ESM-1-1/ec-earth3-esm-1-1_r1i1p1f1_era5_esm-hist_rlds_global_30arcmin_daily_1991_2000.nc
InputData/climate/atmosphere/bias-adjusted/global/daily/esm-hist/EC-Earth3-ESM-1-1/ec-earth3-esm-1-1_r1i1p1f1_era5_esm-hist_rlds_global_30arcmin_daily_2001_2010.nc	2340742481	871bd9b39b5c593f2a440a68bd371142	3	2026-09-21	InputData/climate/atmosphere/bias-adjusted/global/daily/esm-hist/EC-Earth3-ESM-1-1/ec-earth3-esm-1-1_r1i1p1f1_era5_esm-hist_rlds_global_30arcmin_daily_2001_2010.nc
InputData/climate/atmosphere/bias-adjusted/global/daily/esm-hist/EC-Earth3-ESM-1-1/ec-earth3-esm-1-1_r1i1p1f1_era5_esm-hist_rlds_global_30arcmin_daily_2011_2020.nc	2339615579	26823f5ab7a5af4063d6244750f47779	2	2026-09-21	InputData/climate/atmosphere/bias-adjusted/global/daily/esm-hist/EC-Earth3-ESM-1-1/ec-earth3-esm-1-1_r1i1p1f1_era5_esm-hist_rlds_global_30arcmin_daily_2011_2020.nc
InputData/climate/atmosphere/bias-adjusted/global/daily/esm-hist/EC-Earth3-ESM-1-1/ec-earth3-esm-1-1_r1i1p1f1_era5_esm-hist_rlds_global_30arcmin_daily_2021_2021.nc	237746487	e8468e84ecde6e089e9a99f35aad53d0	3	2026-09-21	InputData/climate/atmosphere/bias-adjusted/global/daily/esm-hist/EC-Earth3-ESM-1-1/ec-earth3-esm-1-1_r1i1p1f1_era5_esm-hist_rlds_global_30arcmin_daily_2021_2021.nc
InputData/climate/atmosphere/bias-adjusted/global/daily/esm-hist/EC-Earth3-ESM-1-1/ec-earth3-esm-1-1_r1i1p1f1_era5_esm-hist_rsds_global_30arcmin_daily_1850_1850.nc	247878979	37d015a672b4848ba09b9e2e88eef808	3	2026-09-21	InputData/climate/atmosphere/bias-adjusted/global/daily/esm-hist/EC-Earth3-ESM-1-1/ec-earth3-esm-1-1_r1i1p1f1_era5_esm-hist_rsds_global_30arcmin_daily_1850_1850.nc
InputData/climate/atmosphere/bias-adjusted/global/daily/esm-hist/EC-Earth3-ESM-1-1/ec-earth3-esm-1-1_r1i1p1f1_era5_esm-hist_rsds_global_30arcmin_daily_1851_1860.nc	2440599024	d4831c82d158f57772f8ac28df681f9f	3	2026-09-21	InputData/climate/atmosphere/bias-adjusted/global/daily/esm-hist/EC-Earth3-ESM-1-1/ec-earth3-esm-1-1_r1i1p1f1_era5_esm-hist_rsds_global_30arcmin_daily_1851_1860.nc
InputData/climate/atmosphere/bias-adjusted/global/daily/esm-hist/EC-Earth3-ESM-1-1/ec-earth3-esm-1-1_r1i1p1f1_era5_esm-hist_rsds_global_30arcmin_daily_1861_1870.nc	2439990057	b9f1f1d0047bc4d62dddde08d33ff106	3	2026-09-21	InputData/climate/atmosphere/bias-adjusted/global/daily/esm-hist/EC-Earth3-ESM-1-1/ec-earth3-esm-1-1_r1i1p1f1_era5_esm-hist_rsds_global_30arcmin_daily_1861_1870.nc
InputData/climate/atmosphere/bias-adjusted/global/daily/esm-hist/EC-Earth3-ESM-1-1/ec-earth3-esm-1-1_r1i1p1f1_era5_esm-hist_rsds_global_30arcmin_daily_1871_1880.nc	2441120827	cfbc78e6d77450b82b2d96b0e423ff9a	3	2026-09-21	InputData/climate/atmosphere/bias-adjusted/global/daily/esm-hist/EC-Earth3-ESM-1-1/ec-earth3-esm-1-1_r1i1p1f1_era5_esm-hist_rsds_global_30arcmin_daily_1871_1880.nc
InputData/climate/atmosphere/bias-adjusted/global/daily/esm-hist/EC-Earth3-ESM-1-1/ec-earth3-esm-1-1_r1i1p1f1_era5_esm-hist_rsds_global_30arcmin_daily_1881_1890.nc	2439972511	0d2d5c2d13230c664dfc8de5113c6d02	3	2026-09-21	InputData/climate/atmosphere/bias-adjusted/global/daily/esm-hist/EC-Earth3-ESM-1-1/ec-earth3-esm-1-1_r1i1p1f1_era5_esm-hist_rsds_global_30arcmin_daily_1881_1890.nc
InputData/climate/atmosphere/bias-adjusted/global/daily/esm-hist/EC-Earth3-ESM-1-1/ec-earth3-esm-1-1_r1i1p1f1_era5_esm-hist_rsds_global_30arcmin_daily_1891_1900.nc	2439850673	14e7c4bb08430d51b60b3a6395a16373	3	2026-09-21	InputData/climate/atmosphere/bias-adjusted/global/daily/esm-hist/EC-Earth3-ESM-1-1/ec-earth3-esm-1-1_r1i1p1f1_era5_esm-hist_rsds_global_30arcmin_daily_1891_1900.nc
InputData/climate/atmosphere/bias-adjusted/global/daily/esm-hist/EC-Earth3-ESM-1-1/ec-earth3-esm-1-1_r1i1p1f1_era5_esm-hist_rsds_global_30arcmin_daily_1901_1910.nc	2439699500	960a7887d8876821409f196aa66522e4	3	2026-09-21	InputData/climate/atmosphere/bias-adjusted/global/daily/esm-hist/EC-Earth3-ESM-1-1/ec-earth3-esm-1-1_r1i1p1f1_era5_esm-hist_rsds_global_30arcmin_daily_1901_1910.nc
InputData/climate/atmosphere/bias-adjusted/global/daily/esm-hist/EC-Earth3-ESM-1-1/ec-earth3-esm-1-1_r1i1p1f1_era5_esm-hist_rsds_global_30arcmin_daily_1911_1920.nc	2441665023	b395f869b3c9b106b2ef5ade6f30eef3	3	2026-09-21	InputData/climate/atmosphere/bias-adjusted/global/daily/esm-hist/EC-Earth3-ESM-1-1/ec-earth3-esm-1-1_r1i1p1f1_era5_esm-hist_rsds_global_30arcmin_daily_1911_1920.nc
InputData/climate/atmosphere/bias-adjusted/global/daily/esm-hist/EC-Earth3-ESM-1-1/ec-earth3-esm-1-1_r1i1p1f1_era5_esm-hist_rsds_global_30arcmin_daily_1921_1930.nc	2439546446	5d27f4ce1b18af90e7b51c835103344a	3	2026-09-21	InputData/climate/atmosphere/bias-adjusted/global/daily/esm-hist/EC-Earth3-ESM-1-1/ec-earth3-esm-1-1_r1i1p1f1_era5_esm-hist_rsds_global_30arcmin_daily_1921_1930.nc
InputData/climate/atmosphere/bias-adjusted/global/daily/esm-hist/EC-Earth3-ESM-1-1/ec-earth3-esm-1-1_r1i1p1f1_era5_esm-hist_rsds_global_30arcmin_daily_1931_1940.nc	2442068832	b5369771fbb45f29a4d434c80046c119	3	2026-09-21	InputData/climate/atmosphere/bias-adjusted/global/daily/esm-hist/EC-Earth3-ESM-1-1/ec-earth3-esm-1-1_r1i1p1f1_era5_esm-hist_rsds_global_30arcmin_daily_1931_1940.nc
InputData/climate/atmosphere/bias-adjusted/global/daily/esm-hist/EC-Earth3-ESM-1-1/ec-earth3-esm-1-1_r1i1p1f1_era5_esm-hist_rsds_global_30arcmin_daily_1941_1950.nc	2441559773	23059a8b845566c663e307c2a603d141	3	2026-09-21	InputData/climate/atmosphere/bias-adjusted/global/daily/esm-hist/EC-Earth3-ESM-1-1/ec-earth3-esm-1-1_r1i1p1f1_era5_esm-hist_rsds_global_30arcmin_daily_1941_1950.nc
InputData/climate/atmosphere/bias-adjusted/global/daily/esm-hist/EC-Earth3-ESM-1-1/ec-earth3-esm-1-1_r1i1p1f1_era5_esm-hist_rsds_global_30arcmin_daily_1951_1960.nc	2443678159	4064389d790d3720e2df10c6972a8128	3	2026-09-21	InputData/climate/atmosphere/bias-adjusted/global/daily/esm-hist/EC-Earth3-ESM-1-1/ec-earth3-esm-1-1_r1i1p1f1_era5_esm-hist_rsds_global_30arcmin_daily_1951_1960.nc
InputData/climate/atmosphere/bias-adjusted/global/daily/esm-hist/EC-Earth3-ESM-1-1/ec-earth3-esm-1-1_r1i1p1f1_era5_esm-hist_rsds_global_30arcmin_daily_1961_1970.nc	2442530259	f16b56350bb8e38f302011006b8c4a35	3	2026-09-21	InputData/climate/atmosphere/bias-adjusted/global/daily/esm-hist/EC-Earth3-ESM-1-1/ec-earth3-esm-1-1_r1i1p1f1_era5_esm-hist_rsds_global_30arcmin_daily_1961_1970.nc
InputData/climate/atmosphere/bias-adjusted/global/daily/esm-hist/EC-Earth3-ESM-1-1/ec-earth3-esm-1-1_r1i1p1f1_era5_esm-hist_rsds_global_30arcmin_daily_1971_1980.nc	2444759090	4190cdb00d9ec79ee1d60102f7767dc9	3	2026-09-21	InputData/climate/atmosphere/bias-adjusted/global/daily/esm-hist/EC-Earth3-ESM-1-1/ec-earth3-esm-1-1_r1i1p1f1_era5_esm-hist_rsds_global_30arcmin_daily_1971_1980.nc
InputData/climate/atmosphere/bias-adjusted/global/daily/esm-hist/EC-Earth3-ESM-1-1/ec-earth3-esm-1-1_r1i1p1f1_era5_esm-hist_rsds_global_30arcmin_daily_1981_1990.nc	2444571353	defa2e88954ee9d3bda5b03bc7499d7a	3	2026-09-21	InputData/climate/atmosphere/bias-adjusted/global/daily/esm-hist/EC-Earth3-ESM-1-1/ec-earth3-esm-1-1_r1i1p1f1_era5_esm-hist_rsds_global_30arcmin_daily_1981_1990.nc
InputData/climate/atmosphere/bias-adjusted/global/daily/esm-hist/EC-Earth3-ESM-1-1/ec-earth3-esm-1-1_r1i1p1f1_era5_esm-hist_rsds_global_30arcmin_daily_1991_2000.nc	2444385854	31a098653b7e06440517dd879fe91653	3	2026-09-21	InputData/climate/atmosphere/bias-adjusted/global/daily/esm-hist/EC-Earth3-ESM-1-1/ec-earth3-esm-1-1_r1i1p1f1_era5_esm-hist_rsds_global_30arcmin_daily_1991_2000.nc
InputData/climate/atmosphere/bias-adjusted/global/daily/esm-hist/EC-Earth3-ESM-1-1/ec-earth3-esm-1-1_r1i1p1f1_era5_esm-hist_rsds_global_30arcmin_daily_2001_2010.nc	2443881243	a230ecf7171b025773efa1a030fab918	3	2026-09-21	InputData/climate/atmosphere/bias-adjusted/global/daily/esm-hist/EC-Earth3-ESM-1-1/ec-earth3-esm-1-1_r1i1p1f1_era5_esm-hist_rsds_global_30arcmin_daily_2001_2010.nc
InputData/climate/atmosphere/bias-adjusted/global/daily/esm-hist/EC-Earth3-ESM-1-1/ec-earth3-esm-1-1_r1i1p1f1_era5_esm-hist_rsds_global_30arcmin_daily_2011_2020.nc	2445612069	44a25421c35b864689f3b42d967a6fa0	2	2026-09-21	InputData/climate/atmosphere/bias-adjusted/global/daily/esm-hist/EC-Earth3-ESM-1-1/ec-earth3-esm-1-1_r1i1p1f1_era5_esm-hist_rsds_global_30arcmin_daily_2011_2020.nc
InputData/climate/atmosphere/bias-adjusted/global/daily/esm-hist/EC-Earth3-ESM-1-1/ec-earth3-esm-1-1_r1i1p1f1_era5_esm-hist_rsds_global_30arcmin_daily_2021_2021.nc	248124039	fc49be288e332e6d31adafd8bab24794	3	2026-09-21	InputData/climate/atmosphere/bias-adjusted/global/daily/esm-hist/EC-Earth3-ESM-1-1/ec-earth3-esm-1-1_r1i1p1f1_era5_esm-hist_rsds_global_30arcmin_daily_2021_2021.nc
InputData/climate/atmosphere/bias-adjusted/global/daily/esm-hist/EC-Earth3-ESM-1-1/ec-earth3-esm-1-1_r1i1p1f1_era5_esm-hist_sfcwind_global_30arcmin_daily_1850_1850.nc	279680305	98446aef97ed29769f6d2f82d0b7ab59	3	2026-09-21	InputData/climate/atmosphere/bias-adjusted/global/daily/esm-hist/EC-Earth3-ESM-1-1/ec-earth3-esm-1-1_r1i1p1f1_era5_esm-hist_sfcwind_global_30arcmin_daily_1850_1850.nc
InputData/climate/atmosphere/bias-adjusted/global/daily/esm-hist/EC-Earth3-ESM-1-1/ec-earth3-esm-1-1_r1i1p1f1_era5_esm-hist_sfcwind_global_30arcmin_daily_1851_1860.nc	2757970483	8e2c2f50f6df4676375084a095c496e0	3	2026-09-21	InputData/climate/atmosphere/bias-adjusted/global/daily/esm-hist/EC-Earth3-ESM-1-1/ec-earth3-esm-1-1_r1i1p1f1_era5_esm-hist_sfcwind_global_30arcmin_daily_1851_1860.nc
InputData/climate/atmosphere/bias-adjusted/global/daily/esm-hist/EC-Earth3-ESM-1-1/ec-earth3-esm-1-1_r1i1p1f1_era5_esm-hist_sfcwind_global_30arcmin_daily_1861_1870.nc	2758004350	04a145a6bcb56561931c0ad6d81449d1	3	2026-09-21	InputData/climate/atmosphere/bias-adjusted/global/daily/esm-hist/EC-Earth3-ESM-1-1/ec-earth3-esm-1-1_r1i1p1f1_era5_esm-hist_sfcwind_global_30arcmin_daily_1861_1870.nc
InputData/climate/atmosphere/bias-adjusted/global/daily/esm-hist/EC-Earth3-ESM-1-1/ec-earth3-esm-1-1_r1i1p1f1_era5_esm-hist_sfcwind_global_30arcmin_daily_1871_1880.nc	2758161979	642aba97835570288cbfb7b4c278f620	3	2026-09-21	InputData/climate/atmosphere/bias-adjusted/global/daily/esm-hist/EC-Earth3-ESM-1-1/ec-earth3-esm-1-1_r1i1p1f1_era5_esm-hist_sfcwind_global_30arcmin_daily_1871_1880.nc
InputData/climate/atmosphere/bias-adjusted/global/daily/esm-hist/EC-Earth3-ESM-1-1/ec-earth3-esm-1-1_r1i1p1f1_era5_esm-hist_sfcwind_global_30arcmin_daily_1881_1890.nc	2757067467	22d7168588e6f84c7850ff0f3e0165ae	3	2026-09-21	InputData/climate/atmosphere/bias-adjusted/global/daily/esm-hist/EC-Earth3-ESM-1-1/ec-earth3-esm-1-1_r1i1p1f1_era5_esm-hist_sfcwind_global_30arcmin_daily_1881_1890.nc
InputData/climate/atmosphere/bias-adjusted/global/daily/esm-hist/EC-Earth3-ESM-1-1/ec-earth3-esm-1-1_r1i1p1f1_era5_esm-hist_sfcwind_global_30arcmin_daily_1891_1900.nc	2757251063	a0b06b75b20d823fc1a3103227a1738d	3	2026-09-21	InputData/climate/atmosphere/bias-adjusted/global/daily/esm-hist/EC-Earth3-ESM-1-1/ec-earth3-esm-1-1_r1i1p1f1_era5_esm-hist_sfcwind_global_30arcmin_daily_1891_1900.nc
InputData/climate/atmosphere/bias-adjusted/global/daily/esm-hist/EC-Earth3-ESM-1-1/ec-earth3-esm-1-1_r1i1p1f1_era5_esm-hist_sfcwind_global_30arcmin_daily_1901_1910.nc	2757322030	613beb51d70520bef50af4574f3b76a7	3	2026-09-21	InputData/climate/atmosphere/bias-adjusted/global/daily/esm-hist/EC-Earth3-ESM-1-1/ec-earth3-esm-1-1_r1i1p1f1_era5_esm-hist_sfcwind_global_30arcmin_daily_1901_1910.nc
InputData/climate/atmosphere/bias-adjusted/global/daily/esm-hist/EC-Earth3-ESM-1-1/ec-earth3-esm-1-1_r1i1p1f1_era5_esm-hist_sfcwind_global_30arcmin_daily_1911_1920.nc	2758713847	9314105228538e2134c57859985e68ed	3	2026-09-21	InputData/climate/atmosphere/bias-adjusted/global/daily/esm-hist/EC-Earth3-ESM-1-1/ec-earth3-esm-1-1_r1i1p1f1_era5_esm-hist_sfcwind_global_30arcmin_daily_1911_1920.nc
InputData/climate/atmosphere/bias-adjusted/global/daily/esm-hist/EC-Earth3-ESM-1-1/ec-earth3-esm-1-1_r1i1p1f1_era5_esm-hist_sfcwind_global_30arcmin_daily_1921_1930.nc	2757690436	437275944c58a69b40de9825a33a2110	3	2026-09-21	InputData/climate/atmosphere/bias-adjusted/global/daily/esm-hist/EC-Earth3-ESM-1-1/ec-earth3-esm-1-1_r1i1p1f1_era5_esm-hist_sfcwind_global_30arcmin_daily_1921_1930.nc
InputData/climate/atmosphere/bias-adjusted/global/daily/esm-hist/EC-Earth3-ESM-1-1/ec-earth3-esm-1-1_r1i1p1f1_era5_esm-hist_sfcwind_global_30arcmin_daily_1931_1940.nc	2758089874	6925189ae9225d31b054f70cbe142b43	3	2026-09-21	InputData/climate/atmosphere/bias-adjusted/global/daily/esm-hist/EC-Earth3-ESM-1-1/ec-earth3-esm-1-1_r1i1p1f1_era5_esm-hist_sfcwind_global_30arcmin_daily_1931_1940.nc
InputData/climate/atmosphere/bias-adjusted/global/daily/esm-hist/EC-Earth3-ESM-1-1/ec-earth3-esm-1-1_r1i1p1f1_era5_esm-hist_sfcwind_global_30arcmin_daily_1941_1950.nc	2757045402	54b4cf317f63a42b7c530b02a71266f4	3	2026-09-21	InputData/climate/atmosphere/bias-adjusted/global/daily/esm-hist/EC-Earth3-ESM-1-1/ec-earth3-esm-1-1_r1i1p1f1_era5_esm-hist_sfcwind_global_30arcmin_daily_1941_1950.nc
InputData/climate/atmosphere/bias-adjusted/global/daily/esm-hist/EC-Earth3-ESM-1-1/ec-earth3-esm-1-1_r1i1p1f1_era5_esm-hist_sfcwind_global_30arcmin_daily_1951_1960.nc	2757786358	5c6810662680657967de90048819be72	3	2026-09-21	InputData/climate/atmosphere/bias-adjusted/global/daily/esm-hist/EC-Earth3-ESM-1-1/ec-earth3-esm-1-1_r1i1p1f1_era5_esm-hist_sfcwind_global_30arcmin_daily_1951_1960.nc
InputData/climate/atmosphere/bias-adjusted/global/daily/esm-hist/EC-Earth3-ESM-1-1/ec-earth3-esm-1-1_r1i1p1f1_era5_esm-hist_sfcwind_global_30arcmin_daily_1961_1970.nc	2756050612	105286029a16cb3edf7b9f298721a6c6	3	2026-09-21	InputData/climate/atmosphere/bias-adjusted/global/daily/esm-hist/EC-Earth3-ESM-1-1/ec-earth3-esm-1-1_r1i1p1f1_era5_esm-hist_sfcwind_global_30arcmin_daily_1961_1970.nc
InputData/climate/atmosphere/bias-adjusted/global/daily/esm-hist/EC-Earth3-ESM-1-1/ec-earth3-esm-1-1_r1i1p1f1_era5_esm-hist_sfcwind_global_30arcmin_daily_1971_1980.nc	2756855020	243cb01700de623929a514b4f401ae8d	3	2026-09-21	InputData/climate/atmosphere/bias-adjusted/global/daily/esm-hist/EC-Earth3-ESM-1-1/ec-earth3-esm-1-1_r1i1p1f1_era5_esm-hist_sfcwind_global_30arcmin_daily_1971_1980.nc
InputData/climate/atmosphere/bias-adjusted/global/daily/esm-hist/EC-Earth3-ESM-1-1/ec-earth3-esm-1-1_r1i1p1f1_era5_esm-hist_sfcwind_global_30arcmin_daily_1981_1990.nc	2755451020	8e606d2d1e86cb4c25d1cfcc8d94031f	3	2026-09-21	InputData/climate/atmosphere/bias-adjusted/global/daily/esm-hist/EC-Earth3-ESM-1-1/ec-earth3-esm-1-1_r1i1p1f1_era5_esm-hist_sfcwind_global_30arcmin_daily_1981_1990.nc
InputData/climate/atmosphere/bias-adjusted/global/daily/esm-hist/EC-Earth3-ESM-1-1/ec-earth3-esm-1-1_r1i1p1f1_era5_esm-hist_sfcwind_global_30arcmin_daily_1991_2000.nc	2755921252	a7d152842d4469fb4241830bc1ed017c	3	2026-09-21	InputData/climate/atmosphere/bias-adjusted/global/daily/esm-hist/EC-Earth3-ESM-1-1/ec-earth3-esm-1-1_r1i1p1f1_era5_esm-hist_sfcwind_global_30arcmin_daily_1991_2000.nc
InputData/climate/atmosphere/bias-adjusted/global/daily/esm-hist/EC-Earth3-ESM-1-1/ec-earth3-esm-1-1_r1i1p1f1_era5_esm-hist_sfcwind_global_30arcmin_daily_2001_2010.nc	2754484440	0da66748ca70ad66e565f2c6d463bf72	3	2026-09-21	InputData/climate/atmosphere/bias-adjusted/global/daily/esm-hist/EC-Earth3-ESM-1-1/ec-earth3-esm-1-1_r1i1p1f1_era5_esm-hist_sfcwind_global_30arcmin_daily_2001_2010.nc
InputData/climate/atmosphere/bias-adjusted/global/daily/esm-hist/EC-Earth3-ESM-1-1/ec-earth3-esm-1-1_r1i1p1f1_era5_esm-hist_sfcwind_global_30arcmin_daily_2011_2020.nc	2755423345	a311f756af3b7e086c8cc649e671a428	2	2026-09-21	InputData/climate/atmosphere/bias-adjusted/global/daily/esm-hist/EC-Earth3-ESM-1-1/ec-earth3-esm-1-1_r1i1p1f1_era5_esm-hist_sfcwind_global_30arcmin_daily_2011_2020.nc
InputData/climate/atmosphere/bias-adjusted/global/daily/esm-hist/EC-Earth3-ESM-1-1/ec-earth3-esm-1-1_r1i1p1f1_era5_esm-hist_sfcwind_global_30arcmin_daily_2021_2021.nc	279172368	d36c6a079dda6d8b6c7f8147e9e2699b	3	2026-09-21	InputData/climate/atmosphere/bias-adjusted/global/daily/esm-hist/EC-Earth3-ESM-1-1/ec-earth3-esm-1-1_r1i1p1f1_era5_esm-hist_sfcwind_global_30arcmin_daily_2021_2021.nc
InputData/climate/atmosphere/bias-adjusted/global/daily/esm-hist/EC-Earth3-ESM-1-1/ec-earth3-esm-1-1_r1i1p1f1_era5_esm-hist_tas_global_30arcmin_daily_1850_1850.nc	206420771	e00d3cbe232c8ce0f38a6b7a2afc0fe4	3	2026-09-21	InputData/climate/atmosphere/bias-adjusted/global/daily/esm-hist/EC-Earth3-ESM-1-1/ec-earth3-esm-1-1_r1i1p1f1_era5_esm-hist_tas_global_30arcmin_daily_1850_1850.nc
InputData/climate/atmosphere/bias-adjusted/global/daily/esm-hist/EC-Earth3-ESM-1-1/ec-earth3-esm-1-1_r1i1p1f1_era5_esm-hist_tas_global_30arcmin_daily_1851_1860.nc	2028422360	23816f92d0cca06a06bc02d829c55ab1	3	2026-09-21	InputData/climate/atmosphere/bias-adjusted/global/daily/esm-hist/EC-Earth3-ESM-1-1/ec-earth3-esm-1-1_r1i1p1f1_era5_esm-hist_tas_global_30arcmin_daily_1851_1860.nc
InputData/climate/atmosphere/bias-adjusted/global/daily/esm-hist/EC-Earth3-ESM-1-1/ec-earth3-esm-1-1_r1i1p1f1_era5_esm-hist_tas_global_30arcmin_daily_1861_1870.nc	2028058381	e0ec38fbce1fdaa1ab89d7ed6f4b8f7f	3	2026-09-21	InputData/climate/atmosphere/bias-adjusted/global/daily/esm-hist/EC-Earth3-ESM-1-1/ec-earth3-esm-1-1_r1i1p1f1_era5_esm-hist_tas_global_30arcmin_daily_1861_1870.nc
InputData/climate/atmosphere/bias-adjusted/global/daily/esm-hist/EC-Earth3-ESM-1-1/ec-earth3-esm-1-1_r1i1p1f1_era5_esm-hist_tas_global_30arcmin_daily_1871_1880.nc	2028879129	051e41523387e18f5b29393161dbfc19	3	2026-09-21	InputData/climate/atmosphere/bias-adjusted/global/daily/esm-hist/EC-Earth3-ESM-1-1/ec-earth3-esm-1-1_r1i1p1f1_era5_esm-hist_tas_global_30arcmin_daily_1871_1880.nc
InputData/climate/atmosphere/bias-adjusted/global/daily/esm-hist/EC-Earth3-ESM-1-1/ec-earth3-esm-1-1_r1i1p1f1_era5_esm-hist_tas_global_30arcmin_daily_1881_1890.nc	2029602752	847af731804a0558b1e20583db60aa71	3	2026-09-21	InputData/climate/atmosphere/bias-adjusted/global/daily/esm-hist/EC-Earth3-ESM-1-1/ec-earth3-esm-1-1_r1i1p1f1_era5_esm-hist_tas_global_30arcmin_daily_1881_1890.nc
InputData/climate/atmosphere/bias-adjusted/global/daily/esm-hist/EC-Earth3-ESM-1-1/ec-earth3-esm-1-1_r1i1p1f1_era5_esm-hist_tas_global_30arcmin_daily_1891_1900.nc	2029360436	052e4c03c15ebb55c9e93fce50e7bc50	3	2026-09-21	InputData/climate/atmosphere/bias-adjusted/global/daily/esm-hist/EC-Earth3-ESM-1-1/ec-earth3-esm-1-1_r1i1p1f1_era5_esm-hist_tas_global_30arcmin_daily_1891_1900.nc
InputData/climate/atmosphere/bias-adjusted/global/daily/esm-hist/EC-Earth3-ESM-1-1/ec-earth3-esm-1-1_r1i1p1f1_era5_esm-hist_tas_global_30arcmin_daily_1901_1910.nc	2029259945	0e21ee16b7340b5ab3d0e90cb1f21615	3	2026-09-21	InputData/climate/atmosphere/bias-adjusted/global/daily/esm-hist/EC-Earth3-ESM-1-1/ec-earth3-esm-1-1_r1i1p1f1_era5_esm-hist_tas_global_30arcmin_daily_1901_1910.nc
InputData/climate/atmosphere/bias-adjusted/global/daily/esm-hist/EC-Earth3-ESM-1-1/ec-earth3-esm-1-1_r1i1p1f1_era5_esm-hist_tas_global_30arcmin_daily_1911_1920.nc	2029192999	53b39585c396f4b0f8a2a8d2312d3a27	3	2026-09-21	InputData/climate/atmosphere/bias-adjusted/global/daily/esm-hist/EC-Earth3-ESM-1-1/ec-earth3-esm-1-1_r1i1p1f1_era5_esm-hist_tas_global_30arcmin_daily_1911_1920.nc
InputData/climate/atmosphere/bias-adjusted/global/daily/esm-hist/EC-Earth3-ESM-1-1/ec-earth3-esm-1-1_r1i1p1f1_era5_esm-hist_tas_global_30arcmin_daily_1921_1930.nc	2027758461	83932f5d8813c8aa8617a0312360517a	3	2026-09-21	InputData/climate/atmosphere/bias-adjusted/global/daily/esm-hist/EC-Earth3-ESM-1-1/ec-earth3-esm-1-1_r1i1p1f1_era5_esm-hist_tas_global_30arcmin_daily_1921_1930.nc
InputData/climate/atmosphere/bias-adjusted/global/daily/esm-hist/EC-Earth3-ESM-1-1/ec-earth3-esm-1-1_r1i1p1f1_era5_esm-hist_tas_global_30arcmin_daily_1931_1940.nc	2028587020	93f752f94b35416115e292131ce09a92	3	2026-09-21	InputData/climate/atmosphere/bias-adjusted/global/daily/esm-hist/EC-Earth3-ESM-1-1/ec-earth3-esm-1-1_r1i1p1f1_era5_esm-hist_tas_global_30arcmin_daily_1931_1940.nc
InputData/climate/atmosphere/bias-adjusted/global/daily/esm-hist/EC-Earth3-ESM-1-1/ec-earth3-esm-1-1_r1i1p1f1_era5_esm-hist_tas_global_30arcmin_daily_1941_1950.nc	2027100906	5f3176b75c54779bc067e438f0bbf54b	3	2026-09-21	InputData/climate/atmosphere/bias-adjusted/global/daily/esm-hist/EC-Earth3-ESM-1-1/ec-earth3-esm-1-1_r1i1p1f1_era5_esm-hist_tas_global_30arcmin_daily_1941_1950.nc
InputData/climate/atmosphere/bias-adjusted/global/daily/esm-hist/EC-Earth3-ESM-1-1/ec-earth3-esm-1-1_r1i1p1f1_era5_esm-hist_tas_global_30arcmin_daily_1951_1960.nc	2027458942	c039890f3e92799c120c14ad37f5d5fd	3	2026-09-21	InputData/climate/atmosphere/bias-adjusted/global/daily/esm-hist/EC-Earth3-ESM-1-1/ec-earth3-esm-1-1_r1i1p1f1_era5_esm-hist_tas_global_30arcmin_daily_1951_1960.nc
InputData/climate/atmosphere/bias-adjusted/global/daily/esm-hist/EC-Earth3-ESM-1-1/ec-earth3-esm-1-1_r1i1p1f1_era5_esm-hist_tas_global_30arcmin_daily_1961_1970.nc	2025977224	c8d34676e88698112d2ad34e411ec2db	3	2026-09-21	InputData/climate/atmosphere/bias-adjusted/global/daily/esm-hist/EC-Earth3-ESM-1-1/ec-earth3-esm-1-1_r1i1p1f1_era5_esm-hist_tas_global_30arcmin_daily_1961_1970.nc
InputData/climate/atmosphere/bias-adjusted/global/daily/esm-hist/EC-Earth3-ESM-1-1/ec-earth3-esm-1-1_r1i1p1f1_era5_esm-hist_tas_global_30arcmin_daily_1971_1980.nc	2025536200	c224ba3f5d6f38c52e47d37df575b946	3	2026-09-21	InputData/climate/atmosphere/bias-adjusted/global/daily/esm-hist/EC-Earth3-ESM-1-1/ec-earth3-esm-1-1_r1i1p1f1_era5_esm-hist_tas_global_30arcmin_daily_1971_1980.nc
InputData/climate/atmosphere/bias-adjusted/global/daily/esm-hist/EC-Earth3-ESM-1-1/ec-earth3-esm-1-1_r1i1p1f1_era5_esm-hist_tas_global_30arcmin_daily_1981_1990.nc	2024017285	d2f51cc8c37c70f67992cc9323d71d70	3	2026-09-21	InputData/climate/atmosphere/bias-adjusted/global/daily/esm-hist/EC-Earth3-ESM-1-1/ec-earth3-esm-1-1_r1i1p1f1_era5_esm-hist_tas_global_30arcmin_daily_1981_1990.nc
InputData/climate/atmosphere/bias-adjusted/global/daily/esm-hist/EC-Earth3-ESM-1-1/ec-earth3-esm-1-1_r1i1p1f1_era5_esm-hist_tas_global_30arcmin_daily_1991_2000.nc	2024439500	882e9ca023f093ce34dea2fba31c5282	3	2026-09-21	InputData/climate/atmosphere/bias-adjusted/global/daily/esm-hist/EC-Earth3-ESM-1-1/ec-earth3-esm-1-1_r1i1p1f1_era5_esm-hist_tas_global_30arcmin_daily_1991_2000.nc
InputData/climate/atmosphere/bias-adjusted/global/daily/esm-hist/EC-Earth3-ESM-1-1/ec-earth3-esm-1-1_r1i1p1f1_era5_esm-hist_tas_global_30arcmin_daily_2001_2010.nc	2023075390	31e9ae14ac77b3899bd0d8c034364595	3	2026-09-21	InputData/climate/atmosphere/bias-adjusted/global/daily/esm-hist/EC-Earth3-ESM-1-1/ec-earth3-esm-1-1_r1i1p1f1_era5_esm-hist_tas_global_30arcmin_daily_2001_2010.nc
InputData/climate/atmosphere/bias-adjusted/global/daily/esm-hist/EC-Earth3-ESM-1-1/ec-earth3-esm-1-1_r1i1p1f1_era5_esm-hist_tas_global_30arcmin_daily_2011_2020.nc	2023149039	f7bc97aaefc656bc09b51932fdd42886	2	2026-09-21	InputData/climate/atmosphere/bias-adjusted/global/daily/esm-hist/EC-Earth3-ESM-1-1/ec-earth3-esm-1-1_r1i1p1f1_era5_esm-hist_tas_global_30arcmin_daily_2011_2020.nc
InputData/climate/atmosphere/bias-adjusted/global/daily/esm-hist/EC-Earth3-ESM-1-1/ec-earth3-esm-1-1_r1i1p1f1_era5_esm-hist_tas_global_30arcmin_daily_2021_2021.nc	206030587	d71aee95598e8e56da83b6e3addeb3ad	3	2026-09-21	InputData/climate/atmosphere/bias-adjusted/global/daily/esm-hist/EC-Earth3-ESM-1-1/ec-earth3-esm-1-1_r1i1p1f1_era5_esm-hist_tas_global_30arcmin_daily_2021_2021.nc
InputData/climate/atmosphere/bias-adjusted/global/daily/esm-picontrol/EC-Earth3-ESM-1-1/ec-earth3-esm-1-1_r1i1p1f1_era5_esm-picontrol_huss_global_30arcmin_daily_1601_1610.nc	2613270711	da4a27c901543908887c676654067273	4	2026-09-21	InputData/climate/atmosphere/bias-adjusted/global/daily/esm-picontrol/EC-Earth3-ESM-1-1/ec-earth3-esm-1-1_r1i1p1f1_era5_esm-picontrol_huss_global_30arcmin_daily_1601_1610.nc
InputData/climate/atmosphere/bias-adjusted/global/daily/esm-picontrol/EC-Earth3-ESM-1-1/ec-earth3-esm-1-1_r1i1p1f1_era5_esm-picontrol_huss_global_30arcmin_daily_1611_1620.nc	2612459507	19b085d7e3cef40f5e2e6224949994e6	4	2026-09-21	InputData/climate/atmosphere/bias-adjusted/global/daily/esm-picontrol/EC-Earth3-ESM-1-1/ec-earth3-esm-1-1_r1i1p1f1_era5_esm-picontrol_huss_global_30arcmin_daily_1611_1620.nc
InputData/climate/atmosphere/bias-adjusted/global/daily/esm-picontrol/EC-Earth3-ESM-1-1/ec-earth3-esm-1-1_r1i1p1f1_era5_esm-picontrol_huss_global_30arcmin_daily_1621_1630.nc	2612040893	7d1f6af2b457ff5716727cfeec085ceb	4	2026-09-21	InputData/climate/atmosphere/bias-adjusted/global/daily/esm-picontrol/EC-Earth3-ESM-1-1/ec-earth3-esm-1-1_r1i1p1f1_era5_esm-picontrol_huss_global_30arcmin_daily_1621_1630.nc
InputData/climate/atmosphere/bias-adjusted/global/daily/esm-picontrol/EC-Earth3-ESM-1-1/ec-earth3-esm-1-1_r1i1p1f1_era5_esm-picontrol_huss_global_30arcmin_daily_1631_1640.nc	2612408658	3468dc56f76d044fd2f1e2d69f4dea32	4	2026-09-21	InputData/climate/atmosphere/bias-adjusted/global/daily/esm-picontrol/EC-Earth3-ESM-1-1/ec-earth3-esm-1-1_r1i1p1f1_era5_esm-picontrol_huss_global_30arcmin_daily_1631_1640.nc
InputData/climate/atmosphere/bias-adjusted/global/daily/esm-picontrol/EC-Earth3-ESM-1-1/ec-earth3-esm-1-1_r1i1p1f1_era5_esm-picontrol_huss_global_30arcmin_daily_1641_1650.nc	2611957239	6b5348911af9dcce07ab267d6a67cfd4	4	2026-09-21	InputData/climate/atmosphere/bias-adjusted/global/daily/esm-picontrol/EC-Earth3-ESM-1-1/ec-earth3-esm-1-1_r1i1p1f1_era5_esm-picontrol_huss_global_30arcmin_daily_1641_1650.nc
InputData/climate/atmosphere/bias-adjusted/global/daily/esm-picontrol/EC-Earth3-ESM-1-1/ec-earth3-esm-1-1_r1i1p1f1_era5_esm-picontrol_huss_global_30arcmin_daily_1651_1660.nc	2610868652	06106cc6d3d5b5a49796ade34a2ff2ee	4	2026-09-21	InputData/climate/atmosphere/bias-adjusted/global/daily/esm-picontrol/EC-Earth3-ESM-1-1/ec-earth3-esm-1-1_r1i1p1f1_era5_esm-picontrol_huss_global_30arcmin_daily_1651_1660.nc
InputData/climate/atmosphere/bias-adjusted/global/daily/esm-picontrol/EC-Earth3-ESM-1-1/ec-earth3-esm-1-1_r1i1p1f1_era5_esm-picontrol_huss_global_30arcmin_daily_1661_1670.nc	2610869642	f300353b7ac35322009c1114e664b313	4	2026-09-21	InputData/climate/atmosphere/bias-adjusted/global/daily/esm-picontrol/EC-Earth3-ESM-1-1/ec-earth3-esm-1-1_r1i1p1f1_era5_esm-picontrol_huss_global_30arcmin_daily_1661_1670.nc
InputData/climate/atmosphere/bias-adjusted/global/daily/esm-picontrol/EC-Earth3-ESM-1-1/ec-earth3-esm-1-1_r1i1p1f1_era5_esm-picontrol_huss_global_30arcmin_daily_1671_1680.nc	2612656528	c75af15f845735edca9c79de64d986bb	4	2026-09-21	InputData/climate/atmosphere/bias-adjusted/global/daily/esm-picontrol/EC-Earth3-ESM-1-1/ec-earth3-esm-1-1_r1i1p1f1_era5_esm-picontrol_huss_global_30arcmin_daily_1671_1680.nc
InputData/climate/atmosphere/bias-adjusted/global/daily/esm-picontrol/EC-Earth3-ESM-1-1/ec-earth3-esm-1-1_r1i1p1f1_era5_esm-picontrol_huss_global_30arcmin_daily_1681_1690.nc	2611888434	532530976ca8a25088d52c3cce31d58d	4	2026-09-21	InputData/climate/atmosphere/bias-adjusted/global/daily/esm-picontrol/EC-Earth3-ESM-1-1/ec-earth3-esm-1-1_r1i1p1f1_era5_esm-picontrol_huss_global_30arcmin_daily_1681_1690.nc
InputData/climate/atmosphere/bias-adjusted/global/daily/esm-picontrol/EC-Earth3-ESM-1-1/ec-earth3-esm-1-1_r1i1p1f1_era5_esm-picontrol_huss_global_30arcmin_daily_1691_1700.nc	2612153826	fd4d4a459d5745d8d8db3e76f4c6209e	4	2026-09-21	InputData/climate/atmosphere/bias-adjusted/global/daily/esm-picontrol/EC-Earth3-ESM-1-1/ec-earth3-esm-1-1_r1i1p1f1_era5_esm-picontrol_huss_global_30arcmin_daily_1691_1700.nc
InputData/climate/atmosphere/bias-adjusted/global/daily/esm-picontrol/EC-Earth3-ESM-1-1/ec-earth3-esm-1-1_r1i1p1f1_era5_esm-picontrol_huss_global_30arcmin_daily_1701_1710.nc	2612624808	98e2482c8a036116ef94046b7058ffea	4	2026-09-21	InputData/climate/atmosphere/bias-adjusted/global/daily/esm-picontrol/EC-Earth3-ESM-1-1/ec-earth3-esm-1-1_r1i1p1f1_era5_esm-picontrol_huss_global_30arcmin_daily_1701_1710.nc
InputData/climate/atmosphere/bias-adjusted/global/daily/esm-picontrol/EC-Earth3-ESM-1-1/ec-earth3-esm-1-1_r1i1p1f1_era5_esm-picontrol_huss_global_30arcmin_daily_1711_1720.nc	2612517588	3d3d965371a5ec717a0ef28490bc0861	4	2026-09-21	InputData/climate/atmosphere/bias-adjusted/global/daily/esm-picontrol/EC-Earth3-ESM-1-1/ec-earth3-esm-1-1_r1i1p1f1_era5_esm-picontrol_huss_global_30arcmin_daily_1711_1720.nc
InputData/climate/atmosphere/bias-adjusted/global/daily/esm-picontrol/EC-Earth3-ESM-1-1/ec-earth3-esm-1-1_r1i1p1f1_era5_esm-picontrol_huss_global_30arcmin_daily_1721_1730.nc	2611469997	35f2a6cd438a8a63ae86028fe400c34f	4	2026-09-21	InputData/climate/atmosphere/bias-adjusted/global/daily/esm-picontrol/EC-Earth3-ESM-1-1/ec-earth3-esm-1-1_r1i1p1f1_era5_esm-picontrol_huss_global_30arcmin_daily_1721_1730.nc
InputData/climate/atmosphere/bias-adjusted/global/daily/esm-picontrol/EC-Earth3-ESM-1-1/ec-earth3-esm-1-1_r1i1p1f1_era5_esm-picontrol_huss_global_30arcmin_daily_1731_1740.nc	2614649273	1a69a261d25c1205f6509cb356dbc25f	4	2026-09-21	InputData/climate/atmosphere/bias-adjusted/global/daily/esm-picontrol/EC-Earth3-ESM-1-1/ec-earth3-esm-1-1_r1i1p1f1_era5_esm-picontrol_huss_global_30arcmin_daily_1731_1740.nc
InputData/climate/atmosphere/bias-adjusted/global/daily/esm-picontrol/EC-Earth3-ESM-1-1/ec-earth3-esm-1-1_r1i1p1f1_era5_esm-picontrol_huss_global_30arcmin_daily_1741_1750.nc	2615872807	43c59ef6b2a2edc15375cb590b3abfee	4	2026-09-21	InputData/climate/atmosphere/bias-adjusted/global/daily/esm-picontrol/EC-Earth3-ESM-1-1/ec-earth3-esm-1-1_r1i1p1f1_era5_esm-picontrol_huss_global_30arcmin_daily_1741_1750.nc
InputData/climate/atmosphere/bias-adjusted/global/daily/esm-picontrol/EC-Earth3-ESM-1-1/ec-earth3-esm-1-1_r1i1p1f1_era5_esm-picontrol_huss_global_30arcmin_daily_1751_1760.nc	2615835890	5c60a588443987f55ea70b3798482d94	4	2026-09-21	InputData/climate/atmosphere/bias-adjusted/global/daily/esm-picontrol/EC-Earth3-ESM-1-1/ec-earth3-esm-1-1_r1i1p1f1_era5_esm-picontrol_huss_global_30arcmin_daily_1751_1760.nc
InputData/climate/atmosphere/bias-adjusted/global/daily/esm-picontrol/EC-Earth3-ESM-1-1/ec-earth3-esm-1-1_r1i1p1f1_era5_esm-picontrol_huss_global_30arcmin_daily_1761_1770.nc	2614160437	16bfdd32ae0b39eef0c0795216d85f60	4	2026-09-21	InputData/climate/atmosphere/bias-adjusted/global/daily/esm-picontrol/EC-Earth3-ESM-1-1/ec-earth3-esm-1-1_r1i1p1f1_era5_esm-picontrol_huss_global_30arcmin_daily_1761_1770.nc
InputData/climate/atmosphere/bias-adjusted/global/daily/esm-picontrol/EC-Earth3-ESM-1-1/ec-earth3-esm-1-1_r1i1p1f1_era5_esm-picontrol_huss_global_30arcmin_daily_1771_1780.nc	2613061457	4db71fb0ecd130abcc26d4d9ba686773	4	2026-09-21	InputData/climate/atmosphere/bias-adjusted/global/daily/esm-picontrol/EC-Earth3-ESM-1-1/ec-earth3-esm-1-1_r1i1p1f1_era5_esm-picontrol_huss_global_30arcmin_daily_1771_1780.nc
InputData/climate/atmosphere/bias-adjusted/global/daily/esm-picontrol/EC-Earth3-ESM-1-1/ec-earth3-esm-1-1_r1i1p1f1_era5_esm-picontrol_huss_global_30arcmin_daily_1781_1790.nc	2611030978	4df3c83dccf16468b4f227faeb2cc556	4	2026-09-21	InputData/climate/atmosphere/bias-adjusted/global/daily/esm-picontrol/EC-Earth3-ESM-1-1/ec-earth3-esm-1-1_r1i1p1f1_era5_esm-picontrol_huss_global_30arcmin_daily_1781_1790.nc
InputData/climate/atmosphere/bias-adjusted/global/daily/esm-picontrol/EC-Earth3-ESM-1-1/ec-earth3-esm-1-1_r1i1p1f1_era5_esm-picontrol_huss_global_30arcmin_daily_1791_1800.nc	2609031294	22918622a31dcc25cef1d67d6f4b8a3f	4	2026-09-21	InputData/climate/atmosphere/bias-adjusted/global/daily/esm-picontrol/EC-Earth3-ESM-1-1/ec-earth3-esm-1-1_r1i1p1f1_era5_esm-picontrol_huss_global_30arcmin_daily_1791_1800.nc
InputData/climate/atmosphere/bias-adjusted/global/daily/esm-picontrol/EC-Earth3-ESM-1-1/ec-earth3-esm-1-1_r1i1p1f1_era5_esm-picontrol_huss_global_30arcmin_daily_1801_1810.nc	2608921711	4e674c0f967c082bf20f5314c52a19f8	4	2026-09-21	InputData/climate/atmosphere/bias-adjusted/global/daily/esm-picontrol/EC-Earth3-ESM-1-1/ec-earth3-esm-1-1_r1i1p1f1_era5_esm-picontrol_huss_global_30arcmin_daily_1801_1810.nc
InputData/climate/atmosphere/bias-adjusted/global/daily/esm-picontrol/EC-Earth3-ESM-1-1/ec-earth3-esm-1-1_r1i1p1f1_era5_esm-picontrol_huss_global_30arcmin_daily_1811_1820.nc	2612276475	51cf683479c2890264124962966545f4	4	2026-09-21	InputData/climate/atmosphere/bias-adjusted/global/daily/esm-picontrol/EC-Earth3-ESM-1-1/ec-earth3-esm-1-1_r1i1p1f1_era5_esm-picontrol_huss_global_30arcmin_daily_1811_1820.nc
InputData/climate/atmosphere/bias-adjusted/global/daily/esm-picontrol/EC-Earth3-ESM-1-1/ec-earth3-esm-1-1_r1i1p1f1_era5_esm-picontrol_huss_global_30arcmin_daily_1821_1830.nc	2610336736	d40fc7b9cdeb2dce7bddd4dc5df64075	4	2026-09-21	InputData/climate/atmosphere/bias-adjusted/global/daily/esm-picontrol/EC-Earth3-ESM-1-1/ec-earth3-esm-1-1_r1i1p1f1_era5_esm-picontrol_huss_global_30arcmin_daily_1821_1830.nc
InputData/climate/atmosphere/bias-adjusted/global/daily/esm-picontrol/EC-Earth3-ESM-1-1/ec-earth3-esm-1-1_r1i1p1f1_era5_esm-picontrol_huss_global_30arcmin_daily_1831_1840.nc	2611531960	1956d272db6527492bb4051f5598f727	4	2026-09-21	InputData/climate/atmosphere/bias-adjusted/global/daily/esm-picontrol/EC-Earth3-ESM-1-1/ec-earth3-esm-1-1_r1i1p1f1_era5_esm-picontrol_huss_global_30arcmin_daily_1831_1840.nc
InputData/climate/atmosphere/bias-adjusted/global/daily/esm-picontrol/EC-Earth3-ESM-1-1/ec-earth3-esm-1-1_r1i1p1f1_era5_esm-picontrol_huss_global_30arcmin_daily_1841_1850.nc	2611953157	3b5f928c96816aee1dac2c2022529aa5	4	2026-09-21	InputData/climate/atmosphere/bias-adjusted/global/daily/esm-picontrol/EC-Earth3-ESM-1-1/ec-earth3-esm-1-1_r1i1p1f1_era5_esm-picontrol_huss_global_30arcmin_daily_1841_1850.nc
InputData/climate/atmosphere/bias-adjusted/global/daily/esm-picontrol/EC-Earth3-ESM-1-1/ec-earth3-esm-1-1_r1i1p1f1_era5_esm-picontrol_huss_global_30arcmin_daily_1851_1860.nc	2613323332	4e936e4c0c76cba795e94b0449ccc2a5	4	2026-09-21	InputData/climate/atmosphere/bias-adjusted/global/daily/esm-picontrol/EC-Earth3-ESM-1-1/ec-earth3-esm-1-1_r1i1p1f1_era5_esm-picontrol_huss_global_30arcmin_daily_1851_1860.nc
InputData/climate/atmosphere/bias-adjusted/global/daily/esm-picontrol/EC-Earth3-ESM-1-1/ec-earth3-esm-1-1_r1i1p1f1_era5_esm-picontrol_huss_global_30arcmin_daily_1861_1870.nc	2614068420	08c497973b51d9ede6d1cb9e4b7bed70	4	2026-09-21	InputData/climate/atmosphere/bias-adjusted/global/daily/esm-picontrol/EC-Earth3-ESM-1-1/ec-earth3-esm-1-1_r1i1p1f1_era5_esm-picontrol_huss_global_30arcmin_daily_1861_1870.nc
InputData/climate/atmosphere/bias-adjusted/global/daily/esm-picontrol/EC-Earth3-ESM-1-1/ec-earth3-esm-1-1_r1i1p1f1_era5_esm-picontrol_huss_global_30arcmin_daily_1871_1880.nc	2613802549	505ebca098ec5f0a0f712bc688eb0ae3	4	2026-09-21	InputData/climate/atmosphere/bias-adjusted/global/daily/esm-picontrol/EC-Earth3-ESM-1-1/ec-earth3-esm-1-1_r1i1p1f1_era5_esm-picontrol_huss_global_30arcmin_daily_1871_1880.nc
InputData/climate/atmosphere/bias-adjusted/global/daily/esm-picontrol/EC-Earth3-ESM-1-1/ec-earth3-esm-1-1_r1i1p1f1_era5_esm-picontrol_huss_global_30arcmin_daily_1881_1890.nc	2615796877	3fc44b1f9007389df788edd3be7bedf8	4	2026-09-21	InputData/climate/atmosphere/bias-adjusted/global/daily/esm-picontrol/EC-Earth3-ESM-1-1/ec-earth3-esm-1-1_r1i1p1f1_era5_esm-picontrol_huss_global_30arcmin_daily_1881_1890.nc
InputData/climate/atmosphere/bias-adjusted/global/daily/esm-picontrol/EC-Earth3-ESM-1-1/ec-earth3-esm-1-1_r1i1p1f1_era5_esm-picontrol_huss_global_30arcmin_daily_1891_1900.nc	2615202778	ba92b0061a6c07122527bf0c5d80020c	4	2026-09-21	InputData/climate/atmosphere/bias-adjusted/global/daily/esm-picontrol/EC-Earth3-ESM-1-1/ec-earth3-esm-1-1_r1i1p1f1_era5_esm-picontrol_huss_global_30arcmin_daily_1891_1900.nc
InputData/climate/atmosphere/bias-adjusted/global/daily/esm-picontrol/EC-Earth3-ESM-1-1/ec-earth3-esm-1-1_r1i1p1f1_era5_esm-picontrol_huss_global_30arcmin_daily_1901_1910.nc	2611740771	56411b683ed94ed248e275194452446c	4	2026-09-21	InputData/climate/atmosphere/bias-adjusted/global/daily/esm-picontrol/EC-Earth3-ESM-1-1/ec-earth3-esm-1-1_r1i1p1f1_era5_esm-picontrol_huss_global_30arcmin_daily_1901_1910.nc
InputData/climate/atmosphere/bias-adjusted/global/daily/esm-picontrol/EC-Earth3-ESM-1-1/ec-earth3-esm-1-1_r1i1p1f1_era5_esm-picontrol_huss_global_30arcmin_daily_1911_1920.nc	2612096920	417da16a96bb07689e58077cf6d10c51	4	2026-09-21	InputData/climate/atmosphere/bias-adjusted/global/daily/esm-picontrol/EC-Earth3-ESM-1-1/ec-earth3-esm-1-1_r1i1p1f1_era5_esm-picontrol_huss_global_30arcmin_daily_1911_1920.nc
InputData/climate/atmosphere/bias-adjusted/global/daily/esm-picontrol/EC-Earth3-ESM-1-1/ec-earth3-esm-1-1_r1i1p1f1_era5_esm-picontrol_huss_global_30arcmin_daily_1921_1930.nc	2611912238	8fb39feedfddee3dad05d2ef959ea480	4	2026-09-21	InputData/climate/atmosphere/bias-adjusted/global/daily/esm-picontrol/EC-Earth3-ESM-1-1/ec-earth3-esm-1-1_r1i1p1f1_era5_esm-picontrol_huss_global_30arcmin_daily_1921_1930.nc
InputData/climate/atmosphere/bias-adjusted/global/daily/esm-picontrol/EC-Earth3-ESM-1-1/ec-earth3-esm-1-1_r1i1p1f1_era5_esm-picontrol_huss_global_30arcmin_daily_1931_1940.nc	2612226481	21fdf2da1b1d46fe61be04c5e605b003	4	2026-09-21	InputData/climate/atmosphere/bias-adjusted/global/daily/esm-picontrol/EC-Earth3-ESM-1-1/ec-earth3-esm-1-1_r1i1p1f1_era5_esm-picontrol_huss_global_30arcmin_daily_1931_1940.nc
InputData/climate/atmosphere/bias-adjusted/global/daily/esm-picontrol/EC-Earth3-ESM-1-1/ec-earth3-esm-1-1_r1i1p1f1_era5_esm-picontrol_huss_global_30arcmin_daily_1941_1950.nc	2610693756	0df55bf9f2f5cfa75e7f1b8478b6c466	4	2026-09-21	InputData/climate/atmosphere/bias-adjusted/global/daily/esm-picontrol/EC-Earth3-ESM-1-1/ec-earth3-esm-1-1_r1i1p1f1_era5_esm-picontrol_huss_global_30arcmin_daily_1941_1950.nc
InputData/climate/atmosphere/bias-adjusted/global/daily/esm-picontrol/EC-Earth3-ESM-1-1/ec-earth3-esm-1-1_r1i1p1f1_era5_esm-picontrol_huss_global_30arcmin_daily_1951_1960.nc	2611564131	5a23fc84c3592afa4db01573810b93f4	4	2026-09-21	InputData/climate/atmosphere/bias-adjusted/global/daily/esm-picontrol/EC-Earth3-ESM-1-1/ec-earth3-esm-1-1_r1i1p1f1_era5_esm-picontrol_huss_global_30arcmin_daily_1951_1960.nc
InputData/climate/atmosphere/bias-adjusted/global/daily/esm-picontrol/EC-Earth3-ESM-1-1/ec-earth3-esm-1-1_r1i1p1f1_era5_esm-picontrol_huss_global_30arcmin_daily_1961_1970.nc	2612127469	bd80ad1b829b81844a927e3966323cba	4	2026-09-21	InputData/climate/atmosphere/bias-adjusted/global/daily/esm-picontrol/EC-Earth3-ESM-1-1/ec-earth3-esm-1-1_r1i1p1f1_era5_esm-picontrol_huss_global_30arcmin_daily_1961_1970.nc
InputData/climate/atmosphere/bias-adjusted/global/daily/esm-picontrol/EC-Earth3-ESM-1-1/ec-earth3-esm-1-1_r1i1p1f1_era5_esm-picontrol_huss_global_30arcmin_daily_1971_1980.nc	2614510482	f413d44dfd8ce760cd2ba56cb215e341	4	2026-09-21	InputData/climate/atmosphere/bias-adjusted/global/daily/esm-picontrol/EC-Earth3-ESM-1-1/ec-earth3-esm-1-1_r1i1p1f1_era5_esm-picontrol_huss_global_30arcmin_daily_1971_1980.nc
InputData/climate/atmosphere/bias-adjusted/global/daily/esm-picontrol/EC-Earth3-ESM-1-1/ec-earth3-esm-1-1_r1i1p1f1_era5_esm-picontrol_huss_global_30arcmin_daily_1981_1990.nc	2615007010	01ad33e298eced39f1a3313156f1355d	4	2026-09-21	InputData/climate/atmosphere/bias-adjusted/global/daily/esm-picontrol/EC-Earth3-ESM-1-1/ec-earth3-esm-1-1_r1i1p1f1_era5_esm-picontrol_huss_global_30arcmin_daily_1981_1990.nc
InputData/climate/atmosphere/bias-adjusted/global/daily/esm-picontrol/EC-Earth3-ESM-1-1/ec-earth3-esm-1-1_r1i1p1f1_era5_esm-picontrol_huss_global_30arcmin_daily_1991_2000.nc	2615252654	3741c0bd224eb253d418179074c0bdb7	4	2026-09-21	InputData/climate/atmosphere/bias-adjusted/global/daily/esm-picontrol/EC-Earth3-ESM-1-1/ec-earth3-esm-1-1_r1i1p1f1_era5_esm-picontrol_huss_global_30arcmin_daily_1991_2000.nc
InputData/climate/atmosphere/bias-adjusted/global/daily/esm-picontrol/EC-Earth3-ESM-1-1/ec-earth3-esm-1-1_r1i1p1f1_era5_esm-picontrol_huss_global_30arcmin_daily_2001_2010.nc	2613398472	e91185fb5ae12ecf4e7481b7a63101ee	4	2026-09-21	InputData/climate/atmosphere/bias-adjusted/global/daily/esm-picontrol/EC-Earth3-ESM-1-1/ec-earth3-esm-1-1_r1i1p1f1_era5_esm-picontrol_huss_global_30arcmin_daily_2001_2010.nc
InputData/climate/atmosphere/bias-adjusted/global/daily/esm-picontrol/EC-Earth3-ESM-1-1/ec-earth3-esm-1-1_r1i1p1f1_era5_esm-picontrol_huss_global_30arcmin_daily_2011_2020.nc	2614884524	8f21df8a09bc60dc7c5caad8c396958f	4	2026-09-21	InputData/climate/atmosphere/bias-adjusted/global/daily/esm-picontrol/EC-Earth3-ESM-1-1/ec-earth3-esm-1-1_r1i1p1f1_era5_esm-picontrol_huss_global_30arcmin_daily_2011_2020.nc
InputData/climate/atmosphere/bias-adjusted/global/daily/esm-picontrol/EC-Earth3-ESM-1-1/ec-earth3-esm-1-1_r1i1p1f1_era5_esm-picontrol_huss_global_30arcmin_daily_2021_2030.nc	2615923294	3bd615d8beea685c976ea974589c19bc	4	2026-09-21	InputData/climate/atmosphere/bias-adjusted/global/daily/esm-picontrol/EC-Earth3-ESM-1-1/ec-earth3-esm-1-1_r1i1p1f1_era5_esm-picontrol_huss_global_30arcmin_daily_2021_2030.nc
InputData/climate/atmosphere/bias-adjusted/global/daily/esm-picontrol/EC-Earth3-ESM-1-1/ec-earth3-esm-1-1_r1i1p1f1_era5_esm-picontrol_huss_global_30arcmin_daily_2031_2040.nc	2617038611	14a917e63446059ae3675bf030ec9041	4	2026-09-21	InputData/climate/atmosphere/bias-adjusted/global/daily/esm-picontrol/EC-Earth3-ESM-1-1/ec-earth3-esm-1-1_r1i1p1f1_era5_esm-picontrol_huss_global_30arcmin_daily_2031_2040.nc
InputData/climate/atmosphere/bias-adjusted/global/daily/esm-picontrol/EC-Earth3-ESM-1-1/ec-earth3-esm-1-1_r1i1p1f1_era5_esm-picontrol_huss_global_30arcmin_daily_2041_2050.nc	2615443430	8c53be9b661bbfb0fc7acbee050822c9	4	2026-09-21	InputData/climate/atmosphere/bias-adjusted/global/daily/esm-picontrol/EC-Earth3-ESM-1-1/ec-earth3-esm-1-1_r1i1p1f1_era5_esm-picontrol_huss_global_30arcmin_daily_2041_2050.nc
InputData/climate/atmosphere/bias-adjusted/global/daily/esm-picontrol/EC-Earth3-ESM-1-1/ec-earth3-esm-1-1_r1i1p1f1_era5_esm-picontrol_huss_global_30arcmin_daily_2051_2060.nc	2616394108	fe7a3e8eb54deb3ff046d0996999a8fd	4	2026-09-21	InputData/climate/atmosphere/bias-adjusted/global/daily/esm-picontrol/EC-Earth3-ESM-1-1/ec-earth3-esm-1-1_r1i1p1f1_era5_esm-picontrol_huss_global_30arcmin_daily_2051_2060.nc
InputData/climate/atmosphere/bias-adjusted/global/daily/esm-picontrol/EC-Earth3-ESM-1-1/ec-earth3-esm-1-1_r1i1p1f1_era5_esm-picontrol_huss_global_30arcmin_daily_2061_2070.nc	2615945013	a9799e3921e3273c0cd91d45c8973289	4	2026-09-21	InputData/climate/atmosphere/bias-adjusted/global/daily/esm-picontrol/EC-Earth3-ESM-1-1/ec-earth3-esm-1-1_r1i1p1f1_era5_esm-picontrol_huss_global_30arcmin_daily_2061_2070.nc
InputData/climate/atmosphere/bias-adjusted/global/daily/esm-picontrol/EC-Earth3-ESM-1-1/ec-earth3-esm-1-1_r1i1p1f1_era5_esm-picontrol_huss_global_30arcmin_daily_2071_2080.nc	2614244342	82c38d62f73a4ce30d2da9deec2f2f28	4	2026-09-21	InputData/climate/atmosphere/bias-adjusted/global/daily/esm-picontrol/EC-Earth3-ESM-1-1/ec-earth3-esm-1-1_r1i1p1f1_era5_esm-picontrol_huss_global_30arcmin_daily_2071_2080.nc
InputData/climate/atmosphere/bias-adjusted/global/daily/esm-picontrol/EC-Earth3-ESM-1-1/ec-earth3-esm-1-1_r1i1p1f1_era5_esm-picontrol_huss_global_30arcmin_daily_2081_2090.nc	2612886377	4ccd5cc915d7076cc3edbf51b5376c0c	4	2026-09-21	InputData/climate/atmosphere/bias-adjusted/global/daily/esm-picontrol/EC-Earth3-ESM-1-1/ec-earth3-esm-1-1_r1i1p1f1_era5_esm-picontrol_huss_global_30arcmin_daily_2081_2090.nc
InputData/climate/atmosphere/bias-adjusted/global/daily/esm-picontrol/EC-Earth3-ESM-1-1/ec-earth3-esm-1-1_r1i1p1f1_era5_esm-picontrol_huss_global_30arcmin_daily_2091_2100.nc	2613434094	6bd54cfaf4313328e68a7fccf5ef8dde	4	2026-09-21	InputData/climate/atmosphere/bias-adjusted/global/daily/esm-picontrol/EC-Earth3-ESM-1-1/ec-earth3-esm-1-1_r1i1p1f1_era5_esm-picontrol_huss_global_30arcmin_daily_2091_2100.nc
InputData/climate/atmosphere/bias-adjusted/global/daily/esm-picontrol/EC-Earth3-ESM-1-1/ec-earth3-esm-1-1_r1i1p1f1_era5_esm-picontrol_pr_global_30arcmin_daily_1601_1610.nc	2255140536	2bfc0e9979987998a7e036a9f960aad4	4	2026-09-21	InputData/climate/atmosphere/bias-adjusted/global/daily/esm-picontrol/EC-Earth3-ESM-1-1/ec-earth3-esm-1-1_r1i1p1f1_era5_esm-picontrol_pr_global_30arcmin_daily_1601_1610.nc
InputData/climate/atmosphere/bias-adjusted/global/daily/esm-picontrol/EC-Earth3-ESM-1-1/ec-earth3-esm-1-1_r1i1p1f1_era5_esm-picontrol_pr_global_30arcmin_daily_1611_1620.nc	2262423321	e950821b1cb009d3a29993219933e018	4	2026-09-21	InputData/climate/atmosphere/bias-adjusted/global/daily/esm-picontrol/EC-Earth3-ESM-1-1/ec-earth3-esm-1-1_r1i1p1f1_era5_esm-picontrol_pr_global_30arcmin_daily_1611_1620.nc
InputData/climate/atmosphere/bias-adjusted/global/daily/esm-picontrol/EC-Earth3-ESM-1-1/ec-earth3-esm-1-1_r1i1p1f1_era5_esm-picontrol_pr_global_30arcmin_daily_1621_1630.nc	2259496116	f1339a48954f4259650e5b712f2c7f97	4	2026-09-21	InputData/climate/atmosphere/bias-adjusted/global/daily/esm-picontrol/EC-Earth3-ESM-1-1/ec-earth3-esm-1-1_r1i1p1f1_era5_esm-picontrol_pr_global_30arcmin_daily_1621_1630.nc
InputData/climate/atmosphere/bias-adjusted/global/daily/esm-picontrol/EC-Earth3-ESM-1-1/ec-earth3-esm-1-1_r1i1p1f1_era5_esm-picontrol_pr_global_30arcmin_daily_1631_1640.nc	2263431255	b335ce046e9b1455766432954991186d	4	2026-09-21	InputData/climate/atmosphere/bias-adjusted/global/daily/esm-picontrol/EC-Earth3-ESM-1-1/ec-earth3-esm-1-1_r1i1p1f1_era5_esm-picontrol_pr_global_30arcmin_daily_1631_1640.nc
InputData/climate/atmosphere/bias-adjusted/global/daily/esm-picontrol/EC-Earth3-ESM-1-1/ec-earth3-esm-1-1_r1i1p1f1_era5_esm-picontrol_pr_global_30arcmin_daily_1641_1650.nc	2262983494	5fe3f39ef45d42d3f29023b6a787a216	4	2026-09-21	InputData/climate/atmosphere/bias-adjusted/global/daily/esm-picontrol/EC-Earth3-ESM-1-1/ec-earth3-esm-1-1_r1i1p1f1_era5_esm-picontrol_pr_global_30arcmin_daily_1641_1650.nc
InputData/climate/atmosphere/bias-adjusted/global/daily/esm-picontrol/EC-Earth3-ESM-1-1/ec-earth3-esm-1-1_r1i1p1f1_era5_esm-picontrol_pr_global_30arcmin_daily_1651_1660.nc	2263284927	194561609af4310520e30b618a344cb7	4	2026-09-21	InputData/climate/atmosphere/bias-adjusted/global/daily/esm-picontrol/EC-Earth3-ESM-1-1/ec-earth3-esm-1-1_r1i1p1f1_era5_esm-picontrol_pr_global_30arcmin_daily_1651_1660.nc
InputData/climate/atmosphere/bias-adjusted/global/daily/esm-picontrol/EC-Earth3-ESM-1-1/ec-earth3-esm-1-1_r1i1p1f1_era5_esm-picontrol_pr_global_30arcmin_daily_1661_1670.nc	2269801637	07df80391e9bb3802da15992a7da50ce	4	2026-09-21	InputData/climate/atmosphere/bias-adjusted/global/daily/esm-picontrol/EC-Earth3-ESM-1-1/ec-earth3-esm-1-1_r1i1p1f1_era5_esm-picontrol_pr_global_30arcmin_daily_1661_1670.nc
InputData/climate/atmosphere/bias-adjusted/global/daily/esm-picontrol/EC-Earth3-ESM-1-1/ec-earth3-esm-1-1_r1i1p1f1_era5_esm-picontrol_pr_global_30arcmin_daily_1671_1680.nc	2257558112	a187f816216036f7266bec84c8af6484	4	2026-09-21	InputData/climate/atmosphere/bias-adjusted/global/daily/esm-picontrol/EC-Earth3-ESM-1-1/ec-earth3-esm-1-1_r1i1p1f1_era5_esm-picontrol_pr_global_30arcmin_daily_1671_1680.nc
InputData/climate/atmosphere/bias-adjusted/global/daily/esm-picontrol/EC-Earth3-ESM-1-1/ec-earth3-esm-1-1_r1i1p1f1_era5_esm-picontrol_pr_global_30arcmin_daily_1681_1690.nc	2262813629	cf8e9d5daeb0e5b495938bfe0ce4fb15	4	2026-09-21	InputData/climate/atmosphere/bias-adjusted/global/daily/esm-picontrol/EC-Earth3-ESM-1-1/ec-earth3-esm-1-1_r1i1p1f1_era5_esm-picontrol_pr_global_30arcmin_daily_1681_1690.nc
InputData/climate/atmosphere/bias-adjusted/global/daily/esm-picontrol/EC-Earth3-ESM-1-1/ec-earth3-esm-1-1_r1i1p1f1_era5_esm-picontrol_pr_global_30arcmin_daily_1691_1700.nc	2258800001	ecc0be248a76dadccb05164328a08479	4	2026-09-21	InputData/climate/atmosphere/bias-adjusted/global/daily/esm-picontrol/EC-Earth3-ESM-1-1/ec-earth3-esm-1-1_r1i1p1f1_era5_esm-picontrol_pr_global_30arcmin_daily_1691_1700.nc
InputData/climate/atmosphere/bias-adjusted/global/daily/esm-picontrol/EC-Earth3-ESM-1-1/ec-earth3-esm-1-1_r1i1p1f1_era5_esm-picontrol_pr_global_30arcmin_daily_1701_1710.nc	2260933602	05d1d920e7fe5b582164ef6f9a082fd6	4	2026-09-21	InputData/climate/atmosphere/bias-adjusted/global/daily/esm-picontrol/EC-Earth3-ESM-1-1/ec-earth3-esm-1-1_r1i1p1f1_era5_esm-picontrol_pr_global_30arcmin_daily_1701_1710.nc
InputData/climate/atmosphere/bias-adjusted/global/daily/esm-picontrol/EC-Earth3-ESM-1-1/ec-earth3-esm-1-1_r1i1p1f1_era5_esm-picontrol_pr_global_30arcmin_daily_1711_1720.nc	2264565955	30352cd34d971843d077933ec6ce9d82	4	2026-09-21	InputData/climate/atmosphere/bias-adjusted/global/daily/esm-picontrol/EC-Earth3-ESM-1-1/ec-earth3-esm-1-1_r1i1p1f1_era5_esm-picontrol_pr_global_30arcmin_daily_1711_1720.nc
InputData/climate/atmosphere/bias-adjusted/global/daily/esm-picontrol/EC-Earth3-ESM-1-1/ec-earth3-esm-1-1_r1i1p1f1_era5_esm-picontrol_pr_global_30arcmin_daily_1721_1730.nc	2262279484	956aa9d9b72d76b8605859addb6e0f88	4	2026-09-21	InputData/climate/atmosphere/bias-adjusted/global/daily/esm-picontrol/EC-Earth3-ESM-1-1/ec-earth3-esm-1-1_r1i1p1f1_era5_esm-picontrol_pr_global_30arcmin_daily_1721_1730.nc
InputData/climate/atmosphere/bias-adjusted/global/daily/esm-picontrol/EC-Earth3-ESM-1-1/ec-earth3-esm-1-1_r1i1p1f1_era5_esm-picontrol_pr_global_30arcmin_daily_1731_1740.nc	2253719377	62948109bf6b9bb9669189a3ff3ad4f2	4	2026-09-21	InputData/climate/atmosphere/bias-adjusted/global/daily/esm-picontrol/EC-Earth3-ESM-1-1/ec-earth3-esm-1-1_r1i1p1f1_era5_esm-picontrol_pr_global_30arcmin_daily_1731_1740.nc
InputData/climate/atmosphere/bias-adjusted/global/daily/esm-picontrol/EC-Earth3-ESM-1-1/ec-earth3-esm-1-1_r1i1p1f1_era5_esm-picontrol_pr_global_30arcmin_daily_1741_1750.nc	2251673204	9284d6057f6e492db155df626926183c	4	2026-09-21	InputData/climate/atmosphere/bias-adjusted/global/daily/esm-picontrol/EC-Earth3-ESM-1-1/ec-earth3-esm-1-1_r1i1p1f1_era5_esm-picontrol_pr_global_30arcmin_daily_1741_1750.nc
InputData/climate/atmosphere/bias-adjusted/global/daily/esm-picontrol/EC-Earth3-ESM-1-1/ec-earth3-esm-1-1_r1i1p1f1_era5_esm-picontrol_pr_global_30arcmin_daily_1751_1760.nc	2251557567	82e7132acea9052152746516f1b8803d	4	2026-09-21	InputData/climate/atmosphere/bias-adjusted/global/daily/esm-picontrol/EC-Earth3-ESM-1-1/ec-earth3-esm-1-1_r1i1p1f1_era5_esm-picontrol_pr_global_30arcmin_daily_1751_1760.nc
InputData/climate/atmosphere/bias-adjusted/global/daily/esm-picontrol/EC-Earth3-ESM-1-1/ec-earth3-esm-1-1_r1i1p1f1_era5_esm-picontrol_pr_global_30arcmin_daily_1761_1770.nc	2254324993	d55269d9a7826612131a4b13e8025599	4	2026-09-21	InputData/climate/atmosphere/bias-adjusted/global/daily/esm-picontrol/EC-Earth3-ESM-1-1/ec-earth3-esm-1-1_r1i1p1f1_era5_esm-picontrol_pr_global_30arcmin_daily_1761_1770.nc
InputData/climate/atmosphere/bias-adjusted/global/daily/esm-picontrol/EC-Earth3-ESM-1-1/ec-earth3-esm-1-1_r1i1p1f1_era5_esm-picontrol_pr_global_30arcmin_daily_1771_1780.nc	2261602309	dc458d755db79304729ecf454e90343c	4	2026-09-21	InputData/climate/atmosphere/bias-adjusted/global/daily/esm-picontrol/EC-Earth3-ESM-1-1/ec-earth3-esm-1-1_r1i1p1f1_era5_esm-picontrol_pr_global_30arcmin_daily_1771_1780.nc
InputData/climate/atmosphere/bias-adjusted/global/daily/esm-picontrol/EC-Earth3-ESM-1-1/ec-earth3-esm-1-1_r1i1p1f1_era5_esm-picontrol_pr_global_30arcmin_daily_1781_1790.nc	2267291011	0e4daecc4a8a6cd553b471f8d81371ab	4	2026-09-21	InputData/climate/atmosphere/bias-adjusted/global/daily/esm-picontrol/EC-Earth3-ESM-1-1/ec-earth3-esm-1-1_r1i1p1f1_era5_esm-picontrol_pr_global_30arcmin_daily_1781_1790.nc
InputData/climate/atmosphere/bias-adjusted/global/daily/esm-picontrol/EC-Earth3-ESM-1-1/ec-earth3-esm-1-1_r1i1p1f1_era5_esm-picontrol_pr_global_30arcmin_daily_1791_1800.nc	2273031484	d1ae477753e24b2ac845cb0bee0eb3f8	4	2026-09-21	InputData/climate/atmosphere/bias-adjusted/global/daily/esm-picontrol/EC-Earth3-ESM-1-1/ec-earth3-esm-1-1_r1i1p1f1_era5_esm-picontrol_pr_global_30arcmin_daily_1791_1800.nc
InputData/climate/atmosphere/bias-adjusted/global/daily/esm-picontrol/EC-Earth3-ESM-1-1/ec-earth3-esm-1-1_r1i1p1f1_era5_esm-picontrol_pr_global_30arcmin_daily_1801_1810.nc	2271573289	fa34566f886e23a32af90dccf0fd2126	4	2026-09-21	InputData/climate/atmosphere/bias-adjusted/global/daily/esm-picontrol/EC-Earth3-ESM-1-1/ec-earth3-esm-1-1_r1i1p1f1_era5_esm-picontrol_pr_global_30arcmin_daily_1801_1810.nc
InputData/climate/atmosphere/bias-adjusted/global/daily/esm-picontrol/EC-Earth3-ESM-1-1/ec-earth3-esm-1-1_r1i1p1f1_era5_esm-picontrol_pr_global_30arcmin_daily_1811_1820.nc	2261486846	3ffa60825bb61da585738426571153cc	4	2026-09-21	InputData/climate/atmosphere/bias-adjusted/global/daily/esm-picontrol/EC-Earth3-ESM-1-1/ec-earth3-esm-1-1_r1i1p1f1_era5_esm-picontrol_pr_global_30arcmin_daily_1811_1820.nc
InputData/climate/atmosphere/bias-adjusted/global/daily/esm-picontrol/EC-Earth3-ESM-1-1/ec-earth3-esm-1-1_r1i1p1f1_era5_esm-picontrol_pr_global_30arcmin_daily_1821_1830.nc	2264263515	97a8fb7c4c2c46ee242ad44cfe812d11	4	2026-09-21	InputData/climate/atmosphere/bias-adjusted/global/daily/esm-picontrol/EC-Earth3-ESM-1-1/ec-earth3-esm-1-1_r1i1p1f1_era5_esm-picontrol_pr_global_30arcmin_daily_1821_1830.nc
InputData/climate/atmosphere/bias-adjusted/global/daily/esm-picontrol/EC-Earth3-ESM-1-1/ec-earth3-esm-1-1_r1i1p1f1_era5_esm-picontrol_pr_global_30arcmin_daily_1831_1840.nc	2264287231	f12bee6804e9e9aaeb4406fcc3746d23	4	2026-09-21	InputData/climate/atmosphere/bias-adjusted/global/daily/esm-picontrol/EC-Earth3-ESM-1-1/ec-earth3-esm-1-1_r1i1p1f1_era5_esm-picontrol_pr_global_30arcmin_daily_1831_1840.nc
InputData/climate/atmosphere/bias-adjusted/global/daily/esm-picontrol/EC-Earth3-ESM-1-1/ec-earth3-esm-1-1_r1i1p1f1_era5_esm-picontrol_pr_global_30arcmin_daily_1841_1850.nc	2261790819	24372ba376efae300ef7650d38e29163	4	2026-09-21	InputData/climate/atmosphere/bias-adjusted/global/daily/esm-picontrol/EC-Earth3-ESM-1-1/ec-earth3-esm-1-1_r1i1p1f1_era5_esm-picontrol_pr_global_30arcmin_daily_1841_1850.nc
InputData/climate/atmosphere/bias-adjusted/global/daily/esm-picontrol/EC-Earth3-ESM-1-1/ec-earth3-esm-1-1_r1i1p1f1_era5_esm-picontrol_pr_global_30arcmin_daily_1851_1860.nc	2258685502	2e980f990c1365362a77db49db6d2bfd	4	2026-09-21	InputData/climate/atmosphere/bias-adjusted/global/daily/esm-picontrol/EC-Earth3-ESM-1-1/ec-earth3-esm-1-1_r1i1p1f1_era5_esm-picontrol_pr_global_30arcmin_daily_1851_1860.nc
InputData/climate/atmosphere/bias-adjusted/global/daily/esm-picontrol/EC-Earth3-ESM-1-1/ec-earth3-esm-1-1_r1i1p1f1_era5_esm-picontrol_pr_global_30arcmin_daily_1861_1870.nc	2252906921	536a4ba7aa38d61800231c98e592d1a3	4	2026-09-21	InputData/climate/atmosphere/bias-adjusted/global/daily/esm-picontrol/EC-Earth3-ESM-1-1/ec-earth3-esm-1-1_r1i1p1f1_era5_esm-picontrol_pr_global_30arcmin_daily_1861_1870.nc
InputData/climate/atmosphere/bias-adjusted/global/daily/esm-picontrol/EC-Earth3-ESM-1-1/ec-earth3-esm-1-1_r1i1p1f1_era5_esm-picontrol_pr_global_30arcmin_daily_1871_1880.nc	2259290537	083469bc1dd42e879d6a532269aca16b	4	2026-09-21	InputData/climate/atmosphere/bias-adjusted/global/daily/esm-picontrol/EC-Earth3-ESM-1-1/ec-earth3-esm-1-1_r1i1p1f1_era5_esm-picontrol_pr_global_30arcmin_daily_1871_1880.nc
InputData/climate/atmosphere/bias-adjusted/global/daily/esm-picontrol/EC-Earth3-ESM-1-1/ec-earth3-esm-1-1_r1i1p1f1_era5_esm-picontrol_pr_global_30arcmin_daily_1881_1890.nc	2257969084	bf280e9c8d1a1735e3984da233984c4d	4	2026-09-21	InputData/climate/atmosphere/bias-adjusted/global/daily/esm-picontrol/EC-Earth3-ESM-1-1/ec-earth3-esm-1-1_r1i1p1f1_era5_esm-picontrol_pr_global_30arcmin_daily_1881_1890.nc
InputData/climate/atmosphere/bias-adjusted/global/daily/esm-picontrol/EC-Earth3-ESM-1-1/ec-earth3-esm-1-1_r1i1p1f1_era5_esm-picontrol_pr_global_30arcmin_daily_1891_1900.nc	2253528514	e3f4bc3c36e6d66421e2a14adb2457e2	4	2026-09-21	InputData/climate/atmosphere/bias-adjusted/global/daily/esm-picontrol/EC-Earth3-ESM-1-1/ec-earth3-esm-1-1_r1i1p1f1_era5_esm-picontrol_pr_global_30arcmin_daily_1891_1900.nc
InputData/climate/atmosphere/bias-adjusted/global/daily/esm-picontrol/EC-Earth3-ESM-1-1/ec-earth3-esm-1-1_r1i1p1f1_era5_esm-picontrol_pr_global_30arcmin_daily_1901_1910.nc	2262109762	53867e5c1b3fd2feb8d5c2e72878662b	4	2026-09-21	InputData/climate/atmosphere/bias-adjusted/global/daily/esm-picontrol/EC-Earth3-ESM-1-1/ec-earth3-esm-1-1_r1i1p1f1_era5_esm-picontrol_pr_global_30arcmin_daily_1901_1910.nc
InputData/climate/atmosphere/bias-adjusted/global/daily/esm-picontrol/EC-Earth3-ESM-1-1/ec-earth3-esm-1-1_r1i1p1f1_era5_esm-picontrol_pr_global_30arcmin_daily_1911_1920.nc	2264822203	1dc154c2979f517fcebc1e0337eff1a9	4	2026-09-21	InputData/climate/atmosphere/bias-adjusted/global/daily/esm-picontrol/EC-Earth3-ESM-1-1/ec-earth3-esm-1-1_r1i1p1f1_era5_esm-picontrol_pr_global_30arcmin_daily_1911_1920.nc
InputData/climate/atmosphere/bias-adjusted/global/daily/esm-picontrol/EC-Earth3-ESM-1-1/ec-earth3-esm-1-1_r1i1p1f1_era5_esm-picontrol_pr_global_30arcmin_daily_1921_1930.nc	2264166987	9afc9cb94183d3aed7d62fb23fb1e666	4	2026-09-21	InputData/climate/atmosphere/bias-adjusted/global/daily/esm-picontrol/EC-Earth3-ESM-1-1/ec-earth3-esm-1-1_r1i1p1f1_era5_esm-picontrol_pr_global_30arcmin_daily_1921_1930.nc
InputData/climate/atmosphere/bias-adjusted/global/daily/esm-picontrol/EC-Earth3-ESM-1-1/ec-earth3-esm-1-1_r1i1p1f1_era5_esm-picontrol_pr_global_30arcmin_daily_1931_1940.nc	2263956041	02c07e7783a94969e8974ff8b5016b2d	4	2026-09-21	InputData/climate/atmosphere/bias-adjusted/global/daily/esm-picontrol/EC-Earth3-ESM-1-1/ec-earth3-esm-1-1_r1i1p1f1_era5_esm-picontrol_pr_global_30arcmin_daily_1931_1940.nc
InputData/climate/atmosphere/bias-adjusted/global/daily/esm-picontrol/EC-Earth3-ESM-1-1/ec-earth3-esm-1-1_r1i1p1f1_era5_esm-picontrol_pr_global_30arcmin_daily_1941_1950.nc	2268975616	eab5ee56d3b9aa470ac68b965669f386	4	2026-09-21	InputData/climate/atmosphere/bias-adjusted/global/daily/esm-picontrol/EC-Earth3-ESM-1-1/ec-earth3-esm-1-1_r1i1p1f1_era5_esm-picontrol_pr_global_30arcmin_daily_1941_1950.nc
InputData/climate/atmosphere/bias-adjusted/global/daily/esm-picontrol/EC-Earth3-ESM-1-1/ec-earth3-esm-1-1_r1i1p1f1_era5_esm-picontrol_pr_global_30arcmin_daily_1951_1960.nc	2261358194	5e17d1fbbb1d4023a17ad797bd5dab7c	4	2026-09-21	InputData/climate/atmosphere/bias-adjusted/global/daily/esm-picontrol/EC-Earth3-ESM-1-1/ec-earth3-esm-1-1_r1i1p1f1_era5_esm-picontrol_pr_global_30arcmin_daily_1951_1960.nc
InputData/climate/atmosphere/bias-adjusted/global/daily/esm-picontrol/EC-Earth3-ESM-1-1/ec-earth3-esm-1-1_r1i1p1f1_era5_esm-picontrol_pr_global_30arcmin_daily_1961_1970.nc	2257939003	b96362f15b8458e868571bf0531a25a5	4	2026-09-21	InputData/climate/atmosphere/bias-adjusted/global/daily/esm-picontrol/EC-Earth3-ESM-1-1/ec-earth3-esm-1-1_r1i1p1f1_era5_esm-picontrol_pr_global_30arcmin_daily_1961_1970.nc
InputData/climate/atmosphere/bias-adjusted/global/daily/esm-picontrol/EC-Earth3-ESM-1-1/ec-earth3-esm-1-1_r1i1p1f1_era5_esm-picontrol_pr_global_30arcmin_daily_1971_1980.nc	2256206014	166a6c81d630cb85cc94b1440343568b	4	2026-09-21	InputData/climate/atmosphere/bias-adjusted/global/daily/esm-picontrol/EC-Earth3-ESM-1-1/ec-earth3-esm-1-1_r1i1p1f1_era5_esm-picontrol_pr_global_30arcmin_daily_1971_1980.nc
InputData/climate/atmosphere/bias-adjusted/global/daily/esm-picontrol/EC-Earth3-ESM-1-1/ec-earth3-esm-1-1_r1i1p1f1_era5_esm-picontrol_pr_global_30arcmin_daily_1981_1990.nc	2248796101	d5c55a484ef4abed9c43fcfd66ae0717	4	2026-09-21	InputData/climate/atmosphere/bias-adjusted/global/daily/esm-picontrol/EC-Earth3-ESM-1-1/ec-earth3-esm-1-1_r1i1p1f1_era5_esm-picontrol_pr_global_30arcmin_daily_1981_1990.nc
InputData/climate/atmosphere/bias-adjusted/global/daily/esm-picontrol/EC-Earth3-ESM-1-1/ec-earth3-esm-1-1_r1i1p1f1_era5_esm-picontrol_pr_global_30arcmin_daily_1991_2000.nc	2257268589	4283c072a48cadbf2364f8d0e2c0c281	4	2026-09-21	InputData/climate/atmosphere/bias-adjusted/global/daily/esm-picontrol/EC-Earth3-ESM-1-1/ec-earth3-esm-1-1_r1i1p1f1_era5_esm-picontrol_pr_global_30arcmin_daily_1991_2000.nc
InputData/climate/atmosphere/bias-adjusted/global/daily/esm-picontrol/EC-Earth3-ESM-1-1/ec-earth3-esm-1-1_r1i1p1f1_era5_esm-picontrol_pr_global_30arcmin_daily_2001_2010.nc	2261902229	0a814a1c2de26ef2fba4fe18d78272f8	4	2026-09-21	InputData/climate/atmosphere/bias-adjusted/global/daily/esm-picontrol/EC-Earth3-ESM-1-1/ec-earth3-esm-1-1_r1i1p1f1_era5_esm-picontrol_pr_global_30arcmin_daily_2001_2010.nc
InputData/climate/atmosphere/bias-adjusted/global/daily/esm-picontrol/EC-Earth3-ESM-1-1/ec-earth3-esm-1-1_r1i1p1f1_era5_esm-picontrol_pr_global_30arcmin_daily_2011_2020.nc	2248798105	3fdd029789cc3023efeaff1850ef3d12	4	2026-09-21	InputData/climate/atmosphere/bias-adjusted/global/daily/esm-picontrol/EC-Earth3-ESM-1-1/ec-earth3-esm-1-1_r1i1p1f1_era5_esm-picontrol_pr_global_30arcmin_daily_2011_2020.nc
InputData/climate/atmosphere/bias-adjusted/global/daily/esm-picontrol/EC-Earth3-ESM-1-1/ec-earth3-esm-1-1_r1i1p1f1_era5_esm-picontrol_pr_global_30arcmin_daily_2021_2030.nc	2248382901	9a6578482eda4b5f35a06ad9dd6fb24e	4	2026-09-21	InputData/climate/atmosphere/bias-adjusted/global/daily/esm-picontrol/EC-Earth3-ESM-1-1/ec-earth3-esm-1-1_r1i1p1f1_era5_esm-picontrol_pr_global_30arcmin_daily_2021_2030.nc
InputData/climate/atmosphere/bias-adjusted/global/daily/esm-picontrol/EC-Earth3-ESM-1-1/ec-earth3-esm-1-1_r1i1p1f1_era5_esm-picontrol_pr_global_30arcmin_daily_2031_2040.nc	2245183019	a51a36c6080faa68808dcb5b8b8ee0f2	4	2026-09-21	InputData/climate/atmosphere/bias-adjusted/global/daily/esm-picontrol/EC-Earth3-ESM-1-1/ec-earth3-esm-1-1_r1i1p1f1_era5_esm-picontrol_pr_global_30arcmin_daily_2031_2040.nc
InputData/climate/atmosphere/bias-adjusted/global/daily/esm-picontrol/EC-Earth3-ESM-1-1/ec-earth3-esm-1-1_r1i1p1f1_era5_esm-picontrol_pr_global_30arcmin_daily_2041_2050.nc	2245674067	273b392cbdfbff83b121a6e7833d338d	4	2026-09-21	InputData/climate/atmosphere/bias-adjusted/global/daily/esm-picontrol/EC-Earth3-ESM-1-1/ec-earth3-esm-1-1_r1i1p1f1_era5_esm-picontrol_pr_global_30arcmin_daily_2041_2050.nc
InputData/climate/atmosphere/bias-adjusted/global/daily/esm-picontrol/EC-Earth3-ESM-1-1/ec-earth3-esm-1-1_r1i1p1f1_era5_esm-picontrol_pr_global_30arcmin_daily_2051_2060.nc	2245939680	146e8e21e6afe6afb158b02f824fe5ac	4	2026-09-21	InputData/climate/atmosphere/bias-adjusted/global/daily/esm-picontrol/EC-Earth3-ESM-1-1/ec-earth3-esm-1-1_r1i1p1f1_era5_esm-picontrol_pr_global_30arcmin_daily_2051_2060.nc
InputData/climate/atmosphere/bias-adjusted/global/daily/esm-picontrol/EC-Earth3-ESM-1-1/ec-earth3-esm-1-1_r1i1p1f1_era5_esm-picontrol_pr_global_30arcmin_daily_2061_2070.nc	2246414130	76033b175716b2a368c769f9ab05c0ee	4	2026-09-21	InputData/climate/atmosphere/bias-adjusted/global/daily/esm-picontrol/EC-Earth3-ESM-1-1/ec-earth3-esm-1-1_r1i1p1f1_era5_esm-picontrol_pr_global_30arcmin_daily_2061_2070.nc
InputData/climate/atmosphere/bias-adjusted/global/daily/esm-picontrol/EC-Earth3-ESM-1-1/ec-earth3-esm-1-1_r1i1p1f1_era5_esm-picontrol_pr_global_30arcmin_daily_2071_2080.nc	2255926804	2a5844b6d4b34c6a441bda615a6a13c4	4	2026-09-21	InputData/climate/atmosphere/bias-adjusted/global/daily/esm-picontrol/EC-Earth3-ESM-1-1/ec-earth3-esm-1-1_r1i1p1f1_era5_esm-picontrol_pr_global_30arcmin_daily_2071_2080.nc
InputData/climate/atmosphere/bias-adjusted/global/daily/esm-picontrol/EC-Earth3-ESM-1-1/ec-earth3-esm-1-1_r1i1p1f1_era5_esm-picontrol_pr_global_30arcmin_daily_2081_2090.nc	2258676163	d24d1d7f8d6b3277a16e8c9c1d461f39	4	2026-09-21	InputData/climate/atmosphere/bias-adjusted/global/daily/esm-picontrol/EC-Earth3-ESM-1-1/ec-earth3-esm-1-1_r1i1p1f1_era5_esm-picontrol_pr_global_30arcmin_daily_2081_2090.nc
InputData/climate/atmosphere/bias-adjusted/global/daily/esm-picontrol/EC-Earth3-ESM-1-1/ec-earth3-esm-1-1_r1i1p1f1_era5_esm-picontrol_pr_global_30arcmin_daily_2091_2100.nc	2259206395	f0f7c244242edb5dfeb197489ac4c979	4	2026-09-21	InputData/climate/atmosphere/bias-adjusted/global/daily/esm-picontrol/EC-Earth3-ESM-1-1/ec-earth3-esm-1-1_r1i1p1f1_era5_esm-picontrol_pr_global_30arcmin_daily_2091_2100.nc
InputData/climate/atmosphere/bias-adjusted/global/daily/esm-picontrol/EC-Earth3-ESM-1-1/ec-earth3-esm-1-1_r1i1p1f1_era5_esm-picontrol_ps_global_30arcmin_daily_1601_1610.nc	2063843806	e92640b7dc0bfbcdd832ac7decfee0ed	4	2026-09-21	InputData/climate/atmosphere/bias-adjusted/global/daily/esm-picontrol/EC-Earth3-ESM-1-1/ec-earth3-esm-1-1_r1i1p1f1_era5_esm-picontrol_ps_global_30arcmin_daily_1601_1610.nc
InputData/climate/atmosphere/bias-adjusted/global/daily/esm-picontrol/EC-Earth3-ESM-1-1/ec-earth3-esm-1-1_r1i1p1f1_era5_esm-picontrol_ps_global_30arcmin_daily_1611_1620.nc	2064073101	8aa6043cb8c6a6e266d3af5dd525d024	4	2026-09-21	InputData/climate/atmosphere/bias-adjusted/global/daily/esm-picontrol/EC-Earth3-ESM-1-1/ec-earth3-esm-1-1_r1i1p1f1_era5_esm-picontrol_ps_global_30arcmin_daily_1611_1620.nc
InputData/climate/atmosphere/bias-adjusted/global/daily/esm-picontrol/EC-Earth3-ESM-1-1/ec-earth3-esm-1-1_r1i1p1f1_era5_esm-picontrol_ps_global_30arcmin_daily_1621_1630.nc	2063531454	d86d5630a859dc0590b72b5ec53bb787	4	2026-09-21	InputData/climate/atmosphere/bias-adjusted/global/daily/esm-picontrol/EC-Earth3-ESM-1-1/ec-earth3-esm-1-1_r1i1p1f1_era5_esm-picontrol_ps_global_30arcmin_daily_1621_1630.nc
InputData/climate/atmosphere/bias-adjusted/global/daily/esm-picontrol/EC-Earth3-ESM-1-1/ec-earth3-esm-1-1_r1i1p1f1_era5_esm-picontrol_ps_global_30arcmin_daily_1631_1640.nc	2064084585	d9e78ee24ec1fdb6ff628733b38ac622	4	2026-09-21	InputData/climate/atmosphere/bias-adjusted/global/daily/esm-picontrol/EC-Earth3-ESM-1-1/ec-earth3-esm-1-1_r1i1p1f1_era5_esm-picontrol_ps_global_30arcmin_daily_1631_1640.nc
InputData/climate/atmosphere/bias-adjusted/global/daily/esm-picontrol/EC-Earth3-ESM-1-1/ec-earth3-esm-1-1_r1i1p1f1_era5_esm-picontrol_ps_global_30arcmin_daily_1641_1650.nc	2063623254	eca3b4a10dcd85f2274b0d6da32ec5c6	4	2026-09-21	InputData/climate/atmosphere/bias-adjusted/global/daily/esm-picontrol/EC-Earth3-ESM-1-1/ec-earth3-esm-1-1_r1i1p1f1_era5_esm-picontrol_ps_global_30arcmin_daily_1641_1650.nc
InputData/climate/atmosphere/bias-adjusted/global/daily/esm-picontrol/EC-Earth3-ESM-1-1/ec-earth3-esm-1-1_r1i1p1f1_era5_esm-picontrol_ps_global_30arcmin_daily_1651_1660.nc	2064051214	c4dd37bd74731bdfb3a9b636320997a2	4	2026-09-21	InputData/climate/atmosphere/bias-adjusted/global/daily/esm-picontrol/EC-Earth3-ESM-1-1/ec-earth3-esm-1-1_r1i1p1f1_era5_esm-picontrol_ps_global_30arcmin_daily_1651_1660.nc
InputData/climate/atmosphere/bias-adjusted/global/daily/esm-picontrol/EC-Earth3-ESM-1-1/ec-earth3-esm-1-1_r1i1p1f1_era5_esm-picontrol_ps_global_30arcmin_daily_1661_1670.nc	2063343792	d48f7921c7aaa35e67f18b77a7c94763	4	2026-09-21	InputData/climate/atmosphere/bias-adjusted/global/daily/esm-picontrol/EC-Earth3-ESM-1-1/ec-earth3-esm-1-1_r1i1p1f1_era5_esm-picontrol_ps_global_30arcmin_daily_1661_1670.nc
InputData/climate/atmosphere/bias-adjusted/global/daily/esm-picontrol/EC-Earth3-ESM-1-1/ec-earth3-esm-1-1_r1i1p1f1_era5_esm-picontrol_ps_global_30arcmin_daily_1671_1680.nc	2064096186	ffb007ece30ada18f451fe87c2cc9052	4	2026-09-21	InputData/climate/atmosphere/bias-adjusted/global/daily/esm-picontrol/EC-Earth3-ESM-1-1/ec-earth3-esm-1-1_r1i1p1f1_era5_esm-picontrol_ps_global_30arcmin_daily_1671_1680.nc
InputData/climate/atmosphere/bias-adjusted/global/daily/esm-picontrol/EC-Earth3-ESM-1-1/ec-earth3-esm-1-1_r1i1p1f1_era5_esm-picontrol_ps_global_30arcmin_daily_1681_1690.nc	2063798980	907ff29f5566375a5a04f81bf15cf3a1	4	2026-09-21	InputData/climate/atmosphere/bias-adjusted/global/daily/esm-picontrol/EC-Earth3-ESM-1-1/ec-earth3-esm-1-1_r1i1p1f1_era5_esm-picontrol_ps_global_30arcmin_daily_1681_1690.nc
InputData/climate/atmosphere/bias-adjusted/global/daily/esm-picontrol/EC-Earth3-ESM-1-1/ec-earth3-esm-1-1_r1i1p1f1_era5_esm-picontrol_ps_global_30arcmin_daily_1691_1700.nc	2063717565	148d48682ebc9e6b2919a676ac18cb9b	4	2026-09-21	InputData/climate/atmosphere/bias-adjusted/global/daily/esm-picontrol/EC-Earth3-ESM-1-1/ec-earth3-esm-1-1_r1i1p1f1_era5_esm-picontrol_ps_global_30arcmin_daily_1691_1700.nc
InputData/climate/atmosphere/bias-adjusted/global/daily/esm-picontrol/EC-Earth3-ESM-1-1/ec-earth3-esm-1-1_r1i1p1f1_era5_esm-picontrol_ps_global_30arcmin_daily_1701_1710.nc	2063688954	71348a8cd587b844514da8e239ad4097	4	2026-09-21	InputData/climate/atmosphere/bias-adjusted/global/daily/esm-picontrol/EC-Earth3-ESM-1-1/ec-earth3-esm-1-1_r1i1p1f1_era5_esm-picontrol_ps_global_30arcmin_daily_1701_1710.nc
InputData/climate/atmosphere/bias-adjusted/global/daily/esm-picontrol/EC-Earth3-ESM-1-1/ec-earth3-esm-1-1_r1i1p1f1_era5_esm-picontrol_ps_global_30arcmin_daily_1711_1720.nc	2063914626	1e9100ab428c6a2044a5ba0a49ec5f12	4	2026-09-21	InputData/climate/atmosphere/bias-adjusted/global/daily/esm-picontrol/EC-Earth3-ESM-1-1/ec-earth3-esm-1-1_r1i1p1f1_era5_esm-picontrol_ps_global_30arcmin_daily_1711_1720.nc
InputData/climate/atmosphere/bias-adjusted/global/daily/esm-picontrol/EC-Earth3-ESM-1-1/ec-earth3-esm-1-1_r1i1p1f1_era5_esm-picontrol_ps_global_30arcmin_daily_1721_1730.nc	2063427644	ae34606fbe68853d2b208b50deeeb3e9	4	2026-09-21	InputData/climate/atmosphere/bias-adjusted/global/daily/esm-picontrol/EC-Earth3-ESM-1-1/ec-earth3-esm-1-1_r1i1p1f1_era5_esm-picontrol_ps_global_30arcmin_daily_1721_1730.nc
InputData/climate/atmosphere/bias-adjusted/global/daily/esm-picontrol/EC-Earth3-ESM-1-1/ec-earth3-esm-1-1_r1i1p1f1_era5_esm-picontrol_ps_global_30arcmin_daily_1731_1740.nc	2064193806	588f0d6fd9add787aa03f586259ee458	4	2026-09-21	InputData/climate/atmosphere/bias-adjusted/global/daily/esm-picontrol/EC-Earth3-ESM-1-1/ec-earth3-esm-1-1_r1i1p1f1_era5_esm-picontrol_ps_global_30arcmin_daily_1731_1740.nc
InputData/climate/atmosphere/bias-adjusted/global/daily/esm-picontrol/EC-Earth3-ESM-1-1/ec-earth3-esm-1-1_r1i1p1f1_era5_esm-picontrol_ps_global_30arcmin_daily_1741_1750.nc	2063906161	ad00d72801eea8395fb52c9ca6633aa1	4	2026-09-21	InputData/climate/atmosphere/bias-adjusted/global/daily/esm-picontrol/EC-Earth3-ESM-1-1/ec-earth3-esm-1-1_r1i1p1f1_era5_esm-picontrol_ps_global_30arcmin_daily_1741_1750.nc
InputData/climate/atmosphere/bias-adjusted/global/daily/esm-picontrol/EC-Earth3-ESM-1-1/ec-earth3-esm-1-1_r1i1p1f1_era5_esm-picontrol_ps_global_30arcmin_daily_1751_1760.nc	2064375922	75290c430f5cf5e11f4d826cf0c0faaf	4	2026-09-21	InputData/climate/atmosphere/bias-adjusted/global/daily/esm-picontrol/EC-Earth3-ESM-1-1/ec-earth3-esm-1-1_r1i1p1f1_era5_esm-picontrol_ps_global_30arcmin_daily_1751_1760.nc
InputData/climate/atmosphere/bias-adjusted/global/daily/esm-picontrol/EC-Earth3-ESM-1-1/ec-earth3-esm-1-1_r1i1p1f1_era5_esm-picontrol_ps_global_30arcmin_daily_1761_1770.nc	2063557634	467989c3af1fa751b95b7e3051bf7681	4	2026-09-21	InputData/climate/atmosphere/bias-adjusted/global/daily/esm-picontrol/EC-Earth3-ESM-1-1/ec-earth3-esm-1-1_r1i1p1f1_era5_esm-picontrol_ps_global_30arcmin_daily_1761_1770.nc
InputData/climate/atmosphere/bias-adjusted/global/daily/esm-picontrol/EC-Earth3-ESM-1-1/ec-earth3-esm-1-1_r1i1p1f1_era5_esm-picontrol_ps_global_30arcmin_daily_1771_1780.nc	2064206784	3bfbe96d5ef21b58bc845e6726dadb83	4	2026-09-21	InputData/climate/atmosphere/bias-adjusted/global/daily/esm-picontrol/EC-Earth3-ESM-1-1/ec-earth3-esm-1-1_r1i1p1f1_era5_esm-picontrol_ps_global_30arcmin_daily_1771_1780.nc
InputData/climate/atmosphere/bias-adjusted/global/daily/esm-picontrol/EC-Earth3-ESM-1-1/ec-earth3-esm-1-1_r1i1p1f1_era5_esm-picontrol_ps_global_30arcmin_daily_1781_1790.nc	2063476683	94bcda08a3a7a192c718c6883537a3e4	4	2026-09-21	InputData/climate/atmosphere/bias-adjusted/global/daily/esm-picontrol/EC-Earth3-ESM-1-1/ec-earth3-esm-1-1_r1i1p1f1_era5_esm-picontrol_ps_global_30arcmin_daily_1781_1790.nc
InputData/climate/atmosphere/bias-adjusted/global/daily/esm-picontrol/EC-Earth3-ESM-1-1/ec-earth3-esm-1-1_r1i1p1f1_era5_esm-picontrol_ps_global_30arcmin_daily_1791_1800.nc	2063505295	842d9ffba2c92ad3c7530019def5d852	4	2026-09-21	InputData/climate/atmosphere/bias-adjusted/global/daily/esm-picontrol/EC-Earth3-ESM-1-1/ec-earth3-esm-1-1_r1i1p1f1_era5_esm-picontrol_ps_global_30arcmin_daily_1791_1800.nc
InputData/climate/atmosphere/bias-adjusted/global/daily/esm-picontrol/EC-Earth3-ESM-1-1/ec-earth3-esm-1-1_r1i1p1f1_era5_esm-picontrol_ps_global_30arcmin_daily_1801_1810.nc	2063300950	8210982054bd9c627b79a1d497944382	4	2026-09-21	InputData/climate/atmosphere/bias-adjusted/global/daily/esm-picontrol/EC-Earth3-ESM-1-1/ec-earth3-esm-1-1_r1i1p1f1_era5_esm-picontrol_ps_global_30arcmin_daily_1801_1810.nc
InputData/climate/atmosphere/bias-adjusted/global/daily/esm-picontrol/EC-Earth3-ESM-1-1/ec-earth3-esm-1-1_r1i1p1f1_era5_esm-picontrol_ps_global_30arcmin_daily_1811_1820.nc	2063819067	c879b3f035e8e551c40c077e8ccfae94	4	2026-09-21	InputData/climate/atmosphere/bias-adjusted/global/daily/esm-picontrol/EC-Earth3-ESM-1-1/ec-earth3-esm-1-1_r1i1p1f1_era5_esm-picontrol_ps_global_30arcmin_daily_1811_1820.nc
InputData/climate/atmosphere/bias-adjusted/global/daily/esm-picontrol/EC-Earth3-ESM-1-1/ec-earth3-esm-1-1_r1i1p1f1_era5_esm-picontrol_ps_global_30arcmin_daily_1821_1830.nc	2063256123	77a674ca3711a9b65cf185660a092c82	4	2026-09-21	InputData/climate/atmosphere/bias-adjusted/global/daily/esm-picontrol/EC-Earth3-ESM-1-1/ec-earth3-esm-1-1_r1i1p1f1_era5_esm-picontrol_ps_global_30arcmin_daily_1821_1830.nc
InputData/climate/atmosphere/bias-adjusted/global/daily/esm-picontrol/EC-Earth3-ESM-1-1/ec-earth3-esm-1-1_r1i1p1f1_era5_esm-picontrol_ps_global_30arcmin_daily_1831_1840.nc	2063889675	034f2d027aa739f0f39746a5bd09edb9	4	2026-09-21	InputData/climate/atmosphere/bias-adjusted/global/daily/esm-picontrol/EC-Earth3-ESM-1-1/ec-earth3-esm-1-1_r1i1p1f1_era5_esm-picontrol_ps_global_30arcmin_daily_1831_1840.nc
InputData/climate/atmosphere/bias-adjusted/global/daily/esm-picontrol/EC-Earth3-ESM-1-1/ec-earth3-esm-1-1_r1i1p1f1_era5_esm-picontrol_ps_global_30arcmin_daily_1841_1850.nc	2063460790	3d879df346f6c38f187de623ce68e0f1	4	2026-09-21	InputData/climate/atmosphere/bias-adjusted/global/daily/esm-picontrol/EC-Earth3-ESM-1-1/ec-earth3-esm-1-1_r1i1p1f1_era5_esm-picontrol_ps_global_30arcmin_daily_1841_1850.nc
InputData/climate/atmosphere/bias-adjusted/global/daily/esm-picontrol/EC-Earth3-ESM-1-1/ec-earth3-esm-1-1_r1i1p1f1_era5_esm-picontrol_ps_global_30arcmin_daily_1851_1860.nc	2064127723	9c2f380723a4456e0969835e73a14046	4	2026-09-21	InputData/climate/atmosphere/bias-adjusted/global/daily/esm-picontrol/EC-Earth3-ESM-1-1/ec-earth3-esm-1-1_r1i1p1f1_era5_esm-picontrol_ps_global_30arcmin_daily_1851_1860.nc
InputData/climate/atmosphere/bias-adjusted/global/daily/esm-picontrol/EC-Earth3-ESM-1-1/ec-earth3-esm-1-1_r1i1p1f1_era5_esm-picontrol_ps_global_30arcmin_daily_1861_1870.nc	2063724240	30224fee6eb6b3f4fd22d37c52f2bd61	4	2026-09-21	InputData/climate/atmosphere/bias-adjusted/global/daily/esm-picontrol/EC-Earth3-ESM-1-1/ec-earth3-esm-1-1_r1i1p1f1_era5_esm-picontrol_ps_global_30arcmin_daily_1861_1870.nc
InputData/climate/atmosphere/bias-adjusted/global/daily/esm-picontrol/EC-Earth3-ESM-1-1/ec-earth3-esm-1-1_r1i1p1f1_era5_esm-picontrol_ps_global_30arcmin_daily_1871_1880.nc	2064017110	615097c4f85b919d24300e84479f9356	4	2026-09-21	InputData/climate/atmosphere/bias-adjusted/global/daily/esm-picontrol/EC-Earth3-ESM-1-1/ec-earth3-esm-1-1_r1i1p1f1_era5_esm-picontrol_ps_global_30arcmin_daily_1871_1880.nc
InputData/climate/atmosphere/bias-adjusted/global/daily/esm-picontrol/EC-Earth3-ESM-1-1/ec-earth3-esm-1-1_r1i1p1f1_era5_esm-picontrol_ps_global_30arcmin_daily_1881_1890.nc	2064106448	04f221b4e542ae035f1f49c0f57968e0	4	2026-09-21	InputData/climate/atmosphere/bias-adjusted/global/daily/esm-picontrol/EC-Earth3-ESM-1-1/ec-earth3-esm-1-1_r1i1p1f1_era5_esm-picontrol_ps_global_30arcmin_daily_1881_1890.nc
InputData/climate/atmosphere/bias-adjusted/global/daily/esm-picontrol/EC-Earth3-ESM-1-1/ec-earth3-esm-1-1_r1i1p1f1_era5_esm-picontrol_ps_global_30arcmin_daily_1891_1900.nc	2063726102	69c735def202f1f6e83e527bd3d75f6b	4	2026-09-21	InputData/climate/atmosphere/bias-adjusted/global/daily/esm-picontrol/EC-Earth3-ESM-1-1/ec-earth3-esm-1-1_r1i1p1f1_era5_esm-picontrol_ps_global_30arcmin_daily_1891_1900.nc
InputData/climate/atmosphere/bias-adjusted/global/daily/esm-picontrol/EC-Earth3-ESM-1-1/ec-earth3-esm-1-1_r1i1p1f1_era5_esm-picontrol_ps_global_30arcmin_daily_1901_1910.nc	2063544278	767d9d97887c827ff7c87867d9ee1297	4	2026-09-21	InputData/climate/atmosphere/bias-adjusted/global/daily/esm-picontrol/EC-Earth3-ESM-1-1/ec-earth3-esm-1-1_r1i1p1f1_era5_esm-picontrol_ps_global_30arcmin_daily_1901_1910.nc
InputData/climate/atmosphere/bias-adjusted/global/daily/esm-picontrol/EC-Earth3-ESM-1-1/ec-earth3-esm-1-1_r1i1p1f1_era5_esm-picontrol_ps_global_30arcmin_daily_1911_1920.nc	2063832591	1553ddfe9c28d3aa1fef68e02d869348	4	2026-09-21	InputData/climate/atmosphere/bias-adjusted/global/daily/esm-picontrol/EC-Earth3-ESM-1-1/ec-earth3-esm-1-1_r1i1p1f1_era5_esm-picontrol_ps_global_30arcmin_daily_1911_1920.nc
InputData/climate/atmosphere/bias-adjusted/global/daily/esm-picontrol/EC-Earth3-ESM-1-1/ec-earth3-esm-1-1_r1i1p1f1_era5_esm-picontrol_ps_global_30arcmin_daily_1921_1930.nc	2063344185	cfabe3c556acfe31af6739704f2c2ddf	4	2026-09-21	InputData/climate/atmosphere/bias-adjusted/global/daily/esm-picontrol/EC-Earth3-ESM-1-1/ec-earth3-esm-1-1_r1i1p1f1_era5_esm-picontrol_ps_global_30arcmin_daily_1921_1930.nc
InputData/climate/atmosphere/bias-adjusted/global/daily/esm-picontrol/EC-Earth3-ESM-1-1/ec-earth3-esm-1-1_r1i1p1f1_era5_esm-picontrol_ps_global_30arcmin_daily_1931_1940.nc	2064153605	4d95d0f79e8eaba2e014484a9ce379ab	4	2026-09-21	InputData/climate/atmosphere/bias-adjusted/global/daily/esm-picontrol/EC-Earth3-ESM-1-1/ec-earth3-esm-1-1_r1i1p1f1_era5_esm-picontrol_ps_global_30arcmin_daily_1931_1940.nc
InputData/climate/atmosphere/bias-adjusted/global/daily/esm-picontrol/EC-Earth3-ESM-1-1/ec-earth3-esm-1-1_r1i1p1f1_era5_esm-picontrol_ps_global_30arcmin_daily_1941_1950.nc	2063387647	04b693e1b53628e5c1795851d39a3b38	4	2026-09-21	InputData/climate/atmosphere/bias-adjusted/global/daily/esm-picontrol/EC-Earth3-ESM-1-1/ec-earth3-esm-1-1_r1i1p1f1_era5_esm-picontrol_ps_global_30arcmin_daily_1941_1950.nc
InputData/climate/atmosphere/bias-adjusted/global/daily/esm-picontrol/EC-Earth3-ESM-1-1/ec-earth3-esm-1-1_r1i1p1f1_era5_esm-picontrol_ps_global_30arcmin_daily_1951_1960.nc	2064354986	78bb8bbe848fec0740d47fd78775631f	4	2026-09-21	InputData/climate/atmosphere/bias-adjusted/global/daily/esm-picontrol/EC-Earth3-ESM-1-1/ec-earth3-esm-1-1_r1i1p1f1_era5_esm-picontrol_ps_global_30arcmin_daily_1951_1960.nc
InputData/climate/atmosphere/bias-adjusted/global/daily/esm-picontrol/EC-Earth3-ESM-1-1/ec-earth3-esm-1-1_r1i1p1f1_era5_esm-picontrol_ps_global_30arcmin_daily_1961_1970.nc	2063414128	5df7fee53cbe46e9265aca766b8855f8	4	2026-09-21	InputData/climate/atmosphere/bias-adjusted/global/daily/esm-picontrol/EC-Earth3-ESM-1-1/ec-earth3-esm-1-1_r1i1p1f1_era5_esm-picontrol_ps_global_30arcmin_daily_1961_1970.nc
InputData/climate/atmosphere/bias-adjusted/global/daily/esm-picontrol/EC-Earth3-ESM-1-1/ec-earth3-esm-1-1_r1i1p1f1_era5_esm-picontrol_ps_global_30arcmin_daily_1971_1980.nc	2064325352	1a4e72cf9412cb685eaf33a5c82efd45	4	2026-09-21	InputData/climate/atmosphere/bias-adjusted/global/daily/esm-picontrol/EC-Earth3-ESM-1-1/ec-earth3-esm-1-1_r1i1p1f1_era5_esm-picontrol_ps_global_30arcmin_daily_1971_1980.nc
InputData/climate/atmosphere/bias-adjusted/global/daily/esm-picontrol/EC-Earth3-ESM-1-1/ec-earth3-esm-1-1_r1i1p1f1_era5_esm-picontrol_ps_global_30arcmin_daily_1981_1990.nc	2063661802	e3bbe844c727f6853cf2df2d11c70648	4	2026-09-21	InputData/climate/atmosphere/bias-adjusted/global/daily/esm-picontrol/EC-Earth3-ESM-1-1/ec-earth3-esm-1-1_r1i1p1f1_era5_esm-picontrol_ps_global_30arcmin_daily_1981_1990.nc
InputData/climate/atmosphere/bias-adjusted/global/daily/esm-picontrol/EC-Earth3-ESM-1-1/ec-earth3-esm-1-1_r1i1p1f1_era5_esm-picontrol_ps_global_30arcmin_daily_1991_2000.nc	2064700502	f95917649e202c4730fb646a6ac609d7	4	2026-09-21	InputData/climate/atmosphere/bias-adjusted/global/daily/esm-picontrol/EC-Earth3-ESM-1-1/ec-earth3-esm-1-1_r1i1p1f1_era5_esm-picontrol_ps_global_30arcmin_daily_1991_2000.nc
InputData/climate/atmosphere/bias-adjusted/global/daily/esm-picontrol/EC-Earth3-ESM-1-1/ec-earth3-esm-1-1_r1i1p1f1_era5_esm-picontrol_ps_global_30arcmin_daily_2001_2010.nc	2063799245	a1f8d9a2b90eec08d4bee6ce0f08d6df	4	2026-09-21	InputData/climate/atmosphere/bias-adjusted/global/daily/esm-picontrol/EC-Earth3-ESM-1-1/ec-earth3-esm-1-1_r1i1p1f1_era5_esm-picontrol_ps_global_30arcmin_daily_2001_2010.nc
InputData/climate/atmosphere/bias-adjusted/global/daily/esm-picontrol/EC-Earth3-ESM-1-1/ec-earth3-esm-1-1_r1i1p1f1_era5_esm-picontrol_ps_global_30arcmin_daily_2011_2020.nc	2064247940	c5b2cde750212cfcca2dd08349031175	4	2026-09-21	InputData/climate/atmosphere/bias-adjusted/global/daily/esm-picontrol/EC-Earth3-ESM-1-1/ec-earth3-esm-1-1_r1i1p1f1_era5_esm-picontrol_ps_global_30arcmin_daily_2011_2020.nc
InputData/climate/atmosphere/bias-adjusted/global/daily/esm-picontrol/EC-Earth3-ESM-1-1/ec-earth3-esm-1-1_r1i1p1f1_era5_esm-picontrol_ps_global_30arcmin_daily_2021_2030.nc	2063946649	871ab319cb32bd083991064932ea5b05	4	2026-09-21	InputData/climate/atmosphere/bias-adjusted/global/daily/esm-picontrol/EC-Earth3-ESM-1-1/ec-earth3-esm-1-1_r1i1p1f1_era5_esm-picontrol_ps_global_30arcmin_daily_2021_2030.nc
InputData/climate/atmosphere/bias-adjusted/global/daily/esm-picontrol/EC-Earth3-ESM-1-1/ec-earth3-esm-1-1_r1i1p1f1_era5_esm-picontrol_ps_global_30arcmin_daily_2031_2040.nc	2064206111	1cc24dff55788d4f58fb8cc2121f1778	4	2026-09-21	InputData/climate/atmosphere/bias-adjusted/global/daily/esm-picontrol/EC-Earth3-ESM-1-1/ec-earth3-esm-1-1_r1i1p1f1_era5_esm-picontrol_ps_global_30arcmin_daily_2031_2040.nc
InputData/climate/atmosphere/bias-adjusted/global/daily/esm-picontrol/EC-Earth3-ESM-1-1/ec-earth3-esm-1-1_r1i1p1f1_era5_esm-picontrol_ps_global_30arcmin_daily_2041_2050.nc	2063726697	9fe605b7220d30c755c5f6b5ec6bfe87	4	2026-09-21	InputData/climate/atmosphere/bias-adjusted/global/daily/esm-picontrol/EC-Earth3-ESM-1-1/ec-earth3-esm-1-1_r1i1p1f1_era5_esm-picontrol_ps_global_30arcmin_daily_2041_2050.nc
InputData/climate/atmosphere/bias-adjusted/global/daily/esm-picontrol/EC-Earth3-ESM-1-1/ec-earth3-esm-1-1_r1i1p1f1_era5_esm-picontrol_ps_global_30arcmin_daily_2051_2060.nc	2064266307	eb2f2fa98a53e36460df09ba69c18eeb	4	2026-09-21	InputData/climate/atmosphere/bias-adjusted/global/daily/esm-picontrol/EC-Earth3-ESM-1-1/ec-earth3-esm-1-1_r1i1p1f1_era5_esm-picontrol_ps_global_30arcmin_daily_2051_2060.nc
InputData/climate/atmosphere/bias-adjusted/global/daily/esm-picontrol/EC-Earth3-ESM-1-1/ec-earth3-esm-1-1_r1i1p1f1_era5_esm-picontrol_ps_global_30arcmin_daily_2061_2070.nc	2063990150	4f8796ad4fb0fe4b29cd9302af7bbfd4	4	2026-09-21	InputData/climate/atmosphere/bias-adjusted/global/daily/esm-picontrol/EC-Earth3-ESM-1-1/ec-earth3-esm-1-1_r1i1p1f1_era5_esm-picontrol_ps_global_30arcmin_daily_2061_2070.nc
InputData/climate/atmosphere/bias-adjusted/global/daily/esm-picontrol/EC-Earth3-ESM-1-1/ec-earth3-esm-1-1_r1i1p1f1_era5_esm-picontrol_ps_global_30arcmin_daily_2071_2080.nc	2064206485	f5dcee013c6d4dfe4612cf65d73d93dc	4	2026-09-21	InputData/climate/atmosphere/bias-adjusted/global/daily/esm-picontrol/EC-Earth3-ESM-1-1/ec-earth3-esm-1-1_r1i1p1f1_era5_esm-picontrol_ps_global_30arcmin_daily_2071_2080.nc
InputData/climate/atmosphere/bias-adjusted/global/daily/esm-picontrol/EC-Earth3-ESM-1-1/ec-earth3-esm-1-1_r1i1p1f1_era5_esm-picontrol_ps_global_30arcmin_daily_2081_2090.nc	2063870521	94871a2c9c261b8738d3e425a125b58d	4	2026-09-21	InputData/climate/atmosphere/bias-adjusted/global/daily/esm-picontrol/EC-Earth3-ESM-1-1/ec-earth3-esm-1-1_r1i1p1f1_era5_esm-picontrol_ps_global_30arcmin_daily_2081_2090.nc
InputData/climate/atmosphere/bias-adjusted/global/daily/esm-picontrol/EC-Earth3-ESM-1-1/ec-earth3-esm-1-1_r1i1p1f1_era5_esm-picontrol_ps_global_30arcmin_daily_2091_2100.nc	2063691834	30ba3a1778cf76ba8a1dcb04f101ec06	4	2026-09-21	InputData/climate/atmosphere/bias-adjusted/global/daily/esm-picontrol/EC-Earth3-ESM-1-1/ec-earth3-esm-1-1_r1i1p1f1_era5_esm-picontrol_ps_global_30arcmin_daily_2091_2100.nc
InputData/climate/atmosphere/bias-adjusted/global/daily/esm-picontrol/EC-Earth3-ESM-1-1/ec-earth3-esm-1-1_r1i1p1f1_era5_esm-picontrol_rlds_global_30arcmin_daily_1601_1610.nc	2351855021	be8eb25c2035472f48aeb0e6d263504e	4	2026-09-21	InputData/climate/atmosphere/bias-adjusted/global/daily/esm-picontrol/EC-Earth3-ESM-1-1/ec-earth3-esm-1-1_r1i1p1f1_era5_esm-picontrol_rlds_global_30arcmin_daily_1601_1610.nc
InputData/climate/atmosphere/bias-adjusted/global/daily/esm-picontrol/EC-Earth3-ESM-1-1/ec-earth3-esm-1-1_r1i1p1f1_era5_esm-picontrol_rlds_global_30arcmin_daily_1611_1620.nc	2351836324	f800bc75bceea93d1f39b65f9bddfb76	4	2026-09-21	InputData/climate/atmosphere/bias-adjusted/global/daily/esm-picontrol/EC-Earth3-ESM-1-1/ec-earth3-esm-1-1_r1i1p1f1_era5_esm-picontrol_rlds_global_30arcmin_daily_1611_1620.nc
InputData/climate/atmosphere/bias-adjusted/global/daily/esm-picontrol/EC-Earth3-ESM-1-1/ec-earth3-esm-1-1_r1i1p1f1_era5_esm-picontrol_rlds_global_30arcmin_daily_1621_1630.nc	2351062011	8eb7e09d1512ee1436ec065da343635f	4	2026-09-21	InputData/climate/atmosphere/bias-adjusted/global/daily/esm-picontrol/EC-Earth3-ESM-1-1/ec-earth3-esm-1-1_r1i1p1f1_era5_esm-picontrol_rlds_global_30arcmin_daily_1621_1630.nc
InputData/climate/atmosphere/bias-adjusted/global/daily/esm-picontrol/EC-Earth3-ESM-1-1/ec-earth3-esm-1-1_r1i1p1f1_era5_esm-picontrol_rlds_global_30arcmin_daily_1631_1640.nc	2351475882	ca1ea96ec5b726885cd70d542de7d3a7	4	2026-09-21	InputData/climate/atmosphere/bias-adjusted/global/daily/esm-picontrol/EC-Earth3-ESM-1-1/ec-earth3-esm-1-1_r1i1p1f1_era5_esm-picontrol_rlds_global_30arcmin_daily_1631_1640.nc
InputData/climate/atmosphere/bias-adjusted/global/daily/esm-picontrol/EC-Earth3-ESM-1-1/ec-earth3-esm-1-1_r1i1p1f1_era5_esm-picontrol_rlds_global_30arcmin_daily_1641_1650.nc	2350947930	b6f506238e82b799b3d07f4787cca25e	4	2026-09-21	InputData/climate/atmosphere/bias-adjusted/global/daily/esm-picontrol/EC-Earth3-ESM-1-1/ec-earth3-esm-1-1_r1i1p1f1_era5_esm-picontrol_rlds_global_30arcmin_daily_1641_1650.nc
InputData/climate/atmosphere/bias-adjusted/global/daily/esm-picontrol/EC-Earth3-ESM-1-1/ec-earth3-esm-1-1_r1i1p1f1_era5_esm-picontrol_rlds_global_30arcmin_daily_1651_1660.nc	2350467358	0c8cfe2cafe9c327acbb1800bf94d9a2	4	2026-09-21	InputData/climate/atmosphere/bias-adjusted/global/daily/esm-picontrol/EC-Earth3-ESM-1-1/ec-earth3-esm-1-1_r1i1p1f1_era5_esm-picontrol_rlds_global_30arcmin_daily_1651_1660.nc
InputData/climate/atmosphere/bias-adjusted/global/daily/esm-picontrol/EC-Earth3-ESM-1-1/ec-earth3-esm-1-1_r1i1p1f1_era5_esm-picontrol_rlds_global_30arcmin_daily_1661_1670.nc	2350226844	faf3f239e33aa7643af2ac4292ea1cc2	4	2026-09-21	InputData/climate/atmosphere/bias-adjusted/global/daily/esm-picontrol/EC-Earth3-ESM-1-1/ec-earth3-esm-1-1_r1i1p1f1_era5_esm-picontrol_rlds_global_30arcmin_daily_1661_1670.nc
InputData/climate/atmosphere/bias-adjusted/global/daily/esm-picontrol/EC-Earth3-ESM-1-1/ec-earth3-esm-1-1_r1i1p1f1_era5_esm-picontrol_rlds_global_30arcmin_daily_1671_1680.nc	2351812592	e29f4eb7ead88b7b7838bca66895d560	4	2026-09-21	InputData/climate/atmosphere/bias-adjusted/global/daily/esm-picontrol/EC-Earth3-ESM-1-1/ec-earth3-esm-1-1_r1i1p1f1_era5_esm-picontrol_rlds_global_30arcmin_daily_1671_1680.nc
InputData/climate/atmosphere/bias-adjusted/global/daily/esm-picontrol/EC-Earth3-ESM-1-1/ec-earth3-esm-1-1_r1i1p1f1_era5_esm-picontrol_rlds_global_30arcmin_daily_1681_1690.nc	2350828657	3e40b5a1ab1de7faba11ec336af77ad9	4	2026-09-21	InputData/climate/atmosphere/bias-adjusted/global/daily/esm-picontrol/EC-Earth3-ESM-1-1/ec-earth3-esm-1-1_r1i1p1f1_era5_esm-picontrol_rlds_global_30arcmin_daily_1681_1690.nc
InputData/climate/atmosphere/bias-adjusted/global/daily/esm-picontrol/EC-Earth3-ESM-1-1/ec-earth3-esm-1-1_r1i1p1f1_era5_esm-picontrol_rlds_global_30arcmin_daily_1691_1700.nc	2351252894	e5c9391694864cae4acb7573e57a9929	4	2026-09-21	InputData/climate/atmosphere/bias-adjusted/global/daily/esm-picontrol/EC-Earth3-ESM-1-1/ec-earth3-esm-1-1_r1i1p1f1_era5_esm-picontrol_rlds_global_30arcmin_daily_1691_1700.nc
InputData/climate/atmosphere/bias-adjusted/global/daily/esm-picontrol/EC-Earth3-ESM-1-1/ec-earth3-esm-1-1_r1i1p1f1_era5_esm-picontrol_rlds_global_30arcmin_daily_1701_1710.nc	2351839718	6b2c6a287a1fb9916df4e8d1ae4a406d	4	2026-09-21	InputData/climate/atmosphere/bias-adjusted/global/daily/esm-picontrol/EC-Earth3-ESM-1-1/ec-earth3-esm-1-1_r1i1p1f1_era5_esm-picontrol_rlds_global_30arcmin_daily_1701_1710.nc
InputData/climate/atmosphere/bias-adjusted/global/daily/esm-picontrol/EC-Earth3-ESM-1-1/ec-earth3-esm-1-1_r1i1p1f1_era5_esm-picontrol_rlds_global_30arcmin_daily_1711_1720.nc	2351516305	308c3e0b0321f62b7a860b905e6f3ec9	4	2026-09-21	InputData/climate/atmosphere/bias-adjusted/global/daily/esm-picontrol/EC-Earth3-ESM-1-1/ec-earth3-esm-1-1_r1i1p1f1_era5_esm-picontrol_rlds_global_30arcmin_daily_1711_1720.nc
InputData/climate/atmosphere/bias-adjusted/global/daily/esm-picontrol/EC-Earth3-ESM-1-1/ec-earth3-esm-1-1_r1i1p1f1_era5_esm-picontrol_rlds_global_30arcmin_daily_1721_1730.nc	2350835728	8df259b37f224b39f3b0872b19352047	4	2026-09-21	InputData/climate/atmosphere/bias-adjusted/global/daily/esm-picontrol/EC-Earth3-ESM-1-1/ec-earth3-esm-1-1_r1i1p1f1_era5_esm-picontrol_rlds_global_30arcmin_daily_1721_1730.nc
InputData/climate/atmosphere/bias-adjusted/global/daily/esm-picontrol/EC-Earth3-ESM-1-1/ec-earth3-esm-1-1_r1i1p1f1_era5_esm-picontrol_rlds_global_30arcmin_daily_1731_1740.nc	2353932118	3b690735a1c84d67d3eb5cddfa0e7e83	4	2026-09-21	InputData/climate/atmosphere/bias-adjusted/global/daily/esm-picontrol/EC-Earth3-ESM-1-1/ec-earth3-esm-1-1_r1i1p1f1_era5_esm-picontrol_rlds_global_30arcmin_daily_1731_1740.nc
InputData/climate/atmosphere/bias-adjusted/global/daily/esm-picontrol/EC-Earth3-ESM-1-1/ec-earth3-esm-1-1_r1i1p1f1_era5_esm-picontrol_rlds_global_30arcmin_daily_1741_1750.nc	2354473815	b824e8a4ac933f68a2de2294c7422c51	4	2026-09-21	InputData/climate/atmosphere/bias-adjusted/global/daily/esm-picontrol/EC-Earth3-ESM-1-1/ec-earth3-esm-1-1_r1i1p1f1_era5_esm-picontrol_rlds_global_30arcmin_daily_1741_1750.nc
InputData/climate/atmosphere/bias-adjusted/global/daily/esm-picontrol/EC-Earth3-ESM-1-1/ec-earth3-esm-1-1_r1i1p1f1_era5_esm-picontrol_rlds_global_30arcmin_daily_1751_1760.nc	2354973416	eaea55e0164270bed3ec789a491c091d	4	2026-09-21	InputData/climate/atmosphere/bias-adjusted/global/daily/esm-picontrol/EC-Earth3-ESM-1-1/ec-earth3-esm-1-1_r1i1p1f1_era5_esm-picontrol_rlds_global_30arcmin_daily_1751_1760.nc
InputData/climate/atmosphere/bias-adjusted/global/daily/esm-picontrol/EC-Earth3-ESM-1-1/ec-earth3-esm-1-1_r1i1p1f1_era5_esm-picontrol_rlds_global_30arcmin_daily_1761_1770.nc	2353346545	b92f530be7ee454f1834b5b6753bf35e	4	2026-09-21	InputData/climate/atmosphere/bias-adjusted/global/daily/esm-picontrol/EC-Earth3-ESM-1-1/ec-earth3-esm-1-1_r1i1p1f1_era5_esm-picontrol_rlds_global_30arcmin_daily_1761_1770.nc
InputData/climate/atmosphere/bias-adjusted/global/daily/esm-picontrol/EC-Earth3-ESM-1-1/ec-earth3-esm-1-1_r1i1p1f1_era5_esm-picontrol_rlds_global_30arcmin_daily_1771_1780.nc	2352113499	db74ffe90c7c9d4e91eea431fbf32b79	4	2026-09-21	InputData/climate/atmosphere/bias-adjusted/global/daily/esm-picontrol/EC-Earth3-ESM-1-1/ec-earth3-esm-1-1_r1i1p1f1_era5_esm-picontrol_rlds_global_30arcmin_daily_1771_1780.nc
InputData/climate/atmosphere/bias-adjusted/global/daily/esm-picontrol/EC-Earth3-ESM-1-1/ec-earth3-esm-1-1_r1i1p1f1_era5_esm-picontrol_rlds_global_30arcmin_daily_1781_1790.nc	2350232099	edf410e2978b471b22665484ff622801	4	2026-09-21	InputData/climate/atmosphere/bias-adjusted/global/daily/esm-picontrol/EC-Earth3-ESM-1-1/ec-earth3-esm-1-1_r1i1p1f1_era5_esm-picontrol_rlds_global_30arcmin_daily_1781_1790.nc
InputData/climate/atmosphere/bias-adjusted/global/daily/esm-picontrol/EC-Earth3-ESM-1-1/ec-earth3-esm-1-1_r1i1p1f1_era5_esm-picontrol_rlds_global_30arcmin_daily_1791_1800.nc	2348314892	65cb2b9908b40d93f5a483b2a005d060	4	2026-09-21	InputData/climate/atmosphere/bias-adjusted/global/daily/esm-picontrol/EC-Earth3-ESM-1-1/ec-earth3-esm-1-1_r1i1p1f1_era5_esm-picontrol_rlds_global_30arcmin_daily_1791_1800.nc
InputData/climate/atmosphere/bias-adjusted/global/daily/esm-picontrol/EC-Earth3-ESM-1-1/ec-earth3-esm-1-1_r1i1p1f1_era5_esm-picontrol_rlds_global_30arcmin_daily_1801_1810.nc	2348044592	36732e1117d2918aa72d2fb4845c7014	4	2026-09-21	InputData/climate/atmosphere/bias-adjusted/global/daily/esm-picontrol/EC-Earth3-ESM-1-1/ec-earth3-esm-1-1_r1i1p1f1_era5_esm-picontrol_rlds_global_30arcmin_daily_1801_1810.nc
InputData/climate/atmosphere/bias-adjusted/global/daily/esm-picontrol/EC-Earth3-ESM-1-1/ec-earth3-esm-1-1_r1i1p1f1_era5_esm-picontrol_rlds_global_30arcmin_daily_1811_1820.nc	2351377041	a590482dc6ff7ab1b5b295d5cb2eb7db	4	2026-09-21	InputData/climate/atmosphere/bias-adjusted/global/daily/esm-picontrol/EC-Earth3-ESM-1-1/ec-earth3-esm-1-1_r1i1p1f1_era5_esm-picontrol_rlds_global_30arcmin_daily_1811_1820.nc
InputData/climate/atmosphere/bias-adjusted/global/daily/esm-picontrol/EC-Earth3-ESM-1-1/ec-earth3-esm-1-1_r1i1p1f1_era5_esm-picontrol_rlds_global_30arcmin_daily_1821_1830.nc	2349517392	feb4282a83e0049fef09b6d55f7a6958	4	2026-09-21	InputData/climate/atmosphere/bias-adjusted/global/daily/esm-picontrol/EC-Earth3-ESM-1-1/ec-earth3-esm-1-1_r1i1p1f1_era5_esm-picontrol_rlds_global_30arcmin_daily_1821_1830.nc
InputData/climate/atmosphere/bias-adjusted/global/daily/esm-picontrol/EC-Earth3-ESM-1-1/ec-earth3-esm-1-1_r1i1p1f1_era5_esm-picontrol_rlds_global_30arcmin_daily_1831_1840.nc	2350474520	57240c486ddddc34c7ffa274c2ce0ead	4	2026-09-21	InputData/climate/atmosphere/bias-adjusted/global/daily/esm-picontrol/EC-Earth3-ESM-1-1/ec-earth3-esm-1-1_r1i1p1f1_era5_esm-picontrol_rlds_global_30arcmin_daily_1831_1840.nc
InputData/climate/atmosphere/bias-adjusted/global/daily/esm-picontrol/EC-Earth3-ESM-1-1/ec-earth3-esm-1-1_r1i1p1f1_era5_esm-picontrol_rlds_global_30arcmin_daily_1841_1850.nc	2351842522	a365d9c9f4cfce31628c4d4150f107f7	4	2026-09-21	InputData/climate/atmosphere/bias-adjusted/global/daily/esm-picontrol/EC-Earth3-ESM-1-1/ec-earth3-esm-1-1_r1i1p1f1_era5_esm-picontrol_rlds_global_30arcmin_daily_1841_1850.nc
InputData/climate/atmosphere/bias-adjusted/global/daily/esm-picontrol/EC-Earth3-ESM-1-1/ec-earth3-esm-1-1_r1i1p1f1_era5_esm-picontrol_rlds_global_30arcmin_daily_1851_1860.nc	2352440535	9350608c95539edf97a8173c0bcbe039	4	2026-09-21	InputData/climate/atmosphere/bias-adjusted/global/daily/esm-picontrol/EC-Earth3-ESM-1-1/ec-earth3-esm-1-1_r1i1p1f1_era5_esm-picontrol_rlds_global_30arcmin_daily_1851_1860.nc
InputData/climate/atmosphere/bias-adjusted/global/daily/esm-picontrol/EC-Earth3-ESM-1-1/ec-earth3-esm-1-1_r1i1p1f1_era5_esm-picontrol_rlds_global_30arcmin_daily_1861_1870.nc	2353672053	ffdf4553546e34759e38930fe65b70c1	4	2026-09-21	InputData/climate/atmosphere/bias-adjusted/global/daily/esm-picontrol/EC-Earth3-ESM-1-1/ec-earth3-esm-1-1_r1i1p1f1_era5_esm-picontrol_rlds_global_30arcmin_daily_1861_1870.nc
InputData/climate/atmosphere/bias-adjusted/global/daily/esm-picontrol/EC-Earth3-ESM-1-1/ec-earth3-esm-1-1_r1i1p1f1_era5_esm-picontrol_rlds_global_30arcmin_daily_1871_1880.nc	2353167033	963e9acdaa0a5d71d6032f83c11cfe1d	4	2026-09-21	InputData/climate/atmosphere/bias-adjusted/global/daily/esm-picontrol/EC-Earth3-ESM-1-1/ec-earth3-esm-1-1_r1i1p1f1_era5_esm-picontrol_rlds_global_30arcmin_daily_1871_1880.nc
InputData/climate/atmosphere/bias-adjusted/global/daily/esm-picontrol/EC-Earth3-ESM-1-1/ec-earth3-esm-1-1_r1i1p1f1_era5_esm-picontrol_rlds_global_30arcmin_daily_1881_1890.nc	2354612998	fdfe91b867b30bd9d52e40f9821b2d5b	4	2026-09-21	InputData/climate/atmosphere/bias-adjusted/global/daily/esm-picontrol/EC-Earth3-ESM-1-1/ec-earth3-esm-1-1_r1i1p1f1_era5_esm-picontrol_rlds_global_30arcmin_daily_1881_1890.nc
InputData/climate/atmosphere/bias-adjusted/global/daily/esm-picontrol/EC-Earth3-ESM-1-1/ec-earth3-esm-1-1_r1i1p1f1_era5_esm-picontrol_rlds_global_30arcmin_daily_1891_1900.nc	2354467578	c30b5450a31c05afcebc6a9f661ad12c	4	2026-09-21	InputData/climate/atmosphere/bias-adjusted/global/daily/esm-picontrol/EC-Earth3-ESM-1-1/ec-earth3-esm-1-1_r1i1p1f1_era5_esm-picontrol_rlds_global_30arcmin_daily_1891_1900.nc
InputData/climate/atmosphere/bias-adjusted/global/daily/esm-picontrol/EC-Earth3-ESM-1-1/ec-earth3-esm-1-1_r1i1p1f1_era5_esm-picontrol_rlds_global_30arcmin_daily_1901_1910.nc	2351403989	302c31f0352333b5124ff6d5b26ffe7c	4	2026-09-21	InputData/climate/atmosphere/bias-adjusted/global/daily/esm-picontrol/EC-Earth3-ESM-1-1/ec-earth3-esm-1-1_r1i1p1f1_era5_esm-picontrol_rlds_global_30arcmin_daily_1901_1910.nc
InputData/climate/atmosphere/bias-adjusted/global/daily/esm-picontrol/EC-Earth3-ESM-1-1/ec-earth3-esm-1-1_r1i1p1f1_era5_esm-picontrol_rlds_global_30arcmin_daily_1911_1920.nc	2351833345	3ceb3e00e2fa14f4469b96f37ec038f9	4	2026-09-21	InputData/climate/atmosphere/bias-adjusted/global/daily/esm-picontrol/EC-Earth3-ESM-1-1/ec-earth3-esm-1-1_r1i1p1f1_era5_esm-picontrol_rlds_global_30arcmin_daily_1911_1920.nc
InputData/climate/atmosphere/bias-adjusted/global/daily/esm-picontrol/EC-Earth3-ESM-1-1/ec-earth3-esm-1-1_r1i1p1f1_era5_esm-picontrol_rlds_global_30arcmin_daily_1921_1930.nc	2350315662	ebcfc9e1557204d42771d9f12740764c	4	2026-09-21	InputData/climate/atmosphere/bias-adjusted/global/daily/esm-picontrol/EC-Earth3-ESM-1-1/ec-earth3-esm-1-1_r1i1p1f1_era5_esm-picontrol_rlds_global_30arcmin_daily_1921_1930.nc
InputData/climate/atmosphere/bias-adjusted/global/daily/esm-picontrol/EC-Earth3-ESM-1-1/ec-earth3-esm-1-1_r1i1p1f1_era5_esm-picontrol_rlds_global_30arcmin_daily_1931_1940.nc	2350738759	6d6db19df7637efdff59e636d6d3e4e8	4	2026-09-21	InputData/climate/atmosphere/bias-adjusted/global/daily/esm-picontrol/EC-Earth3-ESM-1-1/ec-earth3-esm-1-1_r1i1p1f1_era5_esm-picontrol_rlds_global_30arcmin_daily_1931_1940.nc
InputData/climate/atmosphere/bias-adjusted/global/daily/esm-picontrol/EC-Earth3-ESM-1-1/ec-earth3-esm-1-1_r1i1p1f1_era5_esm-picontrol_rlds_global_30arcmin_daily_1941_1950.nc	2349318683	21ba112c72bc4b376232f8b65e9ebea1	4	2026-09-21	InputData/climate/atmosphere/bias-adjusted/global/daily/esm-picontrol/EC-Earth3-ESM-1-1/ec-earth3-esm-1-1_r1i1p1f1_era5_esm-picontrol_rlds_global_30arcmin_daily_1941_1950.nc
InputData/climate/atmosphere/bias-adjusted/global/daily/esm-picontrol/EC-Earth3-ESM-1-1/ec-earth3-esm-1-1_r1i1p1f1_era5_esm-picontrol_rlds_global_30arcmin_daily_1951_1960.nc	2350642929	8e9f8d0eaf0123b6fa7db59496ca054f	4	2026-09-21	InputData/climate/atmosphere/bias-adjusted/global/daily/esm-picontrol/EC-Earth3-ESM-1-1/ec-earth3-esm-1-1_r1i1p1f1_era5_esm-picontrol_rlds_global_30arcmin_daily_1951_1960.nc
InputData/climate/atmosphere/bias-adjusted/global/daily/esm-picontrol/EC-Earth3-ESM-1-1/ec-earth3-esm-1-1_r1i1p1f1_era5_esm-picontrol_rlds_global_30arcmin_daily_1961_1970.nc	2351359079	e2adc2888e655b3bebb0faf60f4d22d2	4	2026-09-21	InputData/climate/atmosphere/bias-adjusted/global/daily/esm-picontrol/EC-Earth3-ESM-1-1/ec-earth3-esm-1-1_r1i1p1f1_era5_esm-picontrol_rlds_global_30arcmin_daily_1961_1970.nc
InputData/climate/atmosphere/bias-adjusted/global/daily/esm-picontrol/EC-Earth3-ESM-1-1/ec-earth3-esm-1-1_r1i1p1f1_era5_esm-picontrol_rlds_global_30arcmin_daily_1971_1980.nc	2353536177	c33a124f7a33e1ce27961689c847d4bd	4	2026-09-21	InputData/climate/atmosphere/bias-adjusted/global/daily/esm-picontrol/EC-Earth3-ESM-1-1/ec-earth3-esm-1-1_r1i1p1f1_era5_esm-picontrol_rlds_global_30arcmin_daily_1971_1980.nc
InputData/climate/atmosphere/bias-adjusted/global/daily/esm-picontrol/EC-Earth3-ESM-1-1/ec-earth3-esm-1-1_r1i1p1f1_era5_esm-picontrol_rlds_global_30arcmin_daily_1981_1990.nc	2354297771	dafb2b680bb25c846e67a2fc88a81aa4	4	2026-09-21	InputData/climate/atmosphere/bias-adjusted/global/daily/esm-picontrol/EC-Earth3-ESM-1-1/ec-earth3-esm-1-1_r1i1p1f1_era5_esm-picontrol_rlds_global_30arcmin_daily_1981_1990.nc
InputData/climate/atmosphere/bias-adjusted/global/daily/esm-picontrol/EC-Earth3-ESM-1-1/ec-earth3-esm-1-1_r1i1p1f1_era5_esm-picontrol_rlds_global_30arcmin_daily_1991_2000.nc	2354151479	d88f977d614a63348355b8f3bd68e401	4	2026-09-21	InputData/climate/atmosphere/bias-adjusted/global/daily/esm-picontrol/EC-Earth3-ESM-1-1/ec-earth3-esm-1-1_r1i1p1f1_era5_esm-picontrol_rlds_global_30arcmin_daily_1991_2000.nc
InputData/climate/atmosphere/bias-adjusted/global/daily/esm-picontrol/EC-Earth3-ESM-1-1/ec-earth3-esm-1-1_r1i1p1f1_era5_esm-picontrol_rlds_global_30arcmin_daily_2001_2010.nc	2352700138	82fffd8433f68a8510b10922fe04c6cd	4	2026-09-21	InputData/climate/atmosphere/bias-adjusted/global/daily/esm-picontrol/EC-Earth3-ESM-1-1/ec-earth3-esm-1-1_r1i1p1f1_era5_esm-picontrol_rlds_global_30arcmin_daily_2001_2010.nc
InputData/climate/atmosphere/bias-adjusted/global/daily/esm-picontrol/EC-Earth3-ESM-1-1/ec-earth3-esm-1-1_r1i1p1f1_era5_esm-picontrol_rlds_global_30arcmin_daily_2011_2020.nc	2354019520	76009b75565f1b73b7293b95db9cd885	4	2026-09-21	InputData/climate/atmosphere/bias-adjusted/global/daily/esm-picontrol/EC-Earth3-ESM-1-1/ec-earth3-esm-1-1_r1i1p1f1_era5_esm-picontrol_rlds_global_30arcmin_daily_2011_2020.nc
InputData/climate/atmosphere/bias-adjusted/global/daily/esm-picontrol/EC-Earth3-ESM-1-1/ec-earth3-esm-1-1_r1i1p1f1_era5_esm-picontrol_rlds_global_30arcmin_daily_2021_2030.nc	2354571309	6f61a2b7acec4e8409c12906cc95cc44	4	2026-09-21	InputData/climate/atmosphere/bias-adjusted/global/daily/esm-picontrol/EC-Earth3-ESM-1-1/ec-earth3-esm-1-1_r1i1p1f1_era5_esm-picontrol_rlds_global_30arcmin_daily_2021_2030.nc
InputData/climate/atmosphere/bias-adjusted/global/daily/esm-picontrol/EC-Earth3-ESM-1-1/ec-earth3-esm-1-1_r1i1p1f1_era5_esm-picontrol_rlds_global_30arcmin_daily_2031_2040.nc	2355872882	a82a5e1dce2bae2eae2de106dcc9a97b	4	2026-09-21	InputData/climate/atmosphere/bias-adjusted/global/daily/esm-picontrol/EC-Earth3-ESM-1-1/ec-earth3-esm-1-1_r1i1p1f1_era5_esm-picontrol_rlds_global_30arcmin_daily_2031_2040.nc
InputData/climate/atmosphere/bias-adjusted/global/daily/esm-picontrol/EC-Earth3-ESM-1-1/ec-earth3-esm-1-1_r1i1p1f1_era5_esm-picontrol_rlds_global_30arcmin_daily_2041_2050.nc	2354735850	c7c7dfae0e18545cde1a0d80cd79ddc3	4	2026-09-21	InputData/climate/atmosphere/bias-adjusted/global/daily/esm-picontrol/EC-Earth3-ESM-1-1/ec-earth3-esm-1-1_r1i1p1f1_era5_esm-picontrol_rlds_global_30arcmin_daily_2041_2050.nc
InputData/climate/atmosphere/bias-adjusted/global/daily/esm-picontrol/EC-Earth3-ESM-1-1/ec-earth3-esm-1-1_r1i1p1f1_era5_esm-picontrol_rlds_global_30arcmin_daily_2051_2060.nc	2355470716	2f0f6517ef93ebbd928271fc43f5b89d	4	2026-09-21	InputData/climate/atmosphere/bias-adjusted/global/daily/esm-picontrol/EC-Earth3-ESM-1-1/ec-earth3-esm-1-1_r1i1p1f1_era5_esm-picontrol_rlds_global_30arcmin_daily_2051_2060.nc
InputData/climate/atmosphere/bias-adjusted/global/daily/esm-picontrol/EC-Earth3-ESM-1-1/ec-earth3-esm-1-1_r1i1p1f1_era5_esm-picontrol_rlds_global_30arcmin_daily_2061_2070.nc	2355324060	62ad48cefd125eb65c394d31cbf8cced	4	2026-09-21	InputData/climate/atmosphere/bias-adjusted/global/daily/esm-picontrol/EC-Earth3-ESM-1-1/ec-earth3-esm-1-1_r1i1p1f1_era5_esm-picontrol_rlds_global_30arcmin_daily_2061_2070.nc
InputData/climate/atmosphere/bias-adjusted/global/daily/esm-picontrol/EC-Earth3-ESM-1-1/ec-earth3-esm-1-1_r1i1p1f1_era5_esm-picontrol_rlds_global_30arcmin_daily_2071_2080.nc	2353245040	8b033db2b4946d7f956726c1d287493a	4	2026-09-21	InputData/climate/atmosphere/bias-adjusted/global/daily/esm-picontrol/EC-Earth3-ESM-1-1/ec-earth3-esm-1-1_r1i1p1f1_era5_esm-picontrol_rlds_global_30arcmin_daily_2071_2080.nc
InputData/climate/atmosphere/bias-adjusted/global/daily/esm-picontrol/EC-Earth3-ESM-1-1/ec-earth3-esm-1-1_r1i1p1f1_era5_esm-picontrol_rlds_global_30arcmin_daily_2081_2090.nc	2352305198	730face9446dd0c08a72996327f802cd	4	2026-09-21	InputData/climate/atmosphere/bias-adjusted/global/daily/esm-picontrol/EC-Earth3-ESM-1-1/ec-earth3-esm-1-1_r1i1p1f1_era5_esm-picontrol_rlds_global_30arcmin_daily_2081_2090.nc
InputData/climate/atmosphere/bias-adjusted/global/daily/esm-picontrol/EC-Earth3-ESM-1-1/ec-earth3-esm-1-1_r1i1p1f1_era5_esm-picontrol_rlds_global_30arcmin_daily_2091_2100.nc	2352249435	35f7df39a1931e81fd45046797f04f15	4	2026-09-21	InputData/climate/atmosphere/bias-adjusted/global/daily/esm-picontrol/EC-Earth3-ESM-1-1/ec-earth3-esm-1-1_r1i1p1f1_era5_esm-picontrol_rlds_global_30arcmin_daily_2091_2100.nc
InputData/climate/atmosphere/bias-adjusted/global/daily/esm-picontrol/EC-Earth3-ESM-1-1/ec-earth3-esm-1-1_r1i1p1f1_era5_esm-picontrol_rsds_global_30arcmin_daily_1601_1610.nc	2440733245	d753ea12fd47c57694930192db6e33f5	4	2026-09-21	InputData/climate/atmosphere/bias-adjusted/global/daily/esm-picontrol/EC-Earth3-ESM-1-1/ec-earth3-esm-1-1_r1i1p1f1_era5_esm-picontrol_rsds_global_30arcmin_daily_1601_1610.nc
InputData/climate/atmosphere/bias-adjusted/global/daily/esm-picontrol/EC-Earth3-ESM-1-1/ec-earth3-esm-1-1_r1i1p1f1_era5_esm-picontrol_rsds_global_30arcmin_daily_1611_1620.nc	2441698418	515b6091c07769d33489739ce3829cfc	4	2026-09-21	InputData/climate/atmosphere/bias-adjusted/global/daily/esm-picontrol/EC-Earth3-ESM-1-1/ec-earth3-esm-1-1_r1i1p1f1_era5_esm-picontrol_rsds_global_30arcmin_daily_1611_1620.nc
InputData/climate/atmosphere/bias-adjusted/global/daily/esm-picontrol/EC-Earth3-ESM-1-1/ec-earth3-esm-1-1_r1i1p1f1_era5_esm-picontrol_rsds_global_30arcmin_daily_1621_1630.nc	2441047178	39f4e9627c3dc8d69fc23b63b1128a0a	4	2026-09-21	InputData/climate/atmosphere/bias-adjusted/global/daily/esm-picontrol/EC-Earth3-ESM-1-1/ec-earth3-esm-1-1_r1i1p1f1_era5_esm-picontrol_rsds_global_30arcmin_daily_1621_1630.nc
InputData/climate/atmosphere/bias-adjusted/global/daily/esm-picontrol/EC-Earth3-ESM-1-1/ec-earth3-esm-1-1_r1i1p1f1_era5_esm-picontrol_rsds_global_30arcmin_daily_1631_1640.nc	2442528030	80b2b093019191e0444f36e8a21a48bd	4	2026-09-21	InputData/climate/atmosphere/bias-adjusted/global/daily/esm-picontrol/EC-Earth3-ESM-1-1/ec-earth3-esm-1-1_r1i1p1f1_era5_esm-picontrol_rsds_global_30arcmin_daily_1631_1640.nc
InputData/climate/atmosphere/bias-adjusted/global/daily/esm-picontrol/EC-Earth3-ESM-1-1/ec-earth3-esm-1-1_r1i1p1f1_era5_esm-picontrol_rsds_global_30arcmin_daily_1641_1650.nc	2441234656	989faaed06d4ee59337587f5bfd03bb5	4	2026-09-21	InputData/climate/atmosphere/bias-adjusted/global/daily/esm-picontrol/EC-Earth3-ESM-1-1/ec-earth3-esm-1-1_r1i1p1f1_era5_esm-picontrol_rsds_global_30arcmin_daily_1641_1650.nc
InputData/climate/atmosphere/bias-adjusted/global/daily/esm-picontrol/EC-Earth3-ESM-1-1/ec-earth3-esm-1-1_r1i1p1f1_era5_esm-picontrol_rsds_global_30arcmin_daily_1651_1660.nc	2441828699	bbbbcae45970d95af4f3300d5a2d0556	4	2026-09-21	InputData/climate/atmosphere/bias-adjusted/global/daily/esm-picontrol/EC-Earth3-ESM-1-1/ec-earth3-esm-1-1_r1i1p1f1_era5_esm-picontrol_rsds_global_30arcmin_daily_1651_1660.nc
InputData/climate/atmosphere/bias-adjusted/global/daily/esm-picontrol/EC-Earth3-ESM-1-1/ec-earth3-esm-1-1_r1i1p1f1_era5_esm-picontrol_rsds_global_30arcmin_daily_1661_1670.nc	2441954360	0294ef50ae13673201ac5c57ff16bbd3	4	2026-09-21	InputData/climate/atmosphere/bias-adjusted/global/daily/esm-picontrol/EC-Earth3-ESM-1-1/ec-earth3-esm-1-1_r1i1p1f1_era5_esm-picontrol_rsds_global_30arcmin_daily_1661_1670.nc
InputData/climate/atmosphere/bias-adjusted/global/daily/esm-picontrol/EC-Earth3-ESM-1-1/ec-earth3-esm-1-1_r1i1p1f1_era5_esm-picontrol_rsds_global_30arcmin_daily_1671_1680.nc	2441320851	6ce4d631ed35b093ef9931fb3eb1b492	4	2026-09-21	InputData/climate/atmosphere/bias-adjusted/global/daily/esm-picontrol/EC-Earth3-ESM-1-1/ec-earth3-esm-1-1_r1i1p1f1_era5_esm-picontrol_rsds_global_30arcmin_daily_1671_1680.nc
InputData/climate/atmosphere/bias-adjusted/global/daily/esm-picontrol/EC-Earth3-ESM-1-1/ec-earth3-esm-1-1_r1i1p1f1_era5_esm-picontrol_rsds_global_30arcmin_daily_1681_1690.nc	2441846595	d8dab694edbef0d74af518237947cc90	4	2026-09-21	InputData/climate/atmosphere/bias-adjusted/global/daily/esm-picontrol/EC-Earth3-ESM-1-1/ec-earth3-esm-1-1_r1i1p1f1_era5_esm-picontrol_rsds_global_30arcmin_daily_1681_1690.nc
InputData/climate/atmosphere/bias-adjusted/global/daily/esm-picontrol/EC-Earth3-ESM-1-1/ec-earth3-esm-1-1_r1i1p1f1_era5_esm-picontrol_rsds_global_30arcmin_daily_1691_1700.nc	2441065434	fb8372016c08eeee748eb5db3db7dff2	4	2026-09-21	InputData/climate/atmosphere/bias-adjusted/global/daily/esm-picontrol/EC-Earth3-ESM-1-1/ec-earth3-esm-1-1_r1i1p1f1_era5_esm-picontrol_rsds_global_30arcmin_daily_1691_1700.nc
InputData/climate/atmosphere/bias-adjusted/global/daily/esm-picontrol/EC-Earth3-ESM-1-1/ec-earth3-esm-1-1_r1i1p1f1_era5_esm-picontrol_rsds_global_30arcmin_daily_1701_1710.nc	2441991731	08246ffac4a5b98ca8980f7ae2f63cb0	4	2026-09-21	InputData/climate/atmosphere/bias-adjusted/global/daily/esm-picontrol/EC-Earth3-ESM-1-1/ec-earth3-esm-1-1_r1i1p1f1_era5_esm-picontrol_rsds_global_30arcmin_daily_1701_1710.nc
InputData/climate/atmosphere/bias-adjusted/global/daily/esm-picontrol/EC-Earth3-ESM-1-1/ec-earth3-esm-1-1_r1i1p1f1_era5_esm-picontrol_rsds_global_30arcmin_daily_1711_1720.nc	2441510030	a344371d6e645c74f3252767f006d767	4	2026-09-21	InputData/climate/atmosphere/bias-adjusted/global/daily/esm-picontrol/EC-Earth3-ESM-1-1/ec-earth3-esm-1-1_r1i1p1f1_era5_esm-picontrol_rsds_global_30arcmin_daily_1711_1720.nc
InputData/climate/atmosphere/bias-adjusted/global/daily/esm-picontrol/EC-Earth3-ESM-1-1/ec-earth3-esm-1-1_r1i1p1f1_era5_esm-picontrol_rsds_global_30arcmin_daily_1721_1730.nc	2441643289	243086d200f39d9f2b11a9ca1b9c731c	4	2026-09-21	InputData/climate/atmosphere/bias-adjusted/global/daily/esm-picontrol/EC-Earth3-ESM-1-1/ec-earth3-esm-1-1_r1i1p1f1_era5_esm-picontrol_rsds_global_30arcmin_daily_1721_1730.nc
InputData/climate/atmosphere/bias-adjusted/global/daily/esm-picontrol/EC-Earth3-ESM-1-1/ec-earth3-esm-1-1_r1i1p1f1_era5_esm-picontrol_rsds_global_30arcmin_daily_1731_1740.nc	2441225995	f63b8d427b945c03855c86b0a10f3517	4	2026-09-21	InputData/climate/atmosphere/bias-adjusted/global/daily/esm-picontrol/EC-Earth3-ESM-1-1/ec-earth3-esm-1-1_r1i1p1f1_era5_esm-picontrol_rsds_global_30arcmin_daily_1731_1740.nc
InputData/climate/atmosphere/bias-adjusted/global/daily/esm-picontrol/EC-Earth3-ESM-1-1/ec-earth3-esm-1-1_r1i1p1f1_era5_esm-picontrol_rsds_global_30arcmin_daily_1741_1750.nc	2440616694	92cc570c81fd24b546f83bba47f3bf56	4	2026-09-21	InputData/climate/atmosphere/bias-adjusted/global/daily/esm-picontrol/EC-Earth3-ESM-1-1/ec-earth3-esm-1-1_r1i1p1f1_era5_esm-picontrol_rsds_global_30arcmin_daily_1741_1750.nc
InputData/climate/atmosphere/bias-adjusted/global/daily/esm-picontrol/EC-Earth3-ESM-1-1/ec-earth3-esm-1-1_r1i1p1f1_era5_esm-picontrol_rsds_global_30arcmin_daily_1751_1760.nc	2440994320	89ab77a4e59e2e19b2e5fc4fa038df37	4	2026-09-21	InputData/climate/atmosphere/bias-adjusted/global/daily/esm-picontrol/EC-Earth3-ESM-1-1/ec-earth3-esm-1-1_r1i1p1f1_era5_esm-picontrol_rsds_global_30arcmin_daily_1751_1760.nc
InputData/climate/atmosphere/bias-adjusted/global/daily/esm-picontrol/EC-Earth3-ESM-1-1/ec-earth3-esm-1-1_r1i1p1f1_era5_esm-picontrol_rsds_global_30arcmin_daily_1761_1770.nc	2439691705	722b6f3b8cfaa16234d63dfc160b066f	4	2026-09-21	InputData/climate/atmosphere/bias-adjusted/global/daily/esm-picontrol/EC-Earth3-ESM-1-1/ec-earth3-esm-1-1_r1i1p1f1_era5_esm-picontrol_rsds_global_30arcmin_daily_1761_1770.nc
InputData/climate/atmosphere/bias-adjusted/global/daily/esm-picontrol/EC-Earth3-ESM-1-1/ec-earth3-esm-1-1_r1i1p1f1_era5_esm-picontrol_rsds_global_30arcmin_daily_1771_1780.nc	2442662730	a950f8afb7425556d33fcc0b5c96255c	4	2026-09-21	InputData/climate/atmosphere/bias-adjusted/global/daily/esm-picontrol/EC-Earth3-ESM-1-1/ec-earth3-esm-1-1_r1i1p1f1_era5_esm-picontrol_rsds_global_30arcmin_daily_1771_1780.nc
InputData/climate/atmosphere/bias-adjusted/global/daily/esm-picontrol/EC-Earth3-ESM-1-1/ec-earth3-esm-1-1_r1i1p1f1_era5_esm-picontrol_rsds_global_30arcmin_daily_1781_1790.nc	2440840913	99743c9af6837a56de1464ea23cff5c9	4	2026-09-21	InputData/climate/atmosphere/bias-adjusted/global/daily/esm-picontrol/EC-Earth3-ESM-1-1/ec-earth3-esm-1-1_r1i1p1f1_era5_esm-picontrol_rsds_global_30arcmin_daily_1781_1790.nc
InputData/climate/atmosphere/bias-adjusted/global/daily/esm-picontrol/EC-Earth3-ESM-1-1/ec-earth3-esm-1-1_r1i1p1f1_era5_esm-picontrol_rsds_global_30arcmin_daily_1791_1800.nc	2442672384	72dfc6cf2c1b30d755abaff08c050c00	4	2026-09-21	InputData/climate/atmosphere/bias-adjusted/global/daily/esm-picontrol/EC-Earth3-ESM-1-1/ec-earth3-esm-1-1_r1i1p1f1_era5_esm-picontrol_rsds_global_30arcmin_daily_1791_1800.nc
InputData/climate/atmosphere/bias-adjusted/global/daily/esm-picontrol/EC-Earth3-ESM-1-1/ec-earth3-esm-1-1_r1i1p1f1_era5_esm-picontrol_rsds_global_30arcmin_daily_1801_1810.nc	2442636480	1b4f2363080d62746b3175a068f202d8	4	2026-09-21	InputData/climate/atmosphere/bias-adjusted/global/daily/esm-picontrol/EC-Earth3-ESM-1-1/ec-earth3-esm-1-1_r1i1p1f1_era5_esm-picontrol_rsds_global_30arcmin_daily_1801_1810.nc
InputData/climate/atmosphere/bias-adjusted/global/daily/esm-picontrol/EC-Earth3-ESM-1-1/ec-earth3-esm-1-1_r1i1p1f1_era5_esm-picontrol_rsds_global_30arcmin_daily_1811_1820.nc	2442121822	7a4600ba984d185bdc9a7482e6f4fc39	4	2026-09-21	InputData/climate/atmosphere/bias-adjusted/global/daily/esm-picontrol/EC-Earth3-ESM-1-1/ec-earth3-esm-1-1_r1i1p1f1_era5_esm-picontrol_rsds_global_30arcmin_daily_1811_1820.nc
InputData/climate/atmosphere/bias-adjusted/global/daily/esm-picontrol/EC-Earth3-ESM-1-1/ec-earth3-esm-1-1_r1i1p1f1_era5_esm-picontrol_rsds_global_30arcmin_daily_1821_1830.nc	2441504906	71a4c36fb593e43175f8e86951dfcf00	4	2026-09-21	InputData/climate/atmosphere/bias-adjusted/global/daily/esm-picontrol/EC-Earth3-ESM-1-1/ec-earth3-esm-1-1_r1i1p1f1_era5_esm-picontrol_rsds_global_30arcmin_daily_1821_1830.nc
InputData/climate/atmosphere/bias-adjusted/global/daily/esm-picontrol/EC-Earth3-ESM-1-1/ec-earth3-esm-1-1_r1i1p1f1_era5_esm-picontrol_rsds_global_30arcmin_daily_1831_1840.nc	2442746584	a62a18ce2da4c35751ced523b8c5c6fd	4	2026-09-21	InputData/climate/atmosphere/bias-adjusted/global/daily/esm-picontrol/EC-Earth3-ESM-1-1/ec-earth3-esm-1-1_r1i1p1f1_era5_esm-picontrol_rsds_global_30arcmin_daily_1831_1840.nc
InputData/climate/atmosphere/bias-adjusted/global/daily/esm-picontrol/EC-Earth3-ESM-1-1/ec-earth3-esm-1-1_r1i1p1f1_era5_esm-picontrol_rsds_global_30arcmin_daily_1841_1850.nc	2441597813	b890939ab0e008fb84f2ce3b323ca88e	4	2026-09-21	InputData/climate/atmosphere/bias-adjusted/global/daily/esm-picontrol/EC-Earth3-ESM-1-1/ec-earth3-esm-1-1_r1i1p1f1_era5_esm-picontrol_rsds_global_30arcmin_daily_1841_1850.nc
InputData/climate/atmosphere/bias-adjusted/global/daily/esm-picontrol/EC-Earth3-ESM-1-1/ec-earth3-esm-1-1_r1i1p1f1_era5_esm-picontrol_rsds_global_30arcmin_daily_1851_1860.nc	2441383618	102073662629f276e855f32d3620efbe	4	2026-09-21	InputData/climate/atmosphere/bias-adjusted/global/daily/esm-picontrol/EC-Earth3-ESM-1-1/ec-earth3-esm-1-1_r1i1p1f1_era5_esm-picontrol_rsds_global_30arcmin_daily_1851_1860.nc
InputData/climate/atmosphere/bias-adjusted/global/daily/esm-picontrol/EC-Earth3-ESM-1-1/ec-earth3-esm-1-1_r1i1p1f1_era5_esm-picontrol_rsds_global_30arcmin_daily_1861_1870.nc	2440446249	9eb6bd35817314f0b69c5100ab3b7db3	4	2026-09-21	InputData/climate/atmosphere/bias-adjusted/global/daily/esm-picontrol/EC-Earth3-ESM-1-1/ec-earth3-esm-1-1_r1i1p1f1_era5_esm-picontrol_rsds_global_30arcmin_daily_1861_1870.nc
InputData/climate/atmosphere/bias-adjusted/global/daily/esm-picontrol/EC-Earth3-ESM-1-1/ec-earth3-esm-1-1_r1i1p1f1_era5_esm-picontrol_rsds_global_30arcmin_daily_1871_1880.nc	2441158955	f008a55ca4b2760828777336df88e086	4	2026-09-21	InputData/climate/atmosphere/bias-adjusted/global/daily/esm-picontrol/EC-Earth3-ESM-1-1/ec-earth3-esm-1-1_r1i1p1f1_era5_esm-picontrol_rsds_global_30arcmin_daily_1871_1880.nc
InputData/climate/atmosphere/bias-adjusted/global/daily/esm-picontrol/EC-Earth3-ESM-1-1/ec-earth3-esm-1-1_r1i1p1f1_era5_esm-picontrol_rsds_global_30arcmin_daily_1881_1890.nc	2440986953	2eb7ba91e142a78cbe6ce2e1dca4751d	4	2026-09-21	InputData/climate/atmosphere/bias-adjusted/global/daily/esm-picontrol/EC-Earth3-ESM-1-1/ec-earth3-esm-1-1_r1i1p1f1_era5_esm-picontrol_rsds_global_30arcmin_daily_1881_1890.nc
InputData/climate/atmosphere/bias-adjusted/global/daily/esm-picontrol/EC-Earth3-ESM-1-1/ec-earth3-esm-1-1_r1i1p1f1_era5_esm-picontrol_rsds_global_30arcmin_daily_1891_1900.nc	2439752262	693d4b6170f1aafa106b5c4a54751ca8	4	2026-09-21	InputData/climate/atmosphere/bias-adjusted/global/daily/esm-picontrol/EC-Earth3-ESM-1-1/ec-earth3-esm-1-1_r1i1p1f1_era5_esm-picontrol_rsds_global_30arcmin_daily_1891_1900.nc
InputData/climate/atmosphere/bias-adjusted/global/daily/esm-picontrol/EC-Earth3-ESM-1-1/ec-earth3-esm-1-1_r1i1p1f1_era5_esm-picontrol_rsds_global_30arcmin_daily_1901_1910.nc	2441018556	e6a244aa40fa4b3323e0472a72cffd56	4	2026-09-21	InputData/climate/atmosphere/bias-adjusted/global/daily/esm-picontrol/EC-Earth3-ESM-1-1/ec-earth3-esm-1-1_r1i1p1f1_era5_esm-picontrol_rsds_global_30arcmin_daily_1901_1910.nc
InputData/climate/atmosphere/bias-adjusted/global/daily/esm-picontrol/EC-Earth3-ESM-1-1/ec-earth3-esm-1-1_r1i1p1f1_era5_esm-picontrol_rsds_global_30arcmin_daily_1911_1920.nc	2441739990	e02ae90d64d254af3909c510e53b6e1b	4	2026-09-21	InputData/climate/atmosphere/bias-adjusted/global/daily/esm-picontrol/EC-Earth3-ESM-1-1/ec-earth3-esm-1-1_r1i1p1f1_era5_esm-picontrol_rsds_global_30arcmin_daily_1911_1920.nc
InputData/climate/atmosphere/bias-adjusted/global/daily/esm-picontrol/EC-Earth3-ESM-1-1/ec-earth3-esm-1-1_r1i1p1f1_era5_esm-picontrol_rsds_global_30arcmin_daily_1921_1930.nc	2441371982	23360e09b40b3572d8d94a9f577947a4	4	2026-09-21	InputData/climate/atmosphere/bias-adjusted/global/daily/esm-picontrol/EC-Earth3-ESM-1-1/ec-earth3-esm-1-1_r1i1p1f1_era5_esm-picontrol_rsds_global_30arcmin_daily_1921_1930.nc
InputData/climate/atmosphere/bias-adjusted/global/daily/esm-picontrol/EC-Earth3-ESM-1-1/ec-earth3-esm-1-1_r1i1p1f1_era5_esm-picontrol_rsds_global_30arcmin_daily_1931_1940.nc	2442137716	977a7069aad50801d90acea556bbc4a1	4	2026-09-21	InputData/climate/atmosphere/bias-adjusted/global/daily/esm-picontrol/EC-Earth3-ESM-1-1/ec-earth3-esm-1-1_r1i1p1f1_era5_esm-picontrol_rsds_global_30arcmin_daily_1931_1940.nc
InputData/climate/atmosphere/bias-adjusted/global/daily/esm-picontrol/EC-Earth3-ESM-1-1/ec-earth3-esm-1-1_r1i1p1f1_era5_esm-picontrol_rsds_global_30arcmin_daily_1941_1950.nc	2441915427	b8a80746e42d8b923b18ea7c343cbf7f	4	2026-09-21	InputData/climate/atmosphere/bias-adjusted/global/daily/esm-picontrol/EC-Earth3-ESM-1-1/ec-earth3-esm-1-1_r1i1p1f1_era5_esm-picontrol_rsds_global_30arcmin_daily_1941_1950.nc
InputData/climate/atmosphere/bias-adjusted/global/daily/esm-picontrol/EC-Earth3-ESM-1-1/ec-earth3-esm-1-1_r1i1p1f1_era5_esm-picontrol_rsds_global_30arcmin_daily_1951_1960.nc	2443061321	4178bb3c0f5ed2d6afef9cee5e338a92	4	2026-09-21	InputData/climate/atmosphere/bias-adjusted/global/daily/esm-picontrol/EC-Earth3-ESM-1-1/ec-earth3-esm-1-1_r1i1p1f1_era5_esm-picontrol_rsds_global_30arcmin_daily_1951_1960.nc
InputData/climate/atmosphere/bias-adjusted/global/daily/esm-picontrol/EC-Earth3-ESM-1-1/ec-earth3-esm-1-1_r1i1p1f1_era5_esm-picontrol_rsds_global_30arcmin_daily_1961_1970.nc	2440325251	ceac1fdcc6c7aebe66f832929d28de16	4	2026-09-21	InputData/climate/atmosphere/bias-adjusted/global/daily/esm-picontrol/EC-Earth3-ESM-1-1/ec-earth3-esm-1-1_r1i1p1f1_era5_esm-picontrol_rsds_global_30arcmin_daily_1961_1970.nc
InputData/climate/atmosphere/bias-adjusted/global/daily/esm-picontrol/EC-Earth3-ESM-1-1/ec-earth3-esm-1-1_r1i1p1f1_era5_esm-picontrol_rsds_global_30arcmin_daily_1971_1980.nc	2441733112	c05d8b1e0214d5580de31906504558d9	4	2026-09-21	InputData/climate/atmosphere/bias-adjusted/global/daily/esm-picontrol/EC-Earth3-ESM-1-1/ec-earth3-esm-1-1_r1i1p1f1_era5_esm-picontrol_rsds_global_30arcmin_daily_1971_1980.nc
InputData/climate/atmosphere/bias-adjusted/global/daily/esm-picontrol/EC-Earth3-ESM-1-1/ec-earth3-esm-1-1_r1i1p1f1_era5_esm-picontrol_rsds_global_30arcmin_daily_1981_1990.nc	2439899768	d7a47616d349699fa36fd2aa0271833d	4	2026-09-21	InputData/climate/atmosphere/bias-adjusted/global/daily/esm-picontrol/EC-Earth3-ESM-1-1/ec-earth3-esm-1-1_r1i1p1f1_era5_esm-picontrol_rsds_global_30arcmin_daily_1981_1990.nc
InputData/climate/atmosphere/bias-adjusted/global/daily/esm-picontrol/EC-Earth3-ESM-1-1/ec-earth3-esm-1-1_r1i1p1f1_era5_esm-picontrol_rsds_global_30arcmin_daily_1991_2000.nc	2442138470	06f1659fd4496ed5602ab5880a216965	4	2026-09-21	InputData/climate/atmosphere/bias-adjusted/global/daily/esm-picontrol/EC-Earth3-ESM-1-1/ec-earth3-esm-1-1_r1i1p1f1_era5_esm-picontrol_rsds_global_30arcmin_daily_1991_2000.nc
InputData/climate/atmosphere/bias-adjusted/global/daily/esm-picontrol/EC-Earth3-ESM-1-1/ec-earth3-esm-1-1_r1i1p1f1_era5_esm-picontrol_rsds_global_30arcmin_daily_2001_2010.nc	2441256632	c2f0faf25e1cffc6d7ec606b03fbf336	4	2026-09-21	InputData/climate/atmosphere/bias-adjusted/global/daily/esm-picontrol/EC-Earth3-ESM-1-1/ec-earth3-esm-1-1_r1i1p1f1_era5_esm-picontrol_rsds_global_30arcmin_daily_2001_2010.nc
InputData/climate/atmosphere/bias-adjusted/global/daily/esm-picontrol/EC-Earth3-ESM-1-1/ec-earth3-esm-1-1_r1i1p1f1_era5_esm-picontrol_rsds_global_30arcmin_daily_2011_2020.nc	2440742027	19dddc2c880d3ab9d5180924e914ff29	4	2026-09-21	InputData/climate/atmosphere/bias-adjusted/global/daily/esm-picontrol/EC-Earth3-ESM-1-1/ec-earth3-esm-1-1_r1i1p1f1_era5_esm-picontrol_rsds_global_30arcmin_daily_2011_2020.nc
InputData/climate/atmosphere/bias-adjusted/global/daily/esm-picontrol/EC-Earth3-ESM-1-1/ec-earth3-esm-1-1_r1i1p1f1_era5_esm-picontrol_rsds_global_30arcmin_daily_2021_2030.nc	2440385607	1fb9fff1450fe2a44e3f0f0983d59a20	4	2026-09-21	InputData/climate/atmosphere/bias-adjusted/global/daily/esm-picontrol/EC-Earth3-ESM-1-1/ec-earth3-esm-1-1_r1i1p1f1_era5_esm-picontrol_rsds_global_30arcmin_daily_2021_2030.nc
InputData/climate/atmosphere/bias-adjusted/global/daily/esm-picontrol/EC-Earth3-ESM-1-1/ec-earth3-esm-1-1_r1i1p1f1_era5_esm-picontrol_rsds_global_30arcmin_daily_2031_2040.nc	2439960773	30ba9126d2900f4d06c07e0a14a7573b	4	2026-09-21	InputData/climate/atmosphere/bias-adjusted/global/daily/esm-picontrol/EC-Earth3-ESM-1-1/ec-earth3-esm-1-1_r1i1p1f1_era5_esm-picontrol_rsds_global_30arcmin_daily_2031_2040.nc
InputData/climate/atmosphere/bias-adjusted/global/daily/esm-picontrol/EC-Earth3-ESM-1-1/ec-earth3-esm-1-1_r1i1p1f1_era5_esm-picontrol_rsds_global_30arcmin_daily_2041_2050.nc	2439945696	eb3ef3780cbcf6642d4f8cd7ac676dc4	4	2026-09-21	InputData/climate/atmosphere/bias-adjusted/global/daily/esm-picontrol/EC-Earth3-ESM-1-1/ec-earth3-esm-1-1_r1i1p1f1_era5_esm-picontrol_rsds_global_30arcmin_daily_2041_2050.nc
InputData/climate/atmosphere/bias-adjusted/global/daily/esm-picontrol/EC-Earth3-ESM-1-1/ec-earth3-esm-1-1_r1i1p1f1_era5_esm-picontrol_rsds_global_30arcmin_daily_2051_2060.nc	2440191694	67a8c4a3a9f2ffc385a10e9faf41928d	4	2026-09-21	InputData/climate/atmosphere/bias-adjusted/global/daily/esm-picontrol/EC-Earth3-ESM-1-1/ec-earth3-esm-1-1_r1i1p1f1_era5_esm-picontrol_rsds_global_30arcmin_daily_2051_2060.nc
InputData/climate/atmosphere/bias-adjusted/global/daily/esm-picontrol/EC-Earth3-ESM-1-1/ec-earth3-esm-1-1_r1i1p1f1_era5_esm-picontrol_rsds_global_30arcmin_daily_2061_2070.nc	2440418896	f55c98301638409c3071e08572dc3514	4	2026-09-21	InputData/climate/atmosphere/bias-adjusted/global/daily/esm-picontrol/EC-Earth3-ESM-1-1/ec-earth3-esm-1-1_r1i1p1f1_era5_esm-picontrol_rsds_global_30arcmin_daily_2061_2070.nc
InputData/climate/atmosphere/bias-adjusted/global/daily/esm-picontrol/EC-Earth3-ESM-1-1/ec-earth3-esm-1-1_r1i1p1f1_era5_esm-picontrol_rsds_global_30arcmin_daily_2071_2080.nc	2440572454	a1551274a6edf24898197a4777e6d255	4	2026-09-21	InputData/climate/atmosphere/bias-adjusted/global/daily/esm-picontrol/EC-Earth3-ESM-1-1/ec-earth3-esm-1-1_r1i1p1f1_era5_esm-picontrol_rsds_global_30arcmin_daily_2071_2080.nc
InputData/climate/atmosphere/bias-adjusted/global/daily/esm-picontrol/EC-Earth3-ESM-1-1/ec-earth3-esm-1-1_r1i1p1f1_era5_esm-picontrol_rsds_global_30arcmin_daily_2081_2090.nc	2441497469	01aef465c32771d66e2b8176b50593e1	4	2026-09-21	InputData/climate/atmosphere/bias-adjusted/global/daily/esm-picontrol/EC-Earth3-ESM-1-1/ec-earth3-esm-1-1_r1i1p1f1_era5_esm-picontrol_rsds_global_30arcmin_daily_2081_2090.nc
InputData/climate/atmosphere/bias-adjusted/global/daily/esm-picontrol/EC-Earth3-ESM-1-1/ec-earth3-esm-1-1_r1i1p1f1_era5_esm-picontrol_rsds_global_30arcmin_daily_2091_2100.nc	2441895542	d3ad52cf2e8f49551873fdf297f80870	4	2026-09-21	InputData/climate/atmosphere/bias-adjusted/global/daily/esm-picontrol/EC-Earth3-ESM-1-1/ec-earth3-esm-1-1_r1i1p1f1_era5_esm-picontrol_rsds_global_30arcmin_daily_2091_2100.nc
InputData/climate/atmosphere/bias-adjusted/global/daily/esm-picontrol/EC-Earth3-ESM-1-1/ec-earth3-esm-1-1_r1i1p1f1_era5_esm-picontrol_sfcwind_global_30arcmin_daily_1601_1610.nc	2757069985	e4d56463571149d64bd48dbc0b30c40d	4	2026-09-21	InputData/climate/atmosphere/bias-adjusted/global/daily/esm-picontrol/EC-Earth3-ESM-1-1/ec-earth3-esm-1-1_r1i1p1f1_era5_esm-picontrol_sfcwind_global_30arcmin_daily_1601_1610.nc
InputData/climate/atmosphere/bias-adjusted/global/daily/esm-picontrol/EC-Earth3-ESM-1-1/ec-earth3-esm-1-1_r1i1p1f1_era5_esm-picontrol_sfcwind_global_30arcmin_daily_1611_1620.nc	2758352263	8da6aa1ed9612761e3f6832ed3ff5914	4	2026-09-21	InputData/climate/atmosphere/bias-adjusted/global/daily/esm-picontrol/EC-Earth3-ESM-1-1/ec-earth3-esm-1-1_r1i1p1f1_era5_esm-picontrol_sfcwind_global_30arcmin_daily_1611_1620.nc
InputData/climate/atmosphere/bias-adjusted/global/daily/esm-picontrol/EC-Earth3-ESM-1-1/ec-earth3-esm-1-1_r1i1p1f1_era5_esm-picontrol_sfcwind_global_30arcmin_daily_1621_1630.nc	2757651537	daa4a29334697acb23f00556213a6bc8	4	2026-09-21	InputData/climate/atmosphere/bias-adjusted/global/daily/esm-picontrol/EC-Earth3-ESM-1-1/ec-earth3-esm-1-1_r1i1p1f1_era5_esm-picontrol_sfcwind_global_30arcmin_daily_1621_1630.nc
InputData/climate/atmosphere/bias-adjusted/global/daily/esm-picontrol/EC-Earth3-ESM-1-1/ec-earth3-esm-1-1_r1i1p1f1_era5_esm-picontrol_sfcwind_global_30arcmin_daily_1631_1640.nc	2758081426	f71c1554d7ffee2c531c8ae0137b0afd	4	2026-09-21	InputData/climate/atmosphere/bias-adjusted/global/daily/esm-picontrol/EC-Earth3-ESM-1-1/ec-earth3-esm-1-1_r1i1p1f1_era5_esm-picontrol_sfcwind_global_30arcmin_daily_1631_1640.nc
InputData/climate/atmosphere/bias-adjusted/global/daily/esm-picontrol/EC-Earth3-ESM-1-1/ec-earth3-esm-1-1_r1i1p1f1_era5_esm-picontrol_sfcwind_global_30arcmin_daily_1641_1650.nc	2757003738	bc91323c6a1bb424fdd40de44200db25	4	2026-09-21	InputData/climate/atmosphere/bias-adjusted/global/daily/esm-picontrol/EC-Earth3-ESM-1-1/ec-earth3-esm-1-1_r1i1p1f1_era5_esm-picontrol_sfcwind_global_30arcmin_daily_1641_1650.nc
InputData/climate/atmosphere/bias-adjusted/global/daily/esm-picontrol/EC-Earth3-ESM-1-1/ec-earth3-esm-1-1_r1i1p1f1_era5_esm-picontrol_sfcwind_global_30arcmin_daily_1651_1660.nc	2757858233	c2e0c386c529811d8c00c4bce29ee9b0	4	2026-09-21	InputData/climate/atmosphere/bias-adjusted/global/daily/esm-picontrol/EC-Earth3-ESM-1-1/ec-earth3-esm-1-1_r1i1p1f1_era5_esm-picontrol_sfcwind_global_30arcmin_daily_1651_1660.nc
InputData/climate/atmosphere/bias-adjusted/global/daily/esm-picontrol/EC-Earth3-ESM-1-1/ec-earth3-esm-1-1_r1i1p1f1_era5_esm-picontrol_sfcwind_global_30arcmin_daily_1661_1670.nc	2756888245	c9f3636c4c12170cbee9e339048afd6c	4	2026-09-21	InputData/climate/atmosphere/bias-adjusted/global/daily/esm-picontrol/EC-Earth3-ESM-1-1/ec-earth3-esm-1-1_r1i1p1f1_era5_esm-picontrol_sfcwind_global_30arcmin_daily_1661_1670.nc
InputData/climate/atmosphere/bias-adjusted/global/daily/esm-picontrol/EC-Earth3-ESM-1-1/ec-earth3-esm-1-1_r1i1p1f1_era5_esm-picontrol_sfcwind_global_30arcmin_daily_1671_1680.nc	2758443155	a18128576b562a54e06b50de50201082	4	2026-09-21	InputData/climate/atmosphere/bias-adjusted/global/daily/esm-picontrol/EC-Earth3-ESM-1-1/ec-earth3-esm-1-1_r1i1p1f1_era5_esm-picontrol_sfcwind_global_30arcmin_daily_1671_1680.nc
InputData/climate/atmosphere/bias-adjusted/global/daily/esm-picontrol/EC-Earth3-ESM-1-1/ec-earth3-esm-1-1_r1i1p1f1_era5_esm-picontrol_sfcwind_global_30arcmin_daily_1681_1690.nc	2757621432	91e591608397f9d11bc655c7aa634f0a	4	2026-09-21	InputData/climate/atmosphere/bias-adjusted/global/daily/esm-picontrol/EC-Earth3-ESM-1-1/ec-earth3-esm-1-1_r1i1p1f1_era5_esm-picontrol_sfcwind_global_30arcmin_daily_1681_1690.nc
InputData/climate/atmosphere/bias-adjusted/global/daily/esm-picontrol/EC-Earth3-ESM-1-1/ec-earth3-esm-1-1_r1i1p1f1_era5_esm-picontrol_sfcwind_global_30arcmin_daily_1691_1700.nc	2756945613	6d1451d9c200ba7500efdaab200cd6e7	4	2026-09-21	InputData/climate/atmosphere/bias-adjusted/global/daily/esm-picontrol/EC-Earth3-ESM-1-1/ec-earth3-esm-1-1_r1i1p1f1_era5_esm-picontrol_sfcwind_global_30arcmin_daily_1691_1700.nc
InputData/climate/atmosphere/bias-adjusted/global/daily/esm-picontrol/EC-Earth3-ESM-1-1/ec-earth3-esm-1-1_r1i1p1f1_era5_esm-picontrol_sfcwind_global_30arcmin_daily_1701_1710.nc	2757435590	59593ffb104d1ef91830c40d3e106882	4	2026-09-21	InputData/climate/atmosphere/bias-adjusted/global/daily/esm-picontrol/EC-Earth3-ESM-1-1/ec-earth3-esm-1-1_r1i1p1f1_era5_esm-picontrol_sfcwind_global_30arcmin_daily_1701_1710.nc
InputData/climate/atmosphere/bias-adjusted/global/daily/esm-picontrol/EC-Earth3-ESM-1-1/ec-earth3-esm-1-1_r1i1p1f1_era5_esm-picontrol_sfcwind_global_30arcmin_daily_1711_1720.nc	2757306996	6ec4b4d56c384f80959cc1eb448b354c	4	2026-09-21	InputData/climate/atmosphere/bias-adjusted/global/daily/esm-picontrol/EC-Earth3-ESM-1-1/ec-earth3-esm-1-1_r1i1p1f1_era5_esm-picontrol_sfcwind_global_30arcmin_daily_1711_1720.nc
InputData/climate/atmosphere/bias-adjusted/global/daily/esm-picontrol/EC-Earth3-ESM-1-1/ec-earth3-esm-1-1_r1i1p1f1_era5_esm-picontrol_sfcwind_global_30arcmin_daily_1721_1730.nc	2757217162	e77c60ed64b34d1bc724af84011e966f	4	2026-09-21	InputData/climate/atmosphere/bias-adjusted/global/daily/esm-picontrol/EC-Earth3-ESM-1-1/ec-earth3-esm-1-1_r1i1p1f1_era5_esm-picontrol_sfcwind_global_30arcmin_daily_1721_1730.nc
InputData/climate/atmosphere/bias-adjusted/global/daily/esm-picontrol/EC-Earth3-ESM-1-1/ec-earth3-esm-1-1_r1i1p1f1_era5_esm-picontrol_sfcwind_global_30arcmin_daily_1731_1740.nc	2757838080	efb124759e97f6c872f3e483ec86b253	4	2026-09-21	InputData/climate/atmosphere/bias-adjusted/global/daily/esm-picontrol/EC-Earth3-ESM-1-1/ec-earth3-esm-1-1_r1i1p1f1_era5_esm-picontrol_sfcwind_global_30arcmin_daily_1731_1740.nc
InputData/climate/atmosphere/bias-adjusted/global/daily/esm-picontrol/EC-Earth3-ESM-1-1/ec-earth3-esm-1-1_r1i1p1f1_era5_esm-picontrol_sfcwind_global_30arcmin_daily_1741_1750.nc	2757852122	fa0e4442e40941eb25f386778739a476	4	2026-09-21	InputData/climate/atmosphere/bias-adjusted/global/daily/esm-picontrol/EC-Earth3-ESM-1-1/ec-earth3-esm-1-1_r1i1p1f1_era5_esm-picontrol_sfcwind_global_30arcmin_daily_1741_1750.nc
InputData/climate/atmosphere/bias-adjusted/global/daily/esm-picontrol/EC-Earth3-ESM-1-1/ec-earth3-esm-1-1_r1i1p1f1_era5_esm-picontrol_sfcwind_global_30arcmin_daily_1751_1760.nc	2757715659	fa26685f449bfa8040533208a285f942	4	2026-09-21	InputData/climate/atmosphere/bias-adjusted/global/daily/esm-picontrol/EC-Earth3-ESM-1-1/ec-earth3-esm-1-1_r1i1p1f1_era5_esm-picontrol_sfcwind_global_30arcmin_daily_1751_1760.nc
InputData/climate/atmosphere/bias-adjusted/global/daily/esm-picontrol/EC-Earth3-ESM-1-1/ec-earth3-esm-1-1_r1i1p1f1_era5_esm-picontrol_sfcwind_global_30arcmin_daily_1761_1770.nc	2756894258	6a72d648faf92e8403c3a8c2500e6c3b	4	2026-09-21	InputData/climate/atmosphere/bias-adjusted/global/daily/esm-picontrol/EC-Earth3-ESM-1-1/ec-earth3-esm-1-1_r1i1p1f1_era5_esm-picontrol_sfcwind_global_30arcmin_daily_1761_1770.nc
InputData/climate/atmosphere/bias-adjusted/global/daily/esm-picontrol/EC-Earth3-ESM-1-1/ec-earth3-esm-1-1_r1i1p1f1_era5_esm-picontrol_sfcwind_global_30arcmin_daily_1771_1780.nc	2758207349	d6dae2c145107f4c13fa8222b68c620f	4	2026-09-21	InputData/climate/atmosphere/bias-adjusted/global/daily/esm-picontrol/EC-Earth3-ESM-1-1/ec-earth3-esm-1-1_r1i1p1f1_era5_esm-picontrol_sfcwind_global_30arcmin_daily_1771_1780.nc
InputData/climate/atmosphere/bias-adjusted/global/daily/esm-picontrol/EC-Earth3-ESM-1-1/ec-earth3-esm-1-1_r1i1p1f1_era5_esm-picontrol_sfcwind_global_30arcmin_daily_1781_1790.nc	2757399424	a677829c123bf24d7161c694cd39fd67	4	2026-09-21	InputData/climate/atmosphere/bias-adjusted/global/daily/esm-picontrol/EC-Earth3-ESM-1-1/ec-earth3-esm-1-1_r1i1p1f1_era5_esm-picontrol_sfcwind_global_30arcmin_daily_1781_1790.nc
InputData/climate/atmosphere/bias-adjusted/global/daily/esm-picontrol/EC-Earth3-ESM-1-1/ec-earth3-esm-1-1_r1i1p1f1_era5_esm-picontrol_sfcwind_global_30arcmin_daily_1791_1800.nc	2757888907	f865cf397964140504c97105084f63d5	4	2026-09-21	InputData/climate/atmosphere/bias-adjusted/global/daily/esm-picontrol/EC-Earth3-ESM-1-1/ec-earth3-esm-1-1_r1i1p1f1_era5_esm-picontrol_sfcwind_global_30arcmin_daily_1791_1800.nc
InputData/climate/atmosphere/bias-adjusted/global/daily/esm-picontrol/EC-Earth3-ESM-1-1/ec-earth3-esm-1-1_r1i1p1f1_era5_esm-picontrol_sfcwind_global_30arcmin_daily_1801_1810.nc	2757079103	14d799779c1f5dc6bb6871d8655c1b9a	4	2026-09-21	InputData/climate/atmosphere/bias-adjusted/global/daily/esm-picontrol/EC-Earth3-ESM-1-1/ec-earth3-esm-1-1_r1i1p1f1_era5_esm-picontrol_sfcwind_global_30arcmin_daily_1801_1810.nc
InputData/climate/atmosphere/bias-adjusted/global/daily/esm-picontrol/EC-Earth3-ESM-1-1/ec-earth3-esm-1-1_r1i1p1f1_era5_esm-picontrol_sfcwind_global_30arcmin_daily_1811_1820.nc	2757790633	ba9e6635b4d563362b7e2ad8bb209aa7	4	2026-09-21	InputData/climate/atmosphere/bias-adjusted/global/daily/esm-picontrol/EC-Earth3-ESM-1-1/ec-earth3-esm-1-1_r1i1p1f1_era5_esm-picontrol_sfcwind_global_30arcmin_daily_1811_1820.nc
InputData/climate/atmosphere/bias-adjusted/global/daily/esm-picontrol/EC-Earth3-ESM-1-1/ec-earth3-esm-1-1_r1i1p1f1_era5_esm-picontrol_sfcwind_global_30arcmin_daily_1821_1830.nc	2757270908	8ba63f72386b04d4b344138cba1d8b8f	4	2026-09-21	InputData/climate/atmosphere/bias-adjusted/global/daily/esm-picontrol/EC-Earth3-ESM-1-1/ec-earth3-esm-1-1_r1i1p1f1_era5_esm-picontrol_sfcwind_global_30arcmin_daily_1821_1830.nc
InputData/climate/atmosphere/bias-adjusted/global/daily/esm-picontrol/EC-Earth3-ESM-1-1/ec-earth3-esm-1-1_r1i1p1f1_era5_esm-picontrol_sfcwind_global_30arcmin_daily_1831_1840.nc	2758351089	400669d69e9eb596b752165650bd591c	4	2026-09-21	InputData/climate/atmosphere/bias-adjusted/global/daily/esm-picontrol/EC-Earth3-ESM-1-1/ec-earth3-esm-1-1_r1i1p1f1_era5_esm-picontrol_sfcwind_global_30arcmin_daily_1831_1840.nc
InputData/climate/atmosphere/bias-adjusted/global/daily/esm-picontrol/EC-Earth3-ESM-1-1/ec-earth3-esm-1-1_r1i1p1f1_era5_esm-picontrol_sfcwind_global_30arcmin_daily_1841_1850.nc	2756928314	24726da97a5dcb3b7ac0169bb7cd4d39	4	2026-09-21	InputData/climate/atmosphere/bias-adjusted/global/daily/esm-picontrol/EC-Earth3-ESM-1-1/ec-earth3-esm-1-1_r1i1p1f1_era5_esm-picontrol_sfcwind_global_30arcmin_daily_1841_1850.nc
InputData/climate/atmosphere/bias-adjusted/global/daily/esm-picontrol/EC-Earth3-ESM-1-1/ec-earth3-esm-1-1_r1i1p1f1_era5_esm-picontrol_sfcwind_global_30arcmin_daily_1851_1860.nc	2757692953	d7aade2602459203e2e6a7bc81ae1cde	4	2026-09-21	InputData/climate/atmosphere/bias-adjusted/global/daily/esm-picontrol/EC-Earth3-ESM-1-1/ec-earth3-esm-1-1_r1i1p1f1_era5_esm-picontrol_sfcwind_global_30arcmin_daily_1851_1860.nc
InputData/climate/atmosphere/bias-adjusted/global/daily/esm-picontrol/EC-Earth3-ESM-1-1/ec-earth3-esm-1-1_r1i1p1f1_era5_esm-picontrol_sfcwind_global_30arcmin_daily_1861_1870.nc	2756554708	67f70d701e3ab9c3113ea38171d966a7	4	2026-09-21	InputData/climate/atmosphere/bias-adjusted/global/daily/esm-picontrol/EC-Earth3-ESM-1-1/ec-earth3-esm-1-1_r1i1p1f1_era5_esm-picontrol_sfcwind_global_30arcmin_daily_1861_1870.nc
InputData/climate/atmosphere/bias-adjusted/global/daily/esm-picontrol/EC-Earth3-ESM-1-1/ec-earth3-esm-1-1_r1i1p1f1_era5_esm-picontrol_sfcwind_global_30arcmin_daily_1871_1880.nc	2757747742	4e1218796ffc6fc5ff51fca45643f011	4	2026-09-21	InputData/climate/atmosphere/bias-adjusted/global/daily/esm-picontrol/EC-Earth3-ESM-1-1/ec-earth3-esm-1-1_r1i1p1f1_era5_esm-picontrol_sfcwind_global_30arcmin_daily_1871_1880.nc
InputData/climate/atmosphere/bias-adjusted/global/daily/esm-picontrol/EC-Earth3-ESM-1-1/ec-earth3-esm-1-1_r1i1p1f1_era5_esm-picontrol_sfcwind_global_30arcmin_daily_1881_1890.nc	2756801637	ce2217c9338525e622c3f3638a7970d0	4	2026-09-21	InputData/climate/atmosphere/bias-adjusted/global/daily/esm-picontrol/EC-Earth3-ESM-1-1/ec-earth3-esm-1-1_r1i1p1f1_era5_esm-picontrol_sfcwind_global_30arcmin_daily_1881_1890.nc
InputData/climate/atmosphere/bias-adjusted/global/daily/esm-picontrol/EC-Earth3-ESM-1-1/ec-earth3-esm-1-1_r1i1p1f1_era5_esm-picontrol_sfcwind_global_30arcmin_daily_1891_1900.nc	2757261362	8d2e0a26abfaf402e8ab02a6eb46818e	4	2026-09-21	InputData/climate/atmosphere/bias-adjusted/global/daily/esm-picontrol/EC-Earth3-ESM-1-1/ec-earth3-esm-1-1_r1i1p1f1_era5_esm-picontrol_sfcwind_global_30arcmin_daily_1891_1900.nc
InputData/climate/atmosphere/bias-adjusted/global/daily/esm-picontrol/EC-Earth3-ESM-1-1/ec-earth3-esm-1-1_r1i1p1f1_era5_esm-picontrol_sfcwind_global_30arcmin_daily_1901_1910.nc	2757133955	584c0869f25d8fa8b15b102718edfe16	4	2026-09-21	InputData/climate/atmosphere/bias-adjusted/global/daily/esm-picontrol/EC-Earth3-ESM-1-1/ec-earth3-esm-1-1_r1i1p1f1_era5_esm-picontrol_sfcwind_global_30arcmin_daily_1901_1910.nc
InputData/climate/atmosphere/bias-adjusted/global/daily/esm-picontrol/EC-Earth3-ESM-1-1/ec-earth3-esm-1-1_r1i1p1f1_era5_esm-picontrol_sfcwind_global_30arcmin_daily_1911_1920.nc	2757586249	c26580bfcb546cb3b659754d4d552b32	4	2026-09-21	InputData/climate/atmosphere/bias-adjusted/global/daily/esm-picontrol/EC-Earth3-ESM-1-1/ec-earth3-esm-1-1_r1i1p1f1_era5_esm-picontrol_sfcwind_global_30arcmin_daily_1911_1920.nc
InputData/climate/atmosphere/bias-adjusted/global/daily/esm-picontrol/EC-Earth3-ESM-1-1/ec-earth3-esm-1-1_r1i1p1f1_era5_esm-picontrol_sfcwind_global_30arcmin_daily_1921_1930.nc	2757563500	a50e230ebeb39578f492a78a6aef2b69	4	2026-09-21	InputData/climate/atmosphere/bias-adjusted/global/daily/esm-picontrol/EC-Earth3-ESM-1-1/ec-earth3-esm-1-1_r1i1p1f1_era5_esm-picontrol_sfcwind_global_30arcmin_daily_1921_1930.nc
InputData/climate/atmosphere/bias-adjusted/global/daily/esm-picontrol/EC-Earth3-ESM-1-1/ec-earth3-esm-1-1_r1i1p1f1_era5_esm-picontrol_sfcwind_global_30arcmin_daily_1931_1940.nc	2757901089	e35882ec3691ac8ed2254937824f30f0	4	2026-09-21	InputData/climate/atmosphere/bias-adjusted/global/daily/esm-picontrol/EC-Earth3-ESM-1-1/ec-earth3-esm-1-1_r1i1p1f1_era5_esm-picontrol_sfcwind_global_30arcmin_daily_1931_1940.nc
InputData/climate/atmosphere/bias-adjusted/global/daily/esm-picontrol/EC-Earth3-ESM-1-1/ec-earth3-esm-1-1_r1i1p1f1_era5_esm-picontrol_sfcwind_global_30arcmin_daily_1941_1950.nc	2757807824	2a908b48221797e77fff1db9cc108283	4	2026-09-21	InputData/climate/atmosphere/bias-adjusted/global/daily/esm-picontrol/EC-Earth3-ESM-1-1/ec-earth3-esm-1-1_r1i1p1f1_era5_esm-picontrol_sfcwind_global_30arcmin_daily_1941_1950.nc
InputData/climate/atmosphere/bias-adjusted/global/daily/esm-picontrol/EC-Earth3-ESM-1-1/ec-earth3-esm-1-1_r1i1p1f1_era5_esm-picontrol_sfcwind_global_30arcmin_daily_1951_1960.nc	2757750620	c56d5523beacd2bf0f7efa9370efdb42	4	2026-09-21	InputData/climate/atmosphere/bias-adjusted/global/daily/esm-picontrol/EC-Earth3-ESM-1-1/ec-earth3-esm-1-1_r1i1p1f1_era5_esm-picontrol_sfcwind_global_30arcmin_daily_1951_1960.nc
InputData/climate/atmosphere/bias-adjusted/global/daily/esm-picontrol/EC-Earth3-ESM-1-1/ec-earth3-esm-1-1_r1i1p1f1_era5_esm-picontrol_sfcwind_global_30arcmin_daily_1961_1970.nc	2757121918	ebf04401e2af1b93e583be5bc622363c	4	2026-09-21	InputData/climate/atmosphere/bias-adjusted/global/daily/esm-picontrol/EC-Earth3-ESM-1-1/ec-earth3-esm-1-1_r1i1p1f1_era5_esm-picontrol_sfcwind_global_30arcmin_daily_1961_1970.nc
InputData/climate/atmosphere/bias-adjusted/global/daily/esm-picontrol/EC-Earth3-ESM-1-1/ec-earth3-esm-1-1_r1i1p1f1_era5_esm-picontrol_sfcwind_global_30arcmin_daily_1971_1980.nc	2758744206	2eaf80138f2ce957a000203fcdd39061	4	2026-09-21	InputData/climate/atmosphere/bias-adjusted/global/daily/esm-picontrol/EC-Earth3-ESM-1-1/ec-earth3-esm-1-1_r1i1p1f1_era5_esm-picontrol_sfcwind_global_30arcmin_daily_1971_1980.nc
InputData/climate/atmosphere/bias-adjusted/global/daily/esm-picontrol/EC-Earth3-ESM-1-1/ec-earth3-esm-1-1_r1i1p1f1_era5_esm-picontrol_sfcwind_global_30arcmin_daily_1981_1990.nc	2757230930	00afa322ac7c4ab94f85932bb0f25c9d	4	2026-09-21	InputData/climate/atmosphere/bias-adjusted/global/daily/esm-picontrol/EC-Earth3-ESM-1-1/ec-earth3-esm-1-1_r1i1p1f1_era5_esm-picontrol_sfcwind_global_30arcmin_daily_1981_1990.nc
InputData/climate/atmosphere/bias-adjusted/global/daily/esm-picontrol/EC-Earth3-ESM-1-1/ec-earth3-esm-1-1_r1i1p1f1_era5_esm-picontrol_sfcwind_global_30arcmin_daily_1991_2000.nc	2758182996	ae390a3df5574e29845bd7463ea43055	4	2026-09-21	InputData/climate/atmosphere/bias-adjusted/global/daily/esm-picontrol/EC-Earth3-ESM-1-1/ec-earth3-esm-1-1_r1i1p1f1_era5_esm-picontrol_sfcwind_global_30arcmin_daily_1991_2000.nc
InputData/climate/atmosphere/bias-adjusted/global/daily/esm-picontrol/EC-Earth3-ESM-1-1/ec-earth3-esm-1-1_r1i1p1f1_era5_esm-picontrol_sfcwind_global_30arcmin_daily_2001_2010.nc	2756770383	d71ad0fb3c1057ee69f32f27152eedb0	4	2026-09-21	InputData/climate/atmosphere/bias-adjusted/global/daily/esm-picontrol/EC-Earth3-ESM-1-1/ec-earth3-esm-1-1_r1i1p1f1_era5_esm-picontrol_sfcwind_global_30arcmin_daily_2001_2010.nc
InputData/climate/atmosphere/bias-adjusted/global/daily/esm-picontrol/EC-Earth3-ESM-1-1/ec-earth3-esm-1-1_r1i1p1f1_era5_esm-picontrol_sfcwind_global_30arcmin_daily_2011_2020.nc	2757614037	1532f5eb521b09fa272e34e5c7a86eca	4	2026-09-21	InputData/climate/atmosphere/bias-adjusted/global/daily/esm-picontrol/EC-Earth3-ESM-1-1/ec-earth3-esm-1-1_r1i1p1f1_era5_esm-picontrol_sfcwind_global_30arcmin_daily_2011_2020.nc
InputData/climate/atmosphere/bias-adjusted/global/daily/esm-picontrol/EC-Earth3-ESM-1-1/ec-earth3-esm-1-1_r1i1p1f1_era5_esm-picontrol_sfcwind_global_30arcmin_daily_2021_2030.nc	2757053100	3c4170693dd128513178099a96574708	4	2026-09-21	InputData/climate/atmosphere/bias-adjusted/global/daily/esm-picontrol/EC-Earth3-ESM-1-1/ec-earth3-esm-1-1_r1i1p1f1_era5_esm-picontrol_sfcwind_global_30arcmin_daily_2021_2030.nc
InputData/climate/atmosphere/bias-adjusted/global/daily/esm-picontrol/EC-Earth3-ESM-1-1/ec-earth3-esm-1-1_r1i1p1f1_era5_esm-picontrol_sfcwind_global_30arcmin_daily_2031_2040.nc	2758037602	e26e234c4d27896e821d4b3aeacefed6	4	2026-09-21	InputData/climate/atmosphere/bias-adjusted/global/daily/esm-picontrol/EC-Earth3-ESM-1-1/ec-earth3-esm-1-1_r1i1p1f1_era5_esm-picontrol_sfcwind_global_30arcmin_daily_2031_2040.nc
InputData/climate/atmosphere/bias-adjusted/global/daily/esm-picontrol/EC-Earth3-ESM-1-1/ec-earth3-esm-1-1_r1i1p1f1_era5_esm-picontrol_sfcwind_global_30arcmin_daily_2041_2050.nc	2758507248	1556cfe5a06d54512f6045dad37ef2ba	4	2026-09-21	InputData/climate/atmosphere/bias-adjusted/global/daily/esm-picontrol/EC-Earth3-ESM-1-1/ec-earth3-esm-1-1_r1i1p1f1_era5_esm-picontrol_sfcwind_global_30arcmin_daily_2041_2050.nc
InputData/climate/atmosphere/bias-adjusted/global/daily/esm-picontrol/EC-Earth3-ESM-1-1/ec-earth3-esm-1-1_r1i1p1f1_era5_esm-picontrol_sfcwind_global_30arcmin_daily_2051_2060.nc	2758444485	c0ae1f42c7004bd81b68a95c6b9eeca1	4	2026-09-21	InputData/climate/atmosphere/bias-adjusted/global/daily/esm-picontrol/EC-Earth3-ESM-1-1/ec-earth3-esm-1-1_r1i1p1f1_era5_esm-picontrol_sfcwind_global_30arcmin_daily_2051_2060.nc
InputData/climate/atmosphere/bias-adjusted/global/daily/esm-picontrol/EC-Earth3-ESM-1-1/ec-earth3-esm-1-1_r1i1p1f1_era5_esm-picontrol_sfcwind_global_30arcmin_daily_2061_2070.nc	2758099779	3970fedf9dfb15ce8e9368f3c1c02b33	4	2026-09-21	InputData/climate/atmosphere/bias-adjusted/global/daily/esm-picontrol/EC-Earth3-ESM-1-1/ec-earth3-esm-1-1_r1i1p1f1_era5_esm-picontrol_sfcwind_global_30arcmin_daily_2061_2070.nc
InputData/climate/atmosphere/bias-adjusted/global/daily/esm-picontrol/EC-Earth3-ESM-1-1/ec-earth3-esm-1-1_r1i1p1f1_era5_esm-picontrol_sfcwind_global_30arcmin_daily_2071_2080.nc	2758453001	f39b00921b6dd31069a4e82e3222e2cc	4	2026-09-21	InputData/climate/atmosphere/bias-adjusted/global/daily/esm-picontrol/EC-Earth3-ESM-1-1/ec-earth3-esm-1-1_r1i1p1f1_era5_esm-picontrol_sfcwind_global_30arcmin_daily_2071_2080.nc
InputData/climate/atmosphere/bias-adjusted/global/daily/esm-picontrol/EC-Earth3-ESM-1-1/ec-earth3-esm-1-1_r1i1p1f1_era5_esm-picontrol_sfcwind_global_30arcmin_daily_2081_2090.nc	2757634485	7403d934198edd1ddc520465b3449f07	4	2026-09-21	InputData/climate/atmosphere/bias-adjusted/global/daily/esm-picontrol/EC-Earth3-ESM-1-1/ec-earth3-esm-1-1_r1i1p1f1_era5_esm-picontrol_sfcwind_global_30arcmin_daily_2081_2090.nc
InputData/climate/atmosphere/bias-adjusted/global/daily/esm-picontrol/EC-Earth3-ESM-1-1/ec-earth3-esm-1-1_r1i1p1f1_era5_esm-picontrol_sfcwind_global_30arcmin_daily_2091_2100.nc	2757412153	7bec409760c45bdbfd1f4e89cabc4a7c	4	2026-09-21	InputData/climate/atmosphere/bias-adjusted/global/daily/esm-picontrol/EC-Earth3-ESM-1-1/ec-earth3-esm-1-1_r1i1p1f1_era5_esm-picontrol_sfcwind_global_30arcmin_daily_2091_2100.nc
InputData/climate/atmosphere/bias-adjusted/global/daily/esm-picontrol/EC-Earth3-ESM-1-1/ec-earth3-esm-1-1_r1i1p1f1_era5_esm-picontrol_tas_global_30arcmin_daily_1601_1610.nc	2027605463	6e8e6740f0399f773a01fa03dadccbb2	4	2026-09-21	InputData/climate/atmosphere/bias-adjusted/global/daily/esm-picontrol/EC-Earth3-ESM-1-1/ec-earth3-esm-1-1_r1i1p1f1_era5_esm-picontrol_tas_global_30arcmin_daily_1601_1610.nc
InputData/climate/atmosphere/bias-adjusted/global/daily/esm-picontrol/EC-Earth3-ESM-1-1/ec-earth3-esm-1-1_r1i1p1f1_era5_esm-picontrol_tas_global_30arcmin_daily_1611_1620.nc	2027660626	96507d1cb6c8950a5858db6725105772	4	2026-09-21	InputData/climate/atmosphere/bias-adjusted/global/daily/esm-picontrol/EC-Earth3-ESM-1-1/ec-earth3-esm-1-1_r1i1p1f1_era5_esm-picontrol_tas_global_30arcmin_daily_1611_1620.nc
InputData/climate/atmosphere/bias-adjusted/global/daily/esm-picontrol/EC-Earth3-ESM-1-1/ec-earth3-esm-1-1_r1i1p1f1_era5_esm-picontrol_tas_global_30arcmin_daily_1621_1630.nc	2027389487	56b72d2534dd3da227b4aafa70d3c054	4	2026-09-21	InputData/climate/atmosphere/bias-adjusted/global/daily/esm-picontrol/EC-Earth3-ESM-1-1/ec-earth3-esm-1-1_r1i1p1f1_era5_esm-picontrol_tas_global_30arcmin_daily_1621_1630.nc
InputData/climate/atmosphere/bias-adjusted/global/daily/esm-picontrol/EC-Earth3-ESM-1-1/ec-earth3-esm-1-1_r1i1p1f1_era5_esm-picontrol_tas_global_30arcmin_daily_1631_1640.nc	2027182692	f318b09d3d5917599d8e983e063f4f85	4	2026-09-21	InputData/climate/atmosphere/bias-adjusted/global/daily/esm-picontrol/EC-Earth3-ESM-1-1/ec-earth3-esm-1-1_r1i1p1f1_era5_esm-picontrol_tas_global_30arcmin_daily_1631_1640.nc
InputData/climate/atmosphere/bias-adjusted/global/daily/esm-picontrol/EC-Earth3-ESM-1-1/ec-earth3-esm-1-1_r1i1p1f1_era5_esm-picontrol_tas_global_30arcmin_daily_1641_1650.nc	2026767773	9dd0d8971c0979b239d33e122fb0a2fd	4	2026-09-21	InputData/climate/atmosphere/bias-adjusted/global/daily/esm-picontrol/EC-Earth3-ESM-1-1/ec-earth3-esm-1-1_r1i1p1f1_era5_esm-picontrol_tas_global_30arcmin_daily_1641_1650.nc
InputData/climate/atmosphere/bias-adjusted/global/daily/esm-picontrol/EC-Earth3-ESM-1-1/ec-earth3-esm-1-1_r1i1p1f1_era5_esm-picontrol_tas_global_30arcmin_daily_1651_1660.nc	2027015532	d1cbad6019d8e04681402ae81e62c524	4	2026-09-21	InputData/climate/atmosphere/bias-adjusted/global/daily/esm-picontrol/EC-Earth3-ESM-1-1/ec-earth3-esm-1-1_r1i1p1f1_era5_esm-picontrol_tas_global_30arcmin_daily_1651_1660.nc
InputData/climate/atmosphere/bias-adjusted/global/daily/esm-picontrol/EC-Earth3-ESM-1-1/ec-earth3-esm-1-1_r1i1p1f1_era5_esm-picontrol_tas_global_30arcmin_daily_1661_1670.nc	2026431174	75b1fef6beee7f3ac2f2fff22f66b9cb	4	2026-09-21	InputData/climate/atmosphere/bias-adjusted/global/daily/esm-picontrol/EC-Earth3-ESM-1-1/ec-earth3-esm-1-1_r1i1p1f1_era5_esm-picontrol_tas_global_30arcmin_daily_1661_1670.nc
InputData/climate/atmosphere/bias-adjusted/global/daily/esm-picontrol/EC-Earth3-ESM-1-1/ec-earth3-esm-1-1_r1i1p1f1_era5_esm-picontrol_tas_global_30arcmin_daily_1671_1680.nc	2027429214	153b5f3a70e89585596880e1aff40549	4	2026-09-21	InputData/climate/atmosphere/bias-adjusted/global/daily/esm-picontrol/EC-Earth3-ESM-1-1/ec-earth3-esm-1-1_r1i1p1f1_era5_esm-picontrol_tas_global_30arcmin_daily_1671_1680.nc
InputData/climate/atmosphere/bias-adjusted/global/daily/esm-picontrol/EC-Earth3-ESM-1-1/ec-earth3-esm-1-1_r1i1p1f1_era5_esm-picontrol_tas_global_30arcmin_daily_1681_1690.nc	2026749742	9d1b8eb1e5b83ad065a5b004cfb15de8	4	2026-09-21	InputData/climate/atmosphere/bias-adjusted/global/daily/esm-picontrol/EC-Earth3-ESM-1-1/ec-earth3-esm-1-1_r1i1p1f1_era5_esm-picontrol_tas_global_30arcmin_daily_1681_1690.nc
InputData/climate/atmosphere/bias-adjusted/global/daily/esm-picontrol/EC-Earth3-ESM-1-1/ec-earth3-esm-1-1_r1i1p1f1_era5_esm-picontrol_tas_global_30arcmin_daily_1691_1700.nc	2027122897	fc8a0ff6b88b25f428e5f641df9614f8	4	2026-09-21	InputData/climate/atmosphere/bias-adjusted/global/daily/esm-picontrol/EC-Earth3-ESM-1-1/ec-earth3-esm-1-1_r1i1p1f1_era5_esm-picontrol_tas_global_30arcmin_daily_1691_1700.nc
InputData/climate/atmosphere/bias-adjusted/global/daily/esm-picontrol/EC-Earth3-ESM-1-1/ec-earth3-esm-1-1_r1i1p1f1_era5_esm-picontrol_tas_global_30arcmin_daily_1701_1710.nc	2027139557	a996afe6c1c06628ec506a90575affe4	4	2026-09-21	InputData/climate/atmosphere/bias-adjusted/global/daily/esm-picontrol/EC-Earth3-ESM-1-1/ec-earth3-esm-1-1_r1i1p1f1_era5_esm-picontrol_tas_global_30arcmin_daily_1701_1710.nc
InputData/climate/atmosphere/bias-adjusted/global/daily/esm-picontrol/EC-Earth3-ESM-1-1/ec-earth3-esm-1-1_r1i1p1f1_era5_esm-picontrol_tas_global_30arcmin_daily_1711_1720.nc	2027412670	796bd02909fe1d736064f9607504e8b2	4	2026-09-21	InputData/climate/atmosphere/bias-adjusted/global/daily/esm-picontrol/EC-Earth3-ESM-1-1/ec-earth3-esm-1-1_r1i1p1f1_era5_esm-picontrol_tas_global_30arcmin_daily_1711_1720.nc
InputData/climate/atmosphere/bias-adjusted/global/daily/esm-picontrol/EC-Earth3-ESM-1-1/ec-earth3-esm-1-1_r1i1p1f1_era5_esm-picontrol_tas_global_30arcmin_daily_1721_1730.nc	2026739327	c3f1b1f63c536241503a1d0faec60487	4	2026-09-21	InputData/climate/atmosphere/bias-adjusted/global/daily/esm-picontrol/EC-Earth3-ESM-1-1/ec-earth3-esm-1-1_r1i1p1f1_era5_esm-picontrol_tas_global_30arcmin_daily_1721_1730.nc
InputData/climate/atmosphere/bias-adjusted/global/daily/esm-picontrol/EC-Earth3-ESM-1-1/ec-earth3-esm-1-1_r1i1p1f1_era5_esm-picontrol_tas_global_30arcmin_daily_1731_1740.nc	2028857363	ee2e141a4b0843fe4dc9ed2b125245cf	4	2026-09-21	InputData/climate/atmosphere/bias-adjusted/global/daily/esm-picontrol/EC-Earth3-ESM-1-1/ec-earth3-esm-1-1_r1i1p1f1_era5_esm-picontrol_tas_global_30arcmin_daily_1731_1740.nc
InputData/climate/atmosphere/bias-adjusted/global/daily/esm-picontrol/EC-Earth3-ESM-1-1/ec-earth3-esm-1-1_r1i1p1f1_era5_esm-picontrol_tas_global_30arcmin_daily_1741_1750.nc	2028721995	e78d35d70d190acc503fa1902f5a98b9	4	2026-09-21	InputData/climate/atmosphere/bias-adjusted/global/daily/esm-picontrol/EC-Earth3-ESM-1-1/ec-earth3-esm-1-1_r1i1p1f1_era5_esm-picontrol_tas_global_30arcmin_daily_1741_1750.nc
InputData/climate/atmosphere/bias-adjusted/global/daily/esm-picontrol/EC-Earth3-ESM-1-1/ec-earth3-esm-1-1_r1i1p1f1_era5_esm-picontrol_tas_global_30arcmin_daily_1751_1760.nc	2029135641	880060d3cb82feb7dd854e894c4cb7c8	4	2026-09-21	InputData/climate/atmosphere/bias-adjusted/global/daily/esm-picontrol/EC-Earth3-ESM-1-1/ec-earth3-esm-1-1_r1i1p1f1_era5_esm-picontrol_tas_global_30arcmin_daily_1751_1760.nc
InputData/climate/atmosphere/bias-adjusted/global/daily/esm-picontrol/EC-Earth3-ESM-1-1/ec-earth3-esm-1-1_r1i1p1f1_era5_esm-picontrol_tas_global_30arcmin_daily_1761_1770.nc	2028441961	4a1b19a8915985987bacba877e01dbe0	4	2026-09-21	InputData/climate/atmosphere/bias-adjusted/global/daily/esm-picontrol/EC-Earth3-ESM-1-1/ec-earth3-esm-1-1_r1i1p1f1_era5_esm-picontrol_tas_global_30arcmin_daily_1761_1770.nc
InputData/climate/atmosphere/bias-adjusted/global/daily/esm-picontrol/EC-Earth3-ESM-1-1/ec-earth3-esm-1-1_r1i1p1f1_era5_esm-picontrol_tas_global_30arcmin_daily_1771_1780.nc	2027768792	9f126e3425154e293a9dfc70e792dcc0	4	2026-09-21	InputData/climate/atmosphere/bias-adjusted/global/daily/esm-picontrol/EC-Earth3-ESM-1-1/ec-earth3-esm-1-1_r1i1p1f1_era5_esm-picontrol_tas_global_30arcmin_daily_1771_1780.nc
InputData/climate/atmosphere/bias-adjusted/global/daily/esm-picontrol/EC-Earth3-ESM-1-1/ec-earth3-esm-1-1_r1i1p1f1_era5_esm-picontrol_tas_global_30arcmin_daily_1781_1790.nc	2026617806	006929485a91cbb25deafb3b60bd73d6	4	2026-09-21	InputData/climate/atmosphere/bias-adjusted/global/daily/esm-picontrol/EC-Earth3-ESM-1-1/ec-earth3-esm-1-1_r1i1p1f1_era5_esm-picontrol_tas_global_30arcmin_daily_1781_1790.nc
InputData/climate/atmosphere/bias-adjusted/global/daily/esm-picontrol/EC-Earth3-ESM-1-1/ec-earth3-esm-1-1_r1i1p1f1_era5_esm-picontrol_tas_global_30arcmin_daily_1791_1800.nc	2025501454	9c62a028955677b3eb4bdfcf0e91c205	4	2026-09-21	InputData/climate/atmosphere/bias-adjusted/global/daily/esm-picontrol/EC-Earth3-ESM-1-1/ec-earth3-esm-1-1_r1i1p1f1_era5_esm-picontrol_tas_global_30arcmin_daily_1791_1800.nc
InputData/climate/atmosphere/bias-adjusted/global/daily/esm-picontrol/EC-Earth3-ESM-1-1/ec-earth3-esm-1-1_r1i1p1f1_era5_esm-picontrol_tas_global_30arcmin_daily_1801_1810.nc	2025749290	368a69caac551861981025990930af83	4	2026-09-21	InputData/climate/atmosphere/bias-adjusted/global/daily/esm-picontrol/EC-Earth3-ESM-1-1/ec-earth3-esm-1-1_r1i1p1f1_era5_esm-picontrol_tas_global_30arcmin_daily_1801_1810.nc
InputData/climate/atmosphere/bias-adjusted/global/daily/esm-picontrol/EC-Earth3-ESM-1-1/ec-earth3-esm-1-1_r1i1p1f1_era5_esm-picontrol_tas_global_30arcmin_daily_1811_1820.nc	2027435610	f8745c06359bd1458f5a40492f171144	4	2026-09-21	InputData/climate/atmosphere/bias-adjusted/global/daily/esm-picontrol/EC-Earth3-ESM-1-1/ec-earth3-esm-1-1_r1i1p1f1_era5_esm-picontrol_tas_global_30arcmin_daily_1811_1820.nc
InputData/climate/atmosphere/bias-adjusted/global/daily/esm-picontrol/EC-Earth3-ESM-1-1/ec-earth3-esm-1-1_r1i1p1f1_era5_esm-picontrol_tas_global_30arcmin_daily_1821_1830.nc	2026349578	ed889fb9447b75f6bfd382f7f4e6af8a	4	2026-09-21	InputData/climate/atmosphere/bias-adjusted/global/daily/esm-picontrol/EC-Earth3-ESM-1-1/ec-earth3-esm-1-1_r1i1p1f1_era5_esm-picontrol_tas_global_30arcmin_daily_1821_1830.nc
InputData/climate/atmosphere/bias-adjusted/global/daily/esm-picontrol/EC-Earth3-ESM-1-1/ec-earth3-esm-1-1_r1i1p1f1_era5_esm-picontrol_tas_global_30arcmin_daily_1831_1840.nc	2026865107	d96b17095639b21a9d57b6c8623130ed	4	2026-09-21	InputData/climate/atmosphere/bias-adjusted/global/daily/esm-picontrol/EC-Earth3-ESM-1-1/ec-earth3-esm-1-1_r1i1p1f1_era5_esm-picontrol_tas_global_30arcmin_daily_1831_1840.nc
InputData/climate/atmosphere/bias-adjusted/global/daily/esm-picontrol/EC-Earth3-ESM-1-1/ec-earth3-esm-1-1_r1i1p1f1_era5_esm-picontrol_tas_global_30arcmin_daily_1841_1850.nc	2026823818	01a71a84e2c6fe6cf81bcdf9beb717e5	4	2026-09-21	InputData/climate/atmosphere/bias-adjusted/global/daily/esm-picontrol/EC-Earth3-ESM-1-1/ec-earth3-esm-1-1_r1i1p1f1_era5_esm-picontrol_tas_global_30arcmin_daily_1841_1850.nc
InputData/climate/atmosphere/bias-adjusted/global/daily/esm-picontrol/EC-Earth3-ESM-1-1/ec-earth3-esm-1-1_r1i1p1f1_era5_esm-picontrol_tas_global_30arcmin_daily_1851_1860.nc	2027975989	3373d637c75755217a53d4183033ecfc	4	2026-09-21	InputData/climate/atmosphere/bias-adjusted/global/daily/esm-picontrol/EC-Earth3-ESM-1-1/ec-earth3-esm-1-1_r1i1p1f1_era5_esm-picontrol_tas_global_30arcmin_daily_1851_1860.nc
InputData/climate/atmosphere/bias-adjusted/global/daily/esm-picontrol/EC-Earth3-ESM-1-1/ec-earth3-esm-1-1_r1i1p1f1_era5_esm-picontrol_tas_global_30arcmin_daily_1861_1870.nc	2028148190	e0bddc49abf3b5cd9b0bc01c981cbe0e	4	2026-09-21	InputData/climate/atmosphere/bias-adjusted/global/daily/esm-picontrol/EC-Earth3-ESM-1-1/ec-earth3-esm-1-1_r1i1p1f1_era5_esm-picontrol_tas_global_30arcmin_daily_1861_1870.nc
InputData/climate/atmosphere/bias-adjusted/global/daily/esm-picontrol/EC-Earth3-ESM-1-1/ec-earth3-esm-1-1_r1i1p1f1_era5_esm-picontrol_tas_global_30arcmin_daily_1871_1880.nc	2028077154	ad0815f062b037b7a637913745c44d3d	4	2026-09-21	InputData/climate/atmosphere/bias-adjusted/global/daily/esm-picontrol/EC-Earth3-ESM-1-1/ec-earth3-esm-1-1_r1i1p1f1_era5_esm-picontrol_tas_global_30arcmin_daily_1871_1880.nc
InputData/climate/atmosphere/bias-adjusted/global/daily/esm-picontrol/EC-Earth3-ESM-1-1/ec-earth3-esm-1-1_r1i1p1f1_era5_esm-picontrol_tas_global_30arcmin_daily_1881_1890.nc	2028711315	3f3320c67cebb23557877e1ac5940242	4	2026-09-21	InputData/climate/atmosphere/bias-adjusted/global/daily/esm-picontrol/EC-Earth3-ESM-1-1/ec-earth3-esm-1-1_r1i1p1f1_era5_esm-picontrol_tas_global_30arcmin_daily_1881_1890.nc
InputData/climate/atmosphere/bias-adjusted/global/daily/esm-picontrol/EC-Earth3-ESM-1-1/ec-earth3-esm-1-1_r1i1p1f1_era5_esm-picontrol_tas_global_30arcmin_daily_1891_1900.nc	2028480261	276ed0c625fe356fca6e6b59d3ee9ff0	4	2026-09-21	InputData/climate/atmosphere/bias-adjusted/global/daily/esm-picontrol/EC-Earth3-ESM-1-1/ec-earth3-esm-1-1_r1i1p1f1_era5_esm-picontrol_tas_global_30arcmin_daily_1891_1900.nc
InputData/climate/atmosphere/bias-adjusted/global/daily/esm-picontrol/EC-Earth3-ESM-1-1/ec-earth3-esm-1-1_r1i1p1f1_era5_esm-picontrol_tas_global_30arcmin_daily_1901_1910.nc	2026530686	4ec5159ae275ab02ca35e1a46b39aaeb	4	2026-09-21	InputData/climate/atmosphere/bias-adjusted/global/daily/esm-picontrol/EC-Earth3-ESM-1-1/ec-earth3-esm-1-1_r1i1p1f1_era5_esm-picontrol_tas_global_30arcmin_daily_1901_1910.nc
InputData/climate/atmosphere/bias-adjusted/global/daily/esm-picontrol/EC-Earth3-ESM-1-1/ec-earth3-esm-1-1_r1i1p1f1_era5_esm-picontrol_tas_global_30arcmin_daily_1911_1920.nc	2027393921	afa40c26b92498c0be8ce11b98e4ee06	4	2026-09-21	InputData/climate/atmosphere/bias-adjusted/global/daily/esm-picontrol/EC-Earth3-ESM-1-1/ec-earth3-esm-1-1_r1i1p1f1_era5_esm-picontrol_tas_global_30arcmin_daily_1911_1920.nc
InputData/climate/atmosphere/bias-adjusted/global/daily/esm-picontrol/EC-Earth3-ESM-1-1/ec-earth3-esm-1-1_r1i1p1f1_era5_esm-picontrol_tas_global_30arcmin_daily_1921_1930.nc	2026999812	045d18bfa298f0ac5ea8a5851b7ca6b6	4	2026-09-21	InputData/climate/atmosphere/bias-adjusted/global/daily/esm-picontrol/EC-Earth3-ESM-1-1/ec-earth3-esm-1-1_r1i1p1f1_era5_esm-picontrol_tas_global_30arcmin_daily_1921_1930.nc
InputData/climate/atmosphere/bias-adjusted/global/daily/esm-picontrol/EC-Earth3-ESM-1-1/ec-earth3-esm-1-1_r1i1p1f1_era5_esm-picontrol_tas_global_30arcmin_daily_1931_1940.nc	2027514652	59f64078a0d05d9761fb39504d1c4409	4	2026-09-21	InputData/climate/atmosphere/bias-adjusted/global/daily/esm-picontrol/EC-Earth3-ESM-1-1/ec-earth3-esm-1-1_r1i1p1f1_era5_esm-picontrol_tas_global_30arcmin_daily_1931_1940.nc
InputData/climate/atmosphere/bias-adjusted/global/daily/esm-picontrol/EC-Earth3-ESM-1-1/ec-earth3-esm-1-1_r1i1p1f1_era5_esm-picontrol_tas_global_30arcmin_daily_1941_1950.nc	2025922813	4d9140d4281577660828b7f751a0956c	4	2026-09-21	InputData/climate/atmosphere/bias-adjusted/global/daily/esm-picontrol/EC-Earth3-ESM-1-1/ec-earth3-esm-1-1_r1i1p1f1_era5_esm-picontrol_tas_global_30arcmin_daily_1941_1950.nc
InputData/climate/atmosphere/bias-adjusted/global/daily/esm-picontrol/EC-Earth3-ESM-1-1/ec-earth3-esm-1-1_r1i1p1f1_era5_esm-picontrol_tas_global_30arcmin_daily_1951_1960.nc	2026801894	934a4d9ce223058ec76c7a93e7103c84	4	2026-09-21	InputData/climate/atmosphere/bias-adjusted/global/daily/esm-picontrol/EC-Earth3-ESM-1-1/ec-earth3-esm-1-1_r1i1p1f1_era5_esm-picontrol_tas_global_30arcmin_daily_1951_1960.nc
InputData/climate/atmosphere/bias-adjusted/global/daily/esm-picontrol/EC-Earth3-ESM-1-1/ec-earth3-esm-1-1_r1i1p1f1_era5_esm-picontrol_tas_global_30arcmin_daily_1961_1970.nc	2026925820	d8a6653d13db17e8d39aac2c195aa2a4	4	2026-09-21	InputData/climate/atmosphere/bias-adjusted/global/daily/esm-picontrol/EC-Earth3-ESM-1-1/ec-earth3-esm-1-1_r1i1p1f1_era5_esm-picontrol_tas_global_30arcmin_daily_1961_1970.nc
InputData/climate/atmosphere/bias-adjusted/global/daily/esm-picontrol/EC-Earth3-ESM-1-1/ec-earth3-esm-1-1_r1i1p1f1_era5_esm-picontrol_tas_global_30arcmin_daily_1971_1980.nc	2028433074	65ea3c9e4d4b306a10bb3cd23b15b177	4	2026-09-21	InputData/climate/atmosphere/bias-adjusted/global/daily/esm-picontrol/EC-Earth3-ESM-1-1/ec-earth3-esm-1-1_r1i1p1f1_era5_esm-picontrol_tas_global_30arcmin_daily_1971_1980.nc
InputData/climate/atmosphere/bias-adjusted/global/daily/esm-picontrol/EC-Earth3-ESM-1-1/ec-earth3-esm-1-1_r1i1p1f1_era5_esm-picontrol_tas_global_30arcmin_daily_1981_1990.nc	2028234710	790da3fd2d822b63014b8bddf2295a51	4	2026-09-21	InputData/climate/atmosphere/bias-adjusted/global/daily/esm-picontrol/EC-Earth3-ESM-1-1/ec-earth3-esm-1-1_r1i1p1f1_era5_esm-picontrol_tas_global_30arcmin_daily_1981_1990.nc
InputData/climate/atmosphere/bias-adjusted/global/daily/esm-picontrol/EC-Earth3-ESM-1-1/ec-earth3-esm-1-1_r1i1p1f1_era5_esm-picontrol_tas_global_30arcmin_daily_1991_2000.nc	2028485542	062b55bf14601f30c4f997159edb8f7d	4	2026-09-21	InputData/climate/atmosphere/bias-adjusted/global/daily/esm-picontrol/EC-Earth3-ESM-1-1/ec-earth3-esm-1-1_r1i1p1f1_era5_esm-picontrol_tas_global_30arcmin_daily_1991_2000.nc
InputData/climate/atmosphere/bias-adjusted/global/daily/esm-picontrol/EC-Earth3-ESM-1-1/ec-earth3-esm-1-1_r1i1p1f1_era5_esm-picontrol_tas_global_30arcmin_daily_2001_2010.nc	2027551839	6e38ccea3cb7e317eb1cb66fd82656c6	4	2026-09-21	InputData/climate/atmosphere/bias-adjusted/global/daily/esm-picontrol/EC-Earth3-ESM-1-1/ec-earth3-esm-1-1_r1i1p1f1_era5_esm-picontrol_tas_global_30arcmin_daily_2001_2010.nc
InputData/climate/atmosphere/bias-adjusted/global/daily/esm-picontrol/EC-Earth3-ESM-1-1/ec-earth3-esm-1-1_r1i1p1f1_era5_esm-picontrol_tas_global_30arcmin_daily_2011_2020.nc	2028781173	9027c9437128fea0ed085e26b4ce43d5	4	2026-09-21	InputData/climate/atmosphere/bias-adjusted/global/daily/esm-picontrol/EC-Earth3-ESM-1-1/ec-earth3-esm-1-1_r1i1p1f1_era5_esm-picontrol_tas_global_30arcmin_daily_2011_2020.nc
InputData/climate/atmosphere/bias-adjusted/global/daily/esm-picontrol/EC-Earth3-ESM-1-1/ec-earth3-esm-1-1_r1i1p1f1_era5_esm-picontrol_tas_global_30arcmin_daily_2021_2030.nc	2028798698	34237d32f802937e9ab30c1b95136385	4	2026-09-21	InputData/climate/atmosphere/bias-adjusted/global/daily/esm-picontrol/EC-Earth3-ESM-1-1/ec-earth3-esm-1-1_r1i1p1f1_era5_esm-picontrol_tas_global_30arcmin_daily_2021_2030.nc
InputData/climate/atmosphere/bias-adjusted/global/daily/esm-picontrol/EC-Earth3-ESM-1-1/ec-earth3-esm-1-1_r1i1p1f1_era5_esm-picontrol_tas_global_30arcmin_daily_2031_2040.nc	2029329976	c7bc2d3e0d20bb9147f46a8a15fc6660	4	2026-09-21	InputData/climate/atmosphere/bias-adjusted/global/daily/esm-picontrol/EC-Earth3-ESM-1-1/ec-earth3-esm-1-1_r1i1p1f1_era5_esm-picontrol_tas_global_30arcmin_daily_2031_2040.nc
InputData/climate/atmosphere/bias-adjusted/global/daily/esm-picontrol/EC-Earth3-ESM-1-1/ec-earth3-esm-1-1_r1i1p1f1_era5_esm-picontrol_tas_global_30arcmin_daily_2041_2050.nc	2028627460	cf9820563340e917ee8cb4a8e05fdb7a	4	2026-09-21	InputData/climate/atmosphere/bias-adjusted/global/daily/esm-picontrol/EC-Earth3-ESM-1-1/ec-earth3-esm-1-1_r1i1p1f1_era5_esm-picontrol_tas_global_30arcmin_daily_2041_2050.nc
InputData/climate/atmosphere/bias-adjusted/global/daily/esm-picontrol/EC-Earth3-ESM-1-1/ec-earth3-esm-1-1_r1i1p1f1_era5_esm-picontrol_tas_global_30arcmin_daily_2051_2060.nc	2029347539	d8e234e4049a2245d87d9e9403875097	4	2026-09-21	InputData/climate/atmosphere/bias-adjusted/global/daily/esm-picontrol/EC-Earth3-ESM-1-1/ec-earth3-esm-1-1_r1i1p1f1_era5_esm-picontrol_tas_global_30arcmin_daily_2051_2060.nc
InputData/climate/atmosphere/bias-adjusted/global/daily/esm-picontrol/EC-Earth3-ESM-1-1/ec-earth3-esm-1-1_r1i1p1f1_era5_esm-picontrol_tas_global_30arcmin_daily_2061_2070.nc	2029161639	69e74a9b11fe87cc3c09c954f2d08115	4	2026-09-21	InputData/climate/atmosphere/bias-adjusted/global/daily/esm-picontrol/EC-Earth3-ESM-1-1/ec-earth3-esm-1-1_r1i1p1f1_era5_esm-picontrol_tas_global_30arcmin_daily_2061_2070.nc
InputData/climate/atmosphere/bias-adjusted/global/daily/esm-picontrol/EC-Earth3-ESM-1-1/ec-earth3-esm-1-1_r1i1p1f1_era5_esm-picontrol_tas_global_30arcmin_daily_2071_2080.nc	2028385091	af1a035462025362dd948bc6bb954b02	4	2026-09-21	InputData/climate/atmosphere/bias-adjusted/global/daily/esm-picontrol/EC-Earth3-ESM-1-1/ec-earth3-esm-1-1_r1i1p1f1_era5_esm-picontrol_tas_global_30arcmin_daily_2071_2080.nc
InputData/climate/atmosphere/bias-adjusted/global/daily/esm-picontrol/EC-Earth3-ESM-1-1/ec-earth3-esm-1-1_r1i1p1f1_era5_esm-picontrol_tas_global_30arcmin_daily_2081_2090.nc	2027430109	b2797fd892c5133f71a4fbddcdec0f2d	4	2026-09-21	InputData/climate/atmosphere/bias-adjusted/global/daily/esm-picontrol/EC-Earth3-ESM-1-1/ec-earth3-esm-1-1_r1i1p1f1_era5_esm-picontrol_tas_global_30arcmin_daily_2081_2090.nc
InputData/climate/atmosphere/bias-adjusted/global/daily/esm-picontrol/EC-Earth3-ESM-1-1/ec-earth3-esm-1-1_r1i1p1f1_era5_esm-picontrol_tas_global_30arcmin_daily_2091_2100.nc	2027448642	22275281f604a62b694d9f7109f33d5f	4	2026-09-21	InputData/climate/atmosphere/bias-adjusted/global/daily/esm-picontrol/EC-Earth3-ESM-1-1/ec-earth3-esm-1-1_r1i1p1f1_era5_esm-picontrol_tas_global_30arcmin_daily_2091_2100.nc
InputData/climate/atmosphere/bias-adjusted/global/daily/esm-scen7-h/EC-Earth3-ESM-1-1/ec-earth3-esm-1-1_r1i1p1f1_era5_esm-scen7-h_huss_global_30arcmin_daily_2022_2030.nc	2340318201	22291ba867672ec527550b0ccfa08ad2	2	2026-09-21	InputData/climate/atmosphere/bias-adjusted/global/daily/esm-scen7-h/EC-Earth3-ESM-1-1/ec-earth3-esm-1-1_r1i1p1f1_era5_esm-scen7-h_huss_global_30arcmin_daily_2022_2030.nc
InputData/climate/atmosphere/bias-adjusted/global/daily/esm-scen7-h/EC-Earth3-ESM-1-1/ec-earth3-esm-1-1_r1i1p1f1_era5_esm-scen7-h_huss_global_30arcmin_daily_2031_2040.nc	2599351483	5650e97987c9b92aa54e88a6da828233	3	2026-09-21	InputData/climate/atmosphere/bias-adjusted/global/daily/esm-scen7-h/EC-Earth3-ESM-1-1/ec-earth3-esm-1-1_r1i1p1f1_era5_esm-scen7-h_huss_global_30arcmin_daily_2031_2040.nc
InputData/climate/atmosphere/bias-adjusted/global/daily/esm-scen7-h/EC-Earth3-ESM-1-1/ec-earth3-esm-1-1_r1i1p1f1_era5_esm-scen7-h_huss_global_30arcmin_daily_2041_2050.nc	2597297763	ca57a13c752b9049aa99e57b458fbe82	3	2026-09-21	InputData/climate/atmosphere/bias-adjusted/global/daily/esm-scen7-h/EC-Earth3-ESM-1-1/ec-earth3-esm-1-1_r1i1p1f1_era5_esm-scen7-h_huss_global_30arcmin_daily_2041_2050.nc
InputData/climate/atmosphere/bias-adjusted/global/daily/esm-scen7-h/EC-Earth3-ESM-1-1/ec-earth3-esm-1-1_r1i1p1f1_era5_esm-scen7-h_huss_global_30arcmin_daily_2051_2060.nc	2597764322	7ca3a4da58ac9e1d8eb8d538fff601be	3	2026-09-21	InputData/climate/atmosphere/bias-adjusted/global/daily/esm-scen7-h/EC-Earth3-ESM-1-1/ec-earth3-esm-1-1_r1i1p1f1_era5_esm-scen7-h_huss_global_30arcmin_daily_2051_2060.nc
InputData/climate/atmosphere/bias-adjusted/global/daily/esm-scen7-h/EC-Earth3-ESM-1-1/ec-earth3-esm-1-1_r1i1p1f1_era5_esm-scen7-h_huss_global_30arcmin_daily_2061_2070.nc	2594595835	ca2c70e5680c2afaf34f565ae9756df2	3	2026-09-21	InputData/climate/atmosphere/bias-adjusted/global/daily/esm-scen7-h/EC-Earth3-ESM-1-1/ec-earth3-esm-1-1_r1i1p1f1_era5_esm-scen7-h_huss_global_30arcmin_daily_2061_2070.nc
InputData/climate/atmosphere/bias-adjusted/global/daily/esm-scen7-h/EC-Earth3-ESM-1-1/ec-earth3-esm-1-1_r1i1p1f1_era5_esm-scen7-h_huss_global_30arcmin_daily_2071_2080.nc	2594407805	3f3a462814e0995e4ccb8b42954ebf5c	3	2026-09-21	InputData/climate/atmosphere/bias-adjusted/global/daily/esm-scen7-h/EC-Earth3-ESM-1-1/ec-earth3-esm-1-1_r1i1p1f1_era5_esm-scen7-h_huss_global_30arcmin_daily_2071_2080.nc
InputData/climate/atmosphere/bias-adjusted/global/daily/esm-scen7-h/EC-Earth3-ESM-1-1/ec-earth3-esm-1-1_r1i1p1f1_era5_esm-scen7-h_huss_global_30arcmin_daily_2081_2090.nc	2591162113	ed3061d6ed8de4edfbac95e0726e7912	3	2026-09-21	InputData/climate/atmosphere/bias-adjusted/global/daily/esm-scen7-h/EC-Earth3-ESM-1-1/ec-earth3-esm-1-1_r1i1p1f1_era5_esm-scen7-h_huss_global_30arcmin_daily_2081_2090.nc
InputData/climate/atmosphere/bias-adjusted/global/daily/esm-scen7-h/EC-Earth3-ESM-1-1/ec-earth3-esm-1-1_r1i1p1f1_era5_esm-scen7-h_huss_global_30arcmin_daily_2091_2100.nc	2591019708	67bae15032bb59652b69d32fc3f15e34	3	2026-09-21	InputData/climate/atmosphere/bias-adjusted/global/daily/esm-scen7-h/EC-Earth3-ESM-1-1/ec-earth3-esm-1-1_r1i1p1f1_era5_esm-scen7-h_huss_global_30arcmin_daily_2091_2100.nc
InputData/climate/atmosphere/bias-adjusted/global/daily/esm-scen7-h/EC-Earth3-ESM-1-1/ec-earth3-esm-1-1_r1i1p1f1_era5_esm-scen7-h_pr_global_30arcmin_daily_2022_2030.nc	2048406242	720d120e563f09a0292b2b34a45c1a5c	2	2026-09-21	InputData/climate/atmosphere/bias-adjusted/global/daily/esm-scen7-h/EC-Earth3-ESM-1-1/ec-earth3-esm-1-1_r1i1p1f1_era5_esm-scen7-h_pr_global_30arcmin_daily_2022_2030.nc
InputData/climate/atmosphere/bias-adjusted/global/daily/esm-scen7-h/EC-Earth3-ESM-1-1/ec-earth3-esm-1-1_r1i1p1f1_era5_esm-scen7-h_pr_global_30arcmin_daily_2031_2040.nc	2273010454	5698aaf6fa718a8635a89b37a7e1c7f9	3	2026-09-21	InputData/climate/atmosphere/bias-adjusted/global/daily/esm-scen7-h/EC-Earth3-ESM-1-1/ec-earth3-esm-1-1_r1i1p1f1_era5_esm-scen7-h_pr_global_30arcmin_daily_2031_2040.nc
InputData/climate/atmosphere/bias-adjusted/global/daily/esm-scen7-h/EC-Earth3-ESM-1-1/ec-earth3-esm-1-1_r1i1p1f1_era5_esm-scen7-h_pr_global_30arcmin_daily_2041_2050.nc	2274644828	a4b7e8c1faca13a88b19edf23f6bd4bb	3	2026-09-21	InputData/climate/atmosphere/bias-adjusted/global/daily/esm-scen7-h/EC-Earth3-ESM-1-1/ec-earth3-esm-1-1_r1i1p1f1_era5_esm-scen7-h_pr_global_30arcmin_daily_2041_2050.nc
InputData/climate/atmosphere/bias-adjusted/global/daily/esm-scen7-h/EC-Earth3-ESM-1-1/ec-earth3-esm-1-1_r1i1p1f1_era5_esm-scen7-h_pr_global_30arcmin_daily_2051_2060.nc	2270870474	e133281bb5be805d612012879a2bb237	3	2026-09-21	InputData/climate/atmosphere/bias-adjusted/global/daily/esm-scen7-h/EC-Earth3-ESM-1-1/ec-earth3-esm-1-1_r1i1p1f1_era5_esm-scen7-h_pr_global_30arcmin_daily_2051_2060.nc
InputData/climate/atmosphere/bias-adjusted/global/daily/esm-scen7-h/EC-Earth3-ESM-1-1/ec-earth3-esm-1-1_r1i1p1f1_era5_esm-scen7-h_pr_global_30arcmin_daily_2061_2070.nc	2279827134	df8b9e2d3349cba09ab09f9ebf4acd25	3	2026-09-21	InputData/climate/atmosphere/bias-adjusted/global/daily/esm-scen7-h/EC-Earth3-ESM-1-1/ec-earth3-esm-1-1_r1i1p1f1_era5_esm-scen7-h_pr_global_30arcmin_daily_2061_2070.nc
InputData/climate/atmosphere/bias-adjusted/global/daily/esm-scen7-h/EC-Earth3-ESM-1-1/ec-earth3-esm-1-1_r1i1p1f1_era5_esm-scen7-h_pr_global_30arcmin_daily_2071_2080.nc	2280429478	a99190495b3bc5de15634fb7dd298506	3	2026-09-21	InputData/climate/atmosphere/bias-adjusted/global/daily/esm-scen7-h/EC-Earth3-ESM-1-1/ec-earth3-esm-1-1_r1i1p1f1_era5_esm-scen7-h_pr_global_30arcmin_daily_2071_2080.nc
InputData/climate/atmosphere/bias-adjusted/global/daily/esm-scen7-h/EC-Earth3-ESM-1-1/ec-earth3-esm-1-1_r1i1p1f1_era5_esm-scen7-h_pr_global_30arcmin_daily_2081_2090.nc	2285563487	e06347a5ce8f6e8e09ca5a66cee1c0ba	3	2026-09-21	InputData/climate/atmosphere/bias-adjusted/global/daily/esm-scen7-h/EC-Earth3-ESM-1-1/ec-earth3-esm-1-1_r1i1p1f1_era5_esm-scen7-h_pr_global_30arcmin_daily_2081_2090.nc
InputData/climate/atmosphere/bias-adjusted/global/daily/esm-scen7-h/EC-Earth3-ESM-1-1/ec-earth3-esm-1-1_r1i1p1f1_era5_esm-scen7-h_pr_global_30arcmin_daily_2091_2100.nc	2289091568	6a37631b8f9277cc67303f0851b73157	3	2026-09-21	InputData/climate/atmosphere/bias-adjusted/global/daily/esm-scen7-h/EC-Earth3-ESM-1-1/ec-earth3-esm-1-1_r1i1p1f1_era5_esm-scen7-h_pr_global_30arcmin_daily_2091_2100.nc
InputData/climate/atmosphere/bias-adjusted/global/daily/esm-scen7-h/EC-Earth3-ESM-1-1/ec-earth3-esm-1-1_r1i1p1f1_era5_esm-scen7-h_ps_global_30arcmin_daily_2022_2030.nc	1856268435	d498104f25fbe6c389abb4f110820fe2	2	2026-09-21	InputData/climate/atmosphere/bias-adjusted/global/daily/esm-scen7-h/EC-Earth3-ESM-1-1/ec-earth3-esm-1-1_r1i1p1f1_era5_esm-scen7-h_ps_global_30arcmin_daily_2022_2030.nc
InputData/climate/atmosphere/bias-adjusted/global/daily/esm-scen7-h/EC-Earth3-ESM-1-1/ec-earth3-esm-1-1_r1i1p1f1_era5_esm-scen7-h_ps_global_30arcmin_daily_2031_2040.nc	2062365780	5ab5bb49a73fa3904e542446a2c2305d	3	2026-09-21	InputData/climate/atmosphere/bias-adjusted/global/daily/esm-scen7-h/EC-Earth3-ESM-1-1/ec-earth3-esm-1-1_r1i1p1f1_era5_esm-scen7-h_ps_global_30arcmin_daily_2031_2040.nc
InputData/climate/atmosphere/bias-adjusted/global/daily/esm-scen7-h/EC-Earth3-ESM-1-1/ec-earth3-esm-1-1_r1i1p1f1_era5_esm-scen7-h_ps_global_30arcmin_daily_2041_2050.nc	2061891561	42bc1b422c1d09b4653142dfc844a21e	3	2026-09-21	InputData/climate/atmosphere/bias-adjusted/global/daily/esm-scen7-h/EC-Earth3-ESM-1-1/ec-earth3-esm-1-1_r1i1p1f1_era5_esm-scen7-h_ps_global_30arcmin_daily_2041_2050.nc
InputData/climate/atmosphere/bias-adjusted/global/daily/esm-scen7-h/EC-Earth3-ESM-1-1/ec-earth3-esm-1-1_r1i1p1f1_era5_esm-scen7-h_ps_global_30arcmin_daily_2051_2060.nc	2062123028	743b0bff5c630d666de3d286bcec9080	3	2026-09-21	InputData/climate/atmosphere/bias-adjusted/global/daily/esm-scen7-h/EC-Earth3-ESM-1-1/ec-earth3-esm-1-1_r1i1p1f1_era5_esm-scen7-h_ps_global_30arcmin_daily_2051_2060.nc
InputData/climate/atmosphere/bias-adjusted/global/daily/esm-scen7-h/EC-Earth3-ESM-1-1/ec-earth3-esm-1-1_r1i1p1f1_era5_esm-scen7-h_ps_global_30arcmin_daily_2061_2070.nc	2061514841	d965fc55266d7283de9cc0dd23b9f0c2	3	2026-09-21	InputData/climate/atmosphere/bias-adjusted/global/daily/esm-scen7-h/EC-Earth3-ESM-1-1/ec-earth3-esm-1-1_r1i1p1f1_era5_esm-scen7-h_ps_global_30arcmin_daily_2061_2070.nc
InputData/climate/atmosphere/bias-adjusted/global/daily/esm-scen7-h/EC-Earth3-ESM-1-1/ec-earth3-esm-1-1_r1i1p1f1_era5_esm-scen7-h_ps_global_30arcmin_daily_2071_2080.nc	2061679025	a2c951fca54643159b34bc45ba67e081	3	2026-09-21	InputData/climate/atmosphere/bias-adjusted/global/daily/esm-scen7-h/EC-Earth3-ESM-1-1/ec-earth3-esm-1-1_r1i1p1f1_era5_esm-scen7-h_ps_global_30arcmin_daily_2071_2080.nc
InputData/climate/atmosphere/bias-adjusted/global/daily/esm-scen7-h/EC-Earth3-ESM-1-1/ec-earth3-esm-1-1_r1i1p1f1_era5_esm-scen7-h_ps_global_30arcmin_daily_2081_2090.nc	2060898128	6957a25a58a50c24a1fdd2685272abb8	3	2026-09-21	InputData/climate/atmosphere/bias-adjusted/global/daily/esm-scen7-h/EC-Earth3-ESM-1-1/ec-earth3-esm-1-1_r1i1p1f1_era5_esm-scen7-h_ps_global_30arcmin_daily_2081_2090.nc
InputData/climate/atmosphere/bias-adjusted/global/daily/esm-scen7-h/EC-Earth3-ESM-1-1/ec-earth3-esm-1-1_r1i1p1f1_era5_esm-scen7-h_ps_global_30arcmin_daily_2091_2100.nc	2060689897	f5b027ba856d80354fba346c92877927	3	2026-09-21	InputData/climate/atmosphere/bias-adjusted/global/daily/esm-scen7-h/EC-Earth3-ESM-1-1/ec-earth3-esm-1-1_r1i1p1f1_era5_esm-scen7-h_ps_global_30arcmin_daily_2091_2100.nc
InputData/climate/atmosphere/bias-adjusted/global/daily/esm-scen7-h/EC-Earth3-ESM-1-1/ec-earth3-esm-1-1_r1i1p1f1_era5_esm-scen7-h_rlds_global_30arcmin_daily_2022_2030.nc	2105022852	72fe9c69f2e17978fc8bc416ab35e877	2	2026-09-21	InputData/climate/atmosphere/bias-adjusted/global/daily/esm-scen7-h/EC-Earth3-ESM-1-1/ec-earth3-esm-1-1_r1i1p1f1_era5_esm-scen7-h_rlds_global_30arcmin_daily_2022_2030.nc
InputData/climate/atmosphere/bias-adjusted/global/daily/esm-scen7-h/EC-Earth3-ESM-1-1/ec-earth3-esm-1-1_r1i1p1f1_era5_esm-scen7-h_rlds_global_30arcmin_daily_2031_2040.nc	2337898160	cf4920c0326c15052b6d0fface6ff882	3	2026-09-21	InputData/climate/atmosphere/bias-adjusted/global/daily/esm-scen7-h/EC-Earth3-ESM-1-1/ec-earth3-esm-1-1_r1i1p1f1_era5_esm-scen7-h_rlds_global_30arcmin_daily_2031_2040.nc
InputData/climate/atmosphere/bias-adjusted/global/daily/esm-scen7-h/EC-Earth3-ESM-1-1/ec-earth3-esm-1-1_r1i1p1f1_era5_esm-scen7-h_rlds_global_30arcmin_daily_2041_2050.nc	2336578783	1c614f47fb754188e70c9b3954d1df19	3	2026-09-21	InputData/climate/atmosphere/bias-adjusted/global/daily/esm-scen7-h/EC-Earth3-ESM-1-1/ec-earth3-esm-1-1_r1i1p1f1_era5_esm-scen7-h_rlds_global_30arcmin_daily_2041_2050.nc
InputData/climate/atmosphere/bias-adjusted/global/daily/esm-scen7-h/EC-Earth3-ESM-1-1/ec-earth3-esm-1-1_r1i1p1f1_era5_esm-scen7-h_rlds_global_30arcmin_daily_2051_2060.nc	2336168988	29a995926c83d1add927b40dacb9ffa5	3	2026-09-21	InputData/climate/atmosphere/bias-adjusted/global/daily/esm-scen7-h/EC-Earth3-ESM-1-1/ec-earth3-esm-1-1_r1i1p1f1_era5_esm-scen7-h_rlds_global_30arcmin_daily_2051_2060.nc
InputData/climate/atmosphere/bias-adjusted/global/daily/esm-scen7-h/EC-Earth3-ESM-1-1/ec-earth3-esm-1-1_r1i1p1f1_era5_esm-scen7-h_rlds_global_30arcmin_daily_2061_2070.nc	2334582348	80eba5bb609cfedaa25771d9e48bf8d5	3	2026-09-21	InputData/climate/atmosphere/bias-adjusted/global/daily/esm-scen7-h/EC-Earth3-ESM-1-1/ec-earth3-esm-1-1_r1i1p1f1_era5_esm-scen7-h_rlds_global_30arcmin_daily_2061_2070.nc
InputData/climate/atmosphere/bias-adjusted/global/daily/esm-scen7-h/EC-Earth3-ESM-1-1/ec-earth3-esm-1-1_r1i1p1f1_era5_esm-scen7-h_rlds_global_30arcmin_daily_2071_2080.nc	2333741146	0a8130553253bbb52b0f265a2a9bd477	3	2026-09-21	InputData/climate/atmosphere/bias-adjusted/global/daily/esm-scen7-h/EC-Earth3-ESM-1-1/ec-earth3-esm-1-1_r1i1p1f1_era5_esm-scen7-h_rlds_global_30arcmin_daily_2071_2080.nc
InputData/climate/atmosphere/bias-adjusted/global/daily/esm-scen7-h/EC-Earth3-ESM-1-1/ec-earth3-esm-1-1_r1i1p1f1_era5_esm-scen7-h_rlds_global_30arcmin_daily_2081_2090.nc	2331296254	3ecec6d066a838de7e765e0c95571079	3	2026-09-21	InputData/climate/atmosphere/bias-adjusted/global/daily/esm-scen7-h/EC-Earth3-ESM-1-1/ec-earth3-esm-1-1_r1i1p1f1_era5_esm-scen7-h_rlds_global_30arcmin_daily_2081_2090.nc
InputData/climate/atmosphere/bias-adjusted/global/daily/esm-scen7-h/EC-Earth3-ESM-1-1/ec-earth3-esm-1-1_r1i1p1f1_era5_esm-scen7-h_rlds_global_30arcmin_daily_2091_2100.nc	2330591591	393f1e553d9e760bc720bb2f3848773c	3	2026-09-21	InputData/climate/atmosphere/bias-adjusted/global/daily/esm-scen7-h/EC-Earth3-ESM-1-1/ec-earth3-esm-1-1_r1i1p1f1_era5_esm-scen7-h_rlds_global_30arcmin_daily_2091_2100.nc
InputData/climate/atmosphere/bias-adjusted/global/daily/esm-scen7-h/EC-Earth3-ESM-1-1/ec-earth3-esm-1-1_r1i1p1f1_era5_esm-scen7-h_rsds_global_30arcmin_daily_2022_2030.nc	2200018822	8665edf8fbed4ca179c38ad59c1eaef0	2	2026-09-21	InputData/climate/atmosphere/bias-adjusted/global/daily/esm-scen7-h/EC-Earth3-ESM-1-1/ec-earth3-esm-1-1_r1i1p1f1_era5_esm-scen7-h_rsds_global_30arcmin_daily_2022_2030.nc
InputData/climate/atmosphere/bias-adjusted/global/daily/esm-scen7-h/EC-Earth3-ESM-1-1/ec-earth3-esm-1-1_r1i1p1f1_era5_esm-scen7-h_rsds_global_30arcmin_daily_2031_2040.nc	2445128916	c4133dd6e648699a883608eeba95238a	3	2026-09-21	InputData/climate/atmosphere/bias-adjusted/global/daily/esm-scen7-h/EC-Earth3-ESM-1-1/ec-earth3-esm-1-1_r1i1p1f1_era5_esm-scen7-h_rsds_global_30arcmin_daily_2031_2040.nc
InputData/climate/atmosphere/bias-adjusted/global/daily/esm-scen7-h/EC-Earth3-ESM-1-1/ec-earth3-esm-1-1_r1i1p1f1_era5_esm-scen7-h_rsds_global_30arcmin_daily_2041_2050.nc	2445228427	732f7fc7bab38fc147aca4605bc64aa7	3	2026-09-21	InputData/climate/atmosphere/bias-adjusted/global/daily/esm-scen7-h/EC-Earth3-ESM-1-1/ec-earth3-esm-1-1_r1i1p1f1_era5_esm-scen7-h_rsds_global_30arcmin_daily_2041_2050.nc
InputData/climate/atmosphere/bias-adjusted/global/daily/esm-scen7-h/EC-Earth3-ESM-1-1/ec-earth3-esm-1-1_r1i1p1f1_era5_esm-scen7-h_rsds_global_30arcmin_daily_2051_2060.nc	2444982640	43d36038338dd6237f9fb1b92d78cdb7	3	2026-09-21	InputData/climate/atmosphere/bias-adjusted/global/daily/esm-scen7-h/EC-Earth3-ESM-1-1/ec-earth3-esm-1-1_r1i1p1f1_era5_esm-scen7-h_rsds_global_30arcmin_daily_2051_2060.nc
InputData/climate/atmosphere/bias-adjusted/global/daily/esm-scen7-h/EC-Earth3-ESM-1-1/ec-earth3-esm-1-1_r1i1p1f1_era5_esm-scen7-h_rsds_global_30arcmin_daily_2061_2070.nc	2446885243	30c506a64130a70664c1a9c6fcd0c217	3	2026-09-21	InputData/climate/atmosphere/bias-adjusted/global/daily/esm-scen7-h/EC-Earth3-ESM-1-1/ec-earth3-esm-1-1_r1i1p1f1_era5_esm-scen7-h_rsds_global_30arcmin_daily_2061_2070.nc
InputData/climate/atmosphere/bias-adjusted/global/daily/esm-scen7-h/EC-Earth3-ESM-1-1/ec-earth3-esm-1-1_r1i1p1f1_era5_esm-scen7-h_rsds_global_30arcmin_daily_2071_2080.nc	2448472970	c512623f1772fa2673b51b5e7cfc9056	3	2026-09-21	InputData/climate/atmosphere/bias-adjusted/global/daily/esm-scen7-h/EC-Earth3-ESM-1-1/ec-earth3-esm-1-1_r1i1p1f1_era5_esm-scen7-h_rsds_global_30arcmin_daily_2071_2080.nc
InputData/climate/atmosphere/bias-adjusted/global/daily/esm-scen7-h/EC-Earth3-ESM-1-1/ec-earth3-esm-1-1_r1i1p1f1_era5_esm-scen7-h_rsds_global_30arcmin_daily_2081_2090.nc	2447611502	133336836c853611680f1e8082077b0a	3	2026-09-21	InputData/climate/atmosphere/bias-adjusted/global/daily/esm-scen7-h/EC-Earth3-ESM-1-1/ec-earth3-esm-1-1_r1i1p1f1_era5_esm-scen7-h_rsds_global_30arcmin_daily_2081_2090.nc
InputData/climate/atmosphere/bias-adjusted/global/daily/esm-scen7-h/EC-Earth3-ESM-1-1/ec-earth3-esm-1-1_r1i1p1f1_era5_esm-scen7-h_rsds_global_30arcmin_daily_2091_2100.nc	2449157217	dbb8f8cf49693bd79f52e73a756c6185	3	2026-09-21	InputData/climate/atmosphere/bias-adjusted/global/daily/esm-scen7-h/EC-Earth3-ESM-1-1/ec-earth3-esm-1-1_r1i1p1f1_era5_esm-scen7-h_rsds_global_30arcmin_daily_2091_2100.nc
InputData/climate/atmosphere/bias-adjusted/global/daily/esm-scen7-h/EC-Earth3-ESM-1-1/ec-earth3-esm-1-1_r1i1p1f1_era5_esm-scen7-h_sfcwind_global_30arcmin_daily_2022_2030.nc	2480651866	f7efc56bb40a9373dbf6b0ab339b7a1b	2	2026-09-21	InputData/climate/atmosphere/bias-adjusted/global/daily/esm-scen7-h/EC-Earth3-ESM-1-1/ec-earth3-esm-1-1_r1i1p1f1_era5_esm-scen7-h_sfcwind_global_30arcmin_daily_2022_2030.nc
InputData/climate/atmosphere/bias-adjusted/global/daily/esm-scen7-h/EC-Earth3-ESM-1-1/ec-earth3-esm-1-1_r1i1p1f1_era5_esm-scen7-h_sfcwind_global_30arcmin_daily_2031_2040.nc	2755420239	600d50e2c253b7d1f341815ac9aca4d7	3	2026-09-21	InputData/climate/atmosphere/bias-adjusted/global/daily/esm-scen7-h/EC-Earth3-ESM-1-1/ec-earth3-esm-1-1_r1i1p1f1_era5_esm-scen7-h_sfcwind_global_30arcmin_daily_2031_2040.nc
InputData/climate/atmosphere/bias-adjusted/global/daily/esm-scen7-h/EC-Earth3-ESM-1-1/ec-earth3-esm-1-1_r1i1p1f1_era5_esm-scen7-h_sfcwind_global_30arcmin_daily_2041_2050.nc	2753975684	8b00d1f9376e35c29a996f7d537b1414	3	2026-09-21	InputData/climate/atmosphere/bias-adjusted/global/daily/esm-scen7-h/EC-Earth3-ESM-1-1/ec-earth3-esm-1-1_r1i1p1f1_era5_esm-scen7-h_sfcwind_global_30arcmin_daily_2041_2050.nc
InputData/climate/atmosphere/bias-adjusted/global/daily/esm-scen7-h/EC-Earth3-ESM-1-1/ec-earth3-esm-1-1_r1i1p1f1_era5_esm-scen7-h_sfcwind_global_30arcmin_daily_2051_2060.nc	2755198426	f4abc58b23c387217de4c480ce163a75	3	2026-09-21	InputData/climate/atmosphere/bias-adjusted/global/daily/esm-scen7-h/EC-Earth3-ESM-1-1/ec-earth3-esm-1-1_r1i1p1f1_era5_esm-scen7-h_sfcwind_global_30arcmin_daily_2051_2060.nc
InputData/climate/atmosphere/bias-adjusted/global/daily/esm-scen7-h/EC-Earth3-ESM-1-1/ec-earth3-esm-1-1_r1i1p1f1_era5_esm-scen7-h_sfcwind_global_30arcmin_daily_2061_2070.nc	2754723935	c3bc669bacde315bd58b4cdf1e005ffa	3	2026-09-21	InputData/climate/atmosphere/bias-adjusted/global/daily/esm-scen7-h/EC-Earth3-ESM-1-1/ec-earth3-esm-1-1_r1i1p1f1_era5_esm-scen7-h_sfcwind_global_30arcmin_daily_2061_2070.nc
InputData/climate/atmosphere/bias-adjusted/global/daily/esm-scen7-h/EC-Earth3-ESM-1-1/ec-earth3-esm-1-1_r1i1p1f1_era5_esm-scen7-h_sfcwind_global_30arcmin_daily_2071_2080.nc	2755525725	191fa7a60feccc4d4f9570e4b1cc880d	3	2026-09-21	InputData/climate/atmosphere/bias-adjusted/global/daily/esm-scen7-h/EC-Earth3-ESM-1-1/ec-earth3-esm-1-1_r1i1p1f1_era5_esm-scen7-h_sfcwind_global_30arcmin_daily_2071_2080.nc
InputData/climate/atmosphere/bias-adjusted/global/daily/esm-scen7-h/EC-Earth3-ESM-1-1/ec-earth3-esm-1-1_r1i1p1f1_era5_esm-scen7-h_sfcwind_global_30arcmin_daily_2081_2090.nc	2754138892	547e6d87c229cb0499fd6831a07a6cf3	3	2026-09-21	InputData/climate/atmosphere/bias-adjusted/global/daily/esm-scen7-h/EC-Earth3-ESM-1-1/ec-earth3-esm-1-1_r1i1p1f1_era5_esm-scen7-h_sfcwind_global_30arcmin_daily_2081_2090.nc
InputData/climate/atmosphere/bias-adjusted/global/daily/esm-scen7-h/EC-Earth3-ESM-1-1/ec-earth3-esm-1-1_r1i1p1f1_era5_esm-scen7-h_sfcwind_global_30arcmin_daily_2091_2100.nc	2754075113	4a29cdabb978f923c21bc993fbe1e548	3	2026-09-21	InputData/climate/atmosphere/bias-adjusted/global/daily/esm-scen7-h/EC-Earth3-ESM-1-1/ec-earth3-esm-1-1_r1i1p1f1_era5_esm-scen7-h_sfcwind_global_30arcmin_daily_2091_2100.nc
InputData/climate/atmosphere/bias-adjusted/global/daily/esm-scen7-h/EC-Earth3-ESM-1-1/ec-earth3-esm-1-1_r1i1p1f1_era5_esm-scen7-h_tas_global_30arcmin_daily_2022_2030.nc	1820489751	1baeb4d1228ed4ffa284da93e2f42a10	2	2026-09-21	InputData/climate/atmosphere/bias-adjusted/global/daily/esm-scen7-h/EC-Earth3-ESM-1-1/ec-earth3-esm-1-1_r1i1p1f1_era5_esm-scen7-h_tas_global_30arcmin_daily_2022_2030.nc
InputData/climate/atmosphere/bias-adjusted/global/daily/esm-scen7-h/EC-Earth3-ESM-1-1/ec-earth3-esm-1-1_r1i1p1f1_era5_esm-scen7-h_tas_global_30arcmin_daily_2031_2040.nc	2022254319	99e77e62a04456d32f96785cdb81ff44	3	2026-09-21	InputData/climate/atmosphere/bias-adjusted/global/daily/esm-scen7-h/EC-Earth3-ESM-1-1/ec-earth3-esm-1-1_r1i1p1f1_era5_esm-scen7-h_tas_global_30arcmin_daily_2031_2040.nc
InputData/climate/atmosphere/bias-adjusted/global/daily/esm-scen7-h/EC-Earth3-ESM-1-1/ec-earth3-esm-1-1_r1i1p1f1_era5_esm-scen7-h_tas_global_30arcmin_daily_2041_2050.nc	2021496573	c170c4e88c6784e1b58ba95cae36d688	3	2026-09-21	InputData/climate/atmosphere/bias-adjusted/global/daily/esm-scen7-h/EC-Earth3-ESM-1-1/ec-earth3-esm-1-1_r1i1p1f1_era5_esm-scen7-h_tas_global_30arcmin_daily_2041_2050.nc
InputData/climate/atmosphere/bias-adjusted/global/daily/esm-scen7-h/EC-Earth3-ESM-1-1/ec-earth3-esm-1-1_r1i1p1f1_era5_esm-scen7-h_tas_global_30arcmin_daily_2051_2060.nc	2022354384	547484138def168a79313bd81e1fb986	3	2026-09-21	InputData/climate/atmosphere/bias-adjusted/global/daily/esm-scen7-h/EC-Earth3-ESM-1-1/ec-earth3-esm-1-1_r1i1p1f1_era5_esm-scen7-h_tas_global_30arcmin_daily_2051_2060.nc
InputData/climate/atmosphere/bias-adjusted/global/daily/esm-scen7-h/EC-Earth3-ESM-1-1/ec-earth3-esm-1-1_r1i1p1f1_era5_esm-scen7-h_tas_global_30arcmin_daily_2061_2070.nc	2021279024	f1abf2b0e17632ccd0984a9d6261a3bf	3	2026-09-21	InputData/climate/atmosphere/bias-adjusted/global/daily/esm-scen7-h/EC-Earth3-ESM-1-1/ec-earth3-esm-1-1_r1i1p1f1_era5_esm-scen7-h_tas_global_30arcmin_daily_2061_2070.nc
InputData/climate/atmosphere/bias-adjusted/global/daily/esm-scen7-h/EC-Earth3-ESM-1-1/ec-earth3-esm-1-1_r1i1p1f1_era5_esm-scen7-h_tas_global_30arcmin_daily_2071_2080.nc	2021343908	74eb671a0dfb4253e591f0764d4d6819	3	2026-09-21	InputData/climate/atmosphere/bias-adjusted/global/daily/esm-scen7-h/EC-Earth3-ESM-1-1/ec-earth3-esm-1-1_r1i1p1f1_era5_esm-scen7-h_tas_global_30arcmin_daily_2071_2080.nc
InputData/climate/atmosphere/bias-adjusted/global/daily/esm-scen7-h/EC-Earth3-ESM-1-1/ec-earth3-esm-1-1_r1i1p1f1_era5_esm-scen7-h_tas_global_30arcmin_daily_2081_2090.nc	2020425469	e18e2758dfb2e8524513833e616b0f1f	3	2026-09-21	InputData/climate/atmosphere/bias-adjusted/global/daily/esm-scen7-h/EC-Earth3-ESM-1-1/ec-earth3-esm-1-1_r1i1p1f1_era5_esm-scen7-h_tas_global_30arcmin_daily_2081_2090.nc
InputData/climate/atmosphere/bias-adjusted/global/daily/esm-scen7-h/EC-Earth3-ESM-1-1/ec-earth3-esm-1-1_r1i1p1f1_era5_esm-scen7-h_tas_global_30arcmin_daily_2091_2100.nc	2020341139	9037be00603126c8c96cc0d48993c4f6	3	2026-09-21	InputData/climate/atmosphere/bias-adjusted/global/daily/esm-scen7-h/EC-Earth3-ESM-1-1/ec-earth3-esm-1-1_r1i1p1f1_era5_esm-scen7-h_tas_global_30arcmin_daily_2091_2100.nc
InputData/climate/atmosphere/bias-adjusted/global/daily/esm-scen7-vl/EC-Earth3-ESM-1-1/ec-earth3-esm-1-1_r1i1p1f1_era5_esm-scen7-vl_huss_global_30arcmin_daily_2022_2030.nc	2340674225	eef6f9a142a8eccd855c6d8368dd77c0	2	2026-09-21	InputData/climate/atmosphere/bias-adjusted/global/daily/esm-scen7-vl/EC-Earth3-ESM-1-1/ec-earth3-esm-1-1_r1i1p1f1_era5_esm-scen7-vl_huss_global_30arcmin_daily_2022_2030.nc
InputData/climate/atmosphere/bias-adjusted/global/daily/esm-scen7-vl/EC-Earth3-ESM-1-1/ec-earth3-esm-1-1_r1i1p1f1_era5_esm-scen7-vl_huss_global_30arcmin_daily_2031_2040.nc	2598645766	39113df96e9fd39604d4544cf9871512	3	2026-09-21	InputData/climate/atmosphere/bias-adjusted/global/daily/esm-scen7-vl/EC-Earth3-ESM-1-1/ec-earth3-esm-1-1_r1i1p1f1_era5_esm-scen7-vl_huss_global_30arcmin_daily_2031_2040.nc
InputData/climate/atmosphere/bias-adjusted/global/daily/esm-scen7-vl/EC-Earth3-ESM-1-1/ec-earth3-esm-1-1_r1i1p1f1_era5_esm-scen7-vl_huss_global_30arcmin_daily_2041_2050.nc	2599055280	6f91555d3cced8135e7b82f9fa7e4bd5	3	2026-09-21	InputData/climate/atmosphere/bias-adjusted/global/daily/esm-scen7-vl/EC-Earth3-ESM-1-1/ec-earth3-esm-1-1_r1i1p1f1_era5_esm-scen7-vl_huss_global_30arcmin_daily_2041_2050.nc
InputData/climate/atmosphere/bias-adjusted/global/daily/esm-scen7-vl/EC-Earth3-ESM-1-1/ec-earth3-esm-1-1_r1i1p1f1_era5_esm-scen7-vl_huss_global_30arcmin_daily_2051_2060.nc	2600876788	8828ef7f4d13f526983eb4762e067a94	3	2026-09-21	InputData/climate/atmosphere/bias-adjusted/global/daily/esm-scen7-vl/EC-Earth3-ESM-1-1/ec-earth3-esm-1-1_r1i1p1f1_era5_esm-scen7-vl_huss_global_30arcmin_daily_2051_2060.nc
InputData/climate/atmosphere/bias-adjusted/global/daily/esm-scen7-vl/EC-Earth3-ESM-1-1/ec-earth3-esm-1-1_r1i1p1f1_era5_esm-scen7-vl_huss_global_30arcmin_daily_2061_2070.nc	2599808221	880350cbf796f0a37ab2b51e5409ca13	3	2026-09-21	InputData/climate/atmosphere/bias-adjusted/global/daily/esm-scen7-vl/EC-Earth3-ESM-1-1/ec-earth3-esm-1-1_r1i1p1f1_era5_esm-scen7-vl_huss_global_30arcmin_daily_2061_2070.nc
InputData/climate/atmosphere/bias-adjusted/global/daily/esm-scen7-vl/EC-Earth3-ESM-1-1/ec-earth3-esm-1-1_r1i1p1f1_era5_esm-scen7-vl_huss_global_30arcmin_daily_2071_2080.nc	2600490624	6aa4dfacce9368c2e25e4b4e11433e73	3	2026-09-21	InputData/climate/atmosphere/bias-adjusted/global/daily/esm-scen7-vl/EC-Earth3-ESM-1-1/ec-earth3-esm-1-1_r1i1p1f1_era5_esm-scen7-vl_huss_global_30arcmin_daily_2071_2080.nc
InputData/climate/atmosphere/bias-adjusted/global/daily/esm-scen7-vl/EC-Earth3-ESM-1-1/ec-earth3-esm-1-1_r1i1p1f1_era5_esm-scen7-vl_huss_global_30arcmin_daily_2081_2090.nc	2600633773	3eccaa6b4d5b3326b3632fd54e29e92f	3	2026-09-21	InputData/climate/atmosphere/bias-adjusted/global/daily/esm-scen7-vl/EC-Earth3-ESM-1-1/ec-earth3-esm-1-1_r1i1p1f1_era5_esm-scen7-vl_huss_global_30arcmin_daily_2081_2090.nc
InputData/climate/atmosphere/bias-adjusted/global/daily/esm-scen7-vl/EC-Earth3-ESM-1-1/ec-earth3-esm-1-1_r1i1p1f1_era5_esm-scen7-vl_huss_global_30arcmin_daily_2091_2100.nc	2601717249	bd8802d309947b29cd2358e86d81a276	3	2026-09-21	InputData/climate/atmosphere/bias-adjusted/global/daily/esm-scen7-vl/EC-Earth3-ESM-1-1/ec-earth3-esm-1-1_r1i1p1f1_era5_esm-scen7-vl_huss_global_30arcmin_daily_2091_2100.nc
InputData/climate/atmosphere/bias-adjusted/global/daily/esm-scen7-vl/EC-Earth3-ESM-1-1/ec-earth3-esm-1-1_r1i1p1f1_era5_esm-scen7-vl_pr_global_30arcmin_daily_2022_2030.nc	2045947469	b8e3e430c61a95f31ca6372ea1753daa	2	2026-09-21	InputData/climate/atmosphere/bias-adjusted/global/daily/esm-scen7-vl/EC-Earth3-ESM-1-1/ec-earth3-esm-1-1_r1i1p1f1_era5_esm-scen7-vl_pr_global_30arcmin_daily_2022_2030.nc
InputData/climate/atmosphere/bias-adjusted/global/daily/esm-scen7-vl/EC-Earth3-ESM-1-1/ec-earth3-esm-1-1_r1i1p1f1_era5_esm-scen7-vl_pr_global_30arcmin_daily_2031_2040.nc	2277041514	59a85fd8b45cac38d0b2e3ef0dee996d	3	2026-09-21	InputData/climate/atmosphere/bias-adjusted/global/daily/esm-scen7-vl/EC-Earth3-ESM-1-1/ec-earth3-esm-1-1_r1i1p1f1_era5_esm-scen7-vl_pr_global_30arcmin_daily_2031_2040.nc
InputData/climate/atmosphere/bias-adjusted/global/daily/esm-scen7-vl/EC-Earth3-ESM-1-1/ec-earth3-esm-1-1_r1i1p1f1_era5_esm-scen7-vl_pr_global_30arcmin_daily_2041_2050.nc	2276573561	1ebd8a1bc1ef85e0e810aaf54e52c701	3	2026-09-21	InputData/climate/atmosphere/bias-adjusted/global/daily/esm-scen7-vl/EC-Earth3-ESM-1-1/ec-earth3-esm-1-1_r1i1p1f1_era5_esm-scen7-vl_pr_global_30arcmin_daily_2041_2050.nc
InputData/climate/atmosphere/bias-adjusted/global/daily/esm-scen7-vl/EC-Earth3-ESM-1-1/ec-earth3-esm-1-1_r1i1p1f1_era5_esm-scen7-vl_pr_global_30arcmin_daily_2051_2060.nc	2278692181	54777f74b526d369e3666642de7f1712	3	2026-09-21	InputData/climate/atmosphere/bias-adjusted/global/daily/esm-scen7-vl/EC-Earth3-ESM-1-1/ec-earth3-esm-1-1_r1i1p1f1_era5_esm-scen7-vl_pr_global_30arcmin_daily_2051_2060.nc
InputData/climate/atmosphere/bias-adjusted/global/daily/esm-scen7-vl/EC-Earth3-ESM-1-1/ec-earth3-esm-1-1_r1i1p1f1_era5_esm-scen7-vl_pr_global_30arcmin_daily_2061_2070.nc	2277715708	24542034d788b747852795460eddc25d	3	2026-09-21	InputData/climate/atmosphere/bias-adjusted/global/daily/esm-scen7-vl/EC-Earth3-ESM-1-1/ec-earth3-esm-1-1_r1i1p1f1_era5_esm-scen7-vl_pr_global_30arcmin_daily_2061_2070.nc
InputData/climate/atmosphere/bias-adjusted/global/daily/esm-scen7-vl/EC-Earth3-ESM-1-1/ec-earth3-esm-1-1_r1i1p1f1_era5_esm-scen7-vl_pr_global_30arcmin_daily_2071_2080.nc	2283604097	75436c65ee9076481f6d588a04a981f4	3	2026-09-21	InputData/climate/atmosphere/bias-adjusted/global/daily/esm-scen7-vl/EC-Earth3-ESM-1-1/ec-earth3-esm-1-1_r1i1p1f1_era5_esm-scen7-vl_pr_global_30arcmin_daily_2071_2080.nc
InputData/climate/atmosphere/bias-adjusted/global/daily/esm-scen7-vl/EC-Earth3-ESM-1-1/ec-earth3-esm-1-1_r1i1p1f1_era5_esm-scen7-vl_pr_global_30arcmin_daily_2081_2090.nc	2278888031	007f99f5516730e0d598e12438fe3d09	3	2026-09-21	InputData/climate/atmosphere/bias-adjusted/global/daily/esm-scen7-vl/EC-Earth3-ESM-1-1/ec-earth3-esm-1-1_r1i1p1f1_era5_esm-scen7-vl_pr_global_30arcmin_daily_2081_2090.nc
InputData/climate/atmosphere/bias-adjusted/global/daily/esm-scen7-vl/EC-Earth3-ESM-1-1/ec-earth3-esm-1-1_r1i1p1f1_era5_esm-scen7-vl_pr_global_30arcmin_daily_2091_2100.nc	2280358156	e46e6bce9dd1f020ae2064b6f09f2235	3	2026-09-21	InputData/climate/atmosphere/bias-adjusted/global/daily/esm-scen7-vl/EC-Earth3-ESM-1-1/ec-earth3-esm-1-1_r1i1p1f1_era5_esm-scen7-vl_pr_global_30arcmin_daily_2091_2100.nc
InputData/climate/atmosphere/bias-adjusted/global/daily/esm-scen7-vl/EC-Earth3-ESM-1-1/ec-earth3-esm-1-1_r1i1p1f1_era5_esm-scen7-vl_ps_global_30arcmin_daily_2022_2030.nc	1856111826	d3ad580c2d96c111c49c9aca737201d6	2	2026-09-21	InputData/climate/atmosphere/bias-adjusted/global/daily/esm-scen7-vl/EC-Earth3-ESM-1-1/ec-earth3-esm-1-1_r1i1p1f1_era5_esm-scen7-vl_ps_global_30arcmin_daily_2022_2030.nc
InputData/climate/atmosphere/bias-adjusted/global/daily/esm-scen7-vl/EC-Earth3-ESM-1-1/ec-earth3-esm-1-1_r1i1p1f1_era5_esm-scen7-vl_ps_global_30arcmin_daily_2031_2040.nc	2062531069	8f6e1feaf4c08b4a07d559b15cd5a7ad	3	2026-09-21	InputData/climate/atmosphere/bias-adjusted/global/daily/esm-scen7-vl/EC-Earth3-ESM-1-1/ec-earth3-esm-1-1_r1i1p1f1_era5_esm-scen7-vl_ps_global_30arcmin_daily_2031_2040.nc
InputData/climate/atmosphere/bias-adjusted/global/daily/esm-scen7-vl/EC-Earth3-ESM-1-1/ec-earth3-esm-1-1_r1i1p1f1_era5_esm-scen7-vl_ps_global_30arcmin_daily_2041_2050.nc	2062100826	26be20b29baaa77e42f3364b94a1e7e1	3	2026-09-21	InputData/climate/atmosphere/bias-adjusted/global/daily/esm-scen7-vl/EC-Earth3-ESM-1-1/ec-earth3-esm-1-1_r1i1p1f1_era5_esm-scen7-vl_ps_global_30arcmin_daily_2041_2050.nc
InputData/climate/atmosphere/bias-adjusted/global/daily/esm-scen7-vl/EC-Earth3-ESM-1-1/ec-earth3-esm-1-1_r1i1p1f1_era5_esm-scen7-vl_ps_global_30arcmin_daily_2051_2060.nc	2062524686	36bd9b1fdf5832060f290e23f828458e	3	2026-09-21	InputData/climate/atmosphere/bias-adjusted/global/daily/esm-scen7-vl/EC-Earth3-ESM-1-1/ec-earth3-esm-1-1_r1i1p1f1_era5_esm-scen7-vl_ps_global_30arcmin_daily_2051_2060.nc
InputData/climate/atmosphere/bias-adjusted/global/daily/esm-scen7-vl/EC-Earth3-ESM-1-1/ec-earth3-esm-1-1_r1i1p1f1_era5_esm-scen7-vl_ps_global_30arcmin_daily_2061_2070.nc	2061966456	8ebc21068496eefc002273861cda54ed	3	2026-09-21	InputData/climate/atmosphere/bias-adjusted/global/daily/esm-scen7-vl/EC-Earth3-ESM-1-1/ec-earth3-esm-1-1_r1i1p1f1_era5_esm-scen7-vl_ps_global_30arcmin_daily_2061_2070.nc
InputData/climate/atmosphere/bias-adjusted/global/daily/esm-scen7-vl/EC-Earth3-ESM-1-1/ec-earth3-esm-1-1_r1i1p1f1_era5_esm-scen7-vl_ps_global_30arcmin_daily_2071_2080.nc	2062975462	a027cefa2c99e0450c191914b6119289	3	2026-09-21	InputData/climate/atmosphere/bias-adjusted/global/daily/esm-scen7-vl/EC-Earth3-ESM-1-1/ec-earth3-esm-1-1_r1i1p1f1_era5_esm-scen7-vl_ps_global_30arcmin_daily_2071_2080.nc
InputData/climate/atmosphere/bias-adjusted/global/daily/esm-scen7-vl/EC-Earth3-ESM-1-1/ec-earth3-esm-1-1_r1i1p1f1_era5_esm-scen7-vl_ps_global_30arcmin_daily_2081_2090.nc	2062416149	b961279f2a4b791527d2decb70cf4b4b	3	2026-09-21	InputData/climate/atmosphere/bias-adjusted/global/daily/esm-scen7-vl/EC-Earth3-ESM-1-1/ec-earth3-esm-1-1_r1i1p1f1_era5_esm-scen7-vl_ps_global_30arcmin_daily_2081_2090.nc
InputData/climate/atmosphere/bias-adjusted/global/daily/esm-scen7-vl/EC-Earth3-ESM-1-1/ec-earth3-esm-1-1_r1i1p1f1_era5_esm-scen7-vl_ps_global_30arcmin_daily_2091_2100.nc	2062677584	7757ca1d7ec0979aadbf0b501ff8cab8	3	2026-09-21	InputData/climate/atmosphere/bias-adjusted/global/daily/esm-scen7-vl/EC-Earth3-ESM-1-1/ec-earth3-esm-1-1_r1i1p1f1_era5_esm-scen7-vl_ps_global_30arcmin_daily_2091_2100.nc
InputData/climate/atmosphere/bias-adjusted/global/daily/esm-scen7-vl/EC-Earth3-ESM-1-1/ec-earth3-esm-1-1_r1i1p1f1_era5_esm-scen7-vl_rlds_global_30arcmin_daily_2022_2030.nc	2104664553	362cf87eea53d0037575a6ebc6348766	2	2026-09-21	InputData/climate/atmosphere/bias-adjusted/global/daily/esm-scen7-vl/EC-Earth3-ESM-1-1/ec-earth3-esm-1-1_r1i1p1f1_era5_esm-scen7-vl_rlds_global_30arcmin_daily_2022_2030.nc
InputData/climate/atmosphere/bias-adjusted/global/daily/esm-scen7-vl/EC-Earth3-ESM-1-1/ec-earth3-esm-1-1_r1i1p1f1_era5_esm-scen7-vl_rlds_global_30arcmin_daily_2031_2040.nc	2338226444	a28d6945181ad8b4c40506b635c25326	3	2026-09-21	InputData/climate/atmosphere/bias-adjusted/global/daily/esm-scen7-vl/EC-Earth3-ESM-1-1/ec-earth3-esm-1-1_r1i1p1f1_era5_esm-scen7-vl_rlds_global_30arcmin_daily_2031_2040.nc
InputData/climate/atmosphere/bias-adjusted/global/daily/esm-scen7-vl/EC-Earth3-ESM-1-1/ec-earth3-esm-1-1_r1i1p1f1_era5_esm-scen7-vl_rlds_global_30arcmin_daily_2041_2050.nc	2338568795	a7913d8dfd668d39671afa2063a754e4	3	2026-09-21	InputData/climate/atmosphere/bias-adjusted/global/daily/esm-scen7-vl/EC-Earth3-ESM-1-1/ec-earth3-esm-1-1_r1i1p1f1_era5_esm-scen7-vl_rlds_global_30arcmin_daily_2041_2050.nc
InputData/climate/atmosphere/bias-adjusted/global/daily/esm-scen7-vl/EC-Earth3-ESM-1-1/ec-earth3-esm-1-1_r1i1p1f1_era5_esm-scen7-vl_rlds_global_30arcmin_daily_2051_2060.nc	2339509910	9d165560260cf539e998ab91ac8543ab	3	2026-09-21	InputData/climate/atmosphere/bias-adjusted/global/daily/esm-scen7-vl/EC-Earth3-ESM-1-1/ec-earth3-esm-1-1_r1i1p1f1_era5_esm-scen7-vl_rlds_global_30arcmin_daily_2051_2060.nc
InputData/climate/atmosphere/bias-adjusted/global/daily/esm-scen7-vl/EC-Earth3-ESM-1-1/ec-earth3-esm-1-1_r1i1p1f1_era5_esm-scen7-vl_rlds_global_30arcmin_daily_2061_2070.nc	2339311287	82153e9fbfd76c717b1134cdf822d68a	3	2026-09-21	InputData/climate/atmosphere/bias-adjusted/global/daily/esm-scen7-vl/EC-Earth3-ESM-1-1/ec-earth3-esm-1-1_r1i1p1f1_era5_esm-scen7-vl_rlds_global_30arcmin_daily_2061_2070.nc
InputData/climate/atmosphere/bias-adjusted/global/daily/esm-scen7-vl/EC-Earth3-ESM-1-1/ec-earth3-esm-1-1_r1i1p1f1_era5_esm-scen7-vl_rlds_global_30arcmin_daily_2071_2080.nc	2340722063	77da50c4fdb184a0cf8298a14131703d	3	2026-09-21	InputData/climate/atmosphere/bias-adjusted/global/daily/esm-scen7-vl/EC-Earth3-ESM-1-1/ec-earth3-esm-1-1_r1i1p1f1_era5_esm-scen7-vl_rlds_global_30arcmin_daily_2071_2080.nc
InputData/climate/atmosphere/bias-adjusted/global/daily/esm-scen7-vl/EC-Earth3-ESM-1-1/ec-earth3-esm-1-1_r1i1p1f1_era5_esm-scen7-vl_rlds_global_30arcmin_daily_2081_2090.nc	2340647396	763fe84d75a2f0954ce732bd3d4833db	3	2026-09-21	InputData/climate/atmosphere/bias-adjusted/global/daily/esm-scen7-vl/EC-Earth3-ESM-1-1/ec-earth3-esm-1-1_r1i1p1f1_era5_esm-scen7-vl_rlds_global_30arcmin_daily_2081_2090.nc
InputData/climate/atmosphere/bias-adjusted/global/daily/esm-scen7-vl/EC-Earth3-ESM-1-1/ec-earth3-esm-1-1_r1i1p1f1_era5_esm-scen7-vl_rlds_global_30arcmin_daily_2091_2100.nc	2341441276	7322222061b8a78a92a70020932fa35e	3	2026-09-21	InputData/climate/atmosphere/bias-adjusted/global/daily/esm-scen7-vl/EC-Earth3-ESM-1-1/ec-earth3-esm-1-1_r1i1p1f1_era5_esm-scen7-vl_rlds_global_30arcmin_daily_2091_2100.nc
InputData/climate/atmosphere/bias-adjusted/global/daily/esm-scen7-vl/EC-Earth3-ESM-1-1/ec-earth3-esm-1-1_r1i1p1f1_era5_esm-scen7-vl_rsds_global_30arcmin_daily_2022_2030.nc	2200293024	6f21b13129c34326c007af959bcc6a17	2	2026-09-21	InputData/climate/atmosphere/bias-adjusted/global/daily/esm-scen7-vl/EC-Earth3-ESM-1-1/ec-earth3-esm-1-1_r1i1p1f1_era5_esm-scen7-vl_rsds_global_30arcmin_daily_2022_2030.nc
InputData/climate/atmosphere/bias-adjusted/global/daily/esm-scen7-vl/EC-Earth3-ESM-1-1/ec-earth3-esm-1-1_r1i1p1f1_era5_esm-scen7-vl_rsds_global_30arcmin_daily_2031_2040.nc	2445651426	f56d3c13dfc4e57c7e0324938617267c	3	2026-09-21	InputData/climate/atmosphere/bias-adjusted/global/daily/esm-scen7-vl/EC-Earth3-ESM-1-1/ec-earth3-esm-1-1_r1i1p1f1_era5_esm-scen7-vl_rsds_global_30arcmin_daily_2031_2040.nc
InputData/climate/atmosphere/bias-adjusted/global/daily/esm-scen7-vl/EC-Earth3-ESM-1-1/ec-earth3-esm-1-1_r1i1p1f1_era5_esm-scen7-vl_rsds_global_30arcmin_daily_2041_2050.nc	2445040341	1a9e5468b51950ea4705293489889722	3	2026-09-21	InputData/climate/atmosphere/bias-adjusted/global/daily/esm-scen7-vl/EC-Earth3-ESM-1-1/ec-earth3-esm-1-1_r1i1p1f1_era5_esm-scen7-vl_rsds_global_30arcmin_daily_2041_2050.nc
InputData/climate/atmosphere/bias-adjusted/global/daily/esm-scen7-vl/EC-Earth3-ESM-1-1/ec-earth3-esm-1-1_r1i1p1f1_era5_esm-scen7-vl_rsds_global_30arcmin_daily_2051_2060.nc	2445428464	3aa7ef21ba67cffef6937bcee5595980	3	2026-09-21	InputData/climate/atmosphere/bias-adjusted/global/daily/esm-scen7-vl/EC-Earth3-ESM-1-1/ec-earth3-esm-1-1_r1i1p1f1_era5_esm-scen7-vl_rsds_global_30arcmin_daily_2051_2060.nc
InputData/climate/atmosphere/bias-adjusted/global/daily/esm-scen7-vl/EC-Earth3-ESM-1-1/ec-earth3-esm-1-1_r1i1p1f1_era5_esm-scen7-vl_rsds_global_30arcmin_daily_2061_2070.nc	2444673510	ba1e94cd41b8d180d527064fb23f91ad	3	2026-09-21	InputData/climate/atmosphere/bias-adjusted/global/daily/esm-scen7-vl/EC-Earth3-ESM-1-1/ec-earth3-esm-1-1_r1i1p1f1_era5_esm-scen7-vl_rsds_global_30arcmin_daily_2061_2070.nc
InputData/climate/atmosphere/bias-adjusted/global/daily/esm-scen7-vl/EC-Earth3-ESM-1-1/ec-earth3-esm-1-1_r1i1p1f1_era5_esm-scen7-vl_rsds_global_30arcmin_daily_2071_2080.nc	2445197144	4d326b3287bf31b889a9371af83ac41a	3	2026-09-21	InputData/climate/atmosphere/bias-adjusted/global/daily/esm-scen7-vl/EC-Earth3-ESM-1-1/ec-earth3-esm-1-1_r1i1p1f1_era5_esm-scen7-vl_rsds_global_30arcmin_daily_2071_2080.nc
InputData/climate/atmosphere/bias-adjusted/global/daily/esm-scen7-vl/EC-Earth3-ESM-1-1/ec-earth3-esm-1-1_r1i1p1f1_era5_esm-scen7-vl_rsds_global_30arcmin_daily_2081_2090.nc	2443969598	2924e0178df18936c74df24b658d79f1	3	2026-09-21	InputData/climate/atmosphere/bias-adjusted/global/daily/esm-scen7-vl/EC-Earth3-ESM-1-1/ec-earth3-esm-1-1_r1i1p1f1_era5_esm-scen7-vl_rsds_global_30arcmin_daily_2081_2090.nc
InputData/climate/atmosphere/bias-adjusted/global/daily/esm-scen7-vl/EC-Earth3-ESM-1-1/ec-earth3-esm-1-1_r1i1p1f1_era5_esm-scen7-vl_rsds_global_30arcmin_daily_2091_2100.nc	2444575334	f04af64c058af8932877c16d81ca4977	3	2026-09-21	InputData/climate/atmosphere/bias-adjusted/global/daily/esm-scen7-vl/EC-Earth3-ESM-1-1/ec-earth3-esm-1-1_r1i1p1f1_era5_esm-scen7-vl_rsds_global_30arcmin_daily_2091_2100.nc
InputData/climate/atmosphere/bias-adjusted/global/daily/esm-scen7-vl/EC-Earth3-ESM-1-1/ec-earth3-esm-1-1_r1i1p1f1_era5_esm-scen7-vl_sfcwind_global_30arcmin_daily_2022_2030.nc	2479980497	f8127345c4d1955646dd836ddeb35bd5	2	2026-09-21	InputData/climate/atmosphere/bias-adjusted/global/daily/esm-scen7-vl/EC-Earth3-ESM-1-1/ec-earth3-esm-1-1_r1i1p1f1_era5_esm-scen7-vl_sfcwind_global_30arcmin_daily_2022_2030.nc
InputData/climate/atmosphere/bias-adjusted/global/daily/esm-scen7-vl/EC-Earth3-ESM-1-1/ec-earth3-esm-1-1_r1i1p1f1_era5_esm-scen7-vl_sfcwind_global_30arcmin_daily_2031_2040.nc	2755708361	dd5b5873c519b6f207b66a885893d40b	3	2026-09-21	InputData/climate/atmosphere/bias-adjusted/global/daily/esm-scen7-vl/EC-Earth3-ESM-1-1/ec-earth3-esm-1-1_r1i1p1f1_era5_esm-scen7-vl_sfcwind_global_30arcmin_daily_2031_2040.nc
InputData/climate/atmosphere/bias-adjusted/global/daily/esm-scen7-vl/EC-Earth3-ESM-1-1/ec-earth3-esm-1-1_r1i1p1f1_era5_esm-scen7-vl_sfcwind_global_30arcmin_daily_2041_2050.nc	2755186145	647189d7e5c19768ef18cbff78a3ceba	3	2026-09-21	InputData/climate/atmosphere/bias-adjusted/global/daily/esm-scen7-vl/EC-Earth3-ESM-1-1/ec-earth3-esm-1-1_r1i1p1f1_era5_esm-scen7-vl_sfcwind_global_30arcmin_daily_2041_2050.nc
InputData/climate/atmosphere/bias-adjusted/global/daily/esm-scen7-vl/EC-Earth3-ESM-1-1/ec-earth3-esm-1-1_r1i1p1f1_era5_esm-scen7-vl_sfcwind_global_30arcmin_daily_2051_2060.nc	2756484516	3720c6b0944a4e1d9aa7b58969a514de	3	2026-09-21	InputData/climate/atmosphere/bias-adjusted/global/daily/esm-scen7-vl/EC-Earth3-ESM-1-1/ec-earth3-esm-1-1_r1i1p1f1_era5_esm-scen7-vl_sfcwind_global_30arcmin_daily_2051_2060.nc
InputData/climate/atmosphere/bias-adjusted/global/daily/esm-scen7-vl/EC-Earth3-ESM-1-1/ec-earth3-esm-1-1_r1i1p1f1_era5_esm-scen7-vl_sfcwind_global_30arcmin_daily_2061_2070.nc	2755413786	f0d11685bbfa61cd5cbdfe335b436759	3	2026-09-21	InputData/climate/atmosphere/bias-adjusted/global/daily/esm-scen7-vl/EC-Earth3-ESM-1-1/ec-earth3-esm-1-1_r1i1p1f1_era5_esm-scen7-vl_sfcwind_global_30arcmin_daily_2061_2070.nc
InputData/climate/atmosphere/bias-adjusted/global/daily/esm-scen7-vl/EC-Earth3-ESM-1-1/ec-earth3-esm-1-1_r1i1p1f1_era5_esm-scen7-vl_sfcwind_global_30arcmin_daily_2071_2080.nc	2755956890	aa31b96bf563406297ba9abc6ba13b18	3	2026-09-21	InputData/climate/atmosphere/bias-adjusted/global/daily/esm-scen7-vl/EC-Earth3-ESM-1-1/ec-earth3-esm-1-1_r1i1p1f1_era5_esm-scen7-vl_sfcwind_global_30arcmin_daily_2071_2080.nc
InputData/climate/atmosphere/bias-adjusted/global/daily/esm-scen7-vl/EC-Earth3-ESM-1-1/ec-earth3-esm-1-1_r1i1p1f1_era5_esm-scen7-vl_sfcwind_global_30arcmin_daily_2081_2090.nc	2755417526	30631ed0f6eab36fcb437c15f4cbfc7c	3	2026-09-21	InputData/climate/atmosphere/bias-adjusted/global/daily/esm-scen7-vl/EC-Earth3-ESM-1-1/ec-earth3-esm-1-1_r1i1p1f1_era5_esm-scen7-vl_sfcwind_global_30arcmin_daily_2081_2090.nc
InputData/climate/atmosphere/bias-adjusted/global/daily/esm-scen7-vl/EC-Earth3-ESM-1-1/ec-earth3-esm-1-1_r1i1p1f1_era5_esm-scen7-vl_sfcwind_global_30arcmin_daily_2091_2100.nc	2755852467	c83de76fa9766cb09953c4bc2cab9b46	3	2026-09-21	InputData/climate/atmosphere/bias-adjusted/global/daily/esm-scen7-vl/EC-Earth3-ESM-1-1/ec-earth3-esm-1-1_r1i1p1f1_era5_esm-scen7-vl_sfcwind_global_30arcmin_daily_2091_2100.nc
InputData/climate/atmosphere/bias-adjusted/global/daily/esm-scen7-vl/EC-Earth3-ESM-1-1/ec-earth3-esm-1-1_r1i1p1f1_era5_esm-scen7-vl_tas_global_30arcmin_daily_2022_2030.nc	1820347958	c0d57314b57421e4448a4415343159cf	2	2026-09-21	InputData/climate/atmosphere/bias-adjusted/global/daily/esm-scen7-vl/EC-Earth3-ESM-1-1/ec-earth3-esm-1-1_r1i1p1f1_era5_esm-scen7-vl_tas_global_30arcmin_daily_2022_2030.nc
InputData/climate/atmosphere/bias-adjusted/global/daily/esm-scen7-vl/EC-Earth3-ESM-1-1/ec-earth3-esm-1-1_r1i1p1f1_era5_esm-scen7-vl_tas_global_30arcmin_daily_2031_2040.nc	2021907367	b930b5478fffd9d4ec164995da85a30d	3	2026-09-21	InputData/climate/atmosphere/bias-adjusted/global/daily/esm-scen7-vl/EC-Earth3-ESM-1-1/ec-earth3-esm-1-1_r1i1p1f1_era5_esm-scen7-vl_tas_global_30arcmin_daily_2031_2040.nc
InputData/climate/atmosphere/bias-adjusted/global/daily/esm-scen7-vl/EC-Earth3-ESM-1-1/ec-earth3-esm-1-1_r1i1p1f1_era5_esm-scen7-vl_tas_global_30arcmin_daily_2041_2050.nc	2022073546	a4929218029d239822e382eb2b7e82fc	3	2026-09-21	InputData/climate/atmosphere/bias-adjusted/global/daily/esm-scen7-vl/EC-Earth3-ESM-1-1/ec-earth3-esm-1-1_r1i1p1f1_era5_esm-scen7-vl_tas_global_30arcmin_daily_2041_2050.nc
InputData/climate/atmosphere/bias-adjusted/global/daily/esm-scen7-vl/EC-Earth3-ESM-1-1/ec-earth3-esm-1-1_r1i1p1f1_era5_esm-scen7-vl_tas_global_30arcmin_daily_2051_2060.nc	2023067374	43df462d9a1565c2107c76daee9c703d	3	2026-09-21	InputData/climate/atmosphere/bias-adjusted/global/daily/esm-scen7-vl/EC-Earth3-ESM-1-1/ec-earth3-esm-1-1_r1i1p1f1_era5_esm-scen7-vl_tas_global_30arcmin_daily_2051_2060.nc
InputData/climate/atmosphere/bias-adjusted/global/daily/esm-scen7-vl/EC-Earth3-ESM-1-1/ec-earth3-esm-1-1_r1i1p1f1_era5_esm-scen7-vl_tas_global_30arcmin_daily_2061_2070.nc	2022344559	631783285cf706901a21b0636649a99c	3	2026-09-21	InputData/climate/atmosphere/bias-adjusted/global/daily/esm-scen7-vl/EC-Earth3-ESM-1-1/ec-earth3-esm-1-1_r1i1p1f1_era5_esm-scen7-vl_tas_global_30arcmin_daily_2061_2070.nc
InputData/climate/atmosphere/bias-adjusted/global/daily/esm-scen7-vl/EC-Earth3-ESM-1-1/ec-earth3-esm-1-1_r1i1p1f1_era5_esm-scen7-vl_tas_global_30arcmin_daily_2071_2080.nc	2022746336	9a92edc84e8c161a046a4cecc88a09eb	3	2026-09-21	InputData/climate/atmosphere/bias-adjusted/global/daily/esm-scen7-vl/EC-Earth3-ESM-1-1/ec-earth3-esm-1-1_r1i1p1f1_era5_esm-scen7-vl_tas_global_30arcmin_daily_2071_2080.nc
InputData/climate/atmosphere/bias-adjusted/global/daily/esm-scen7-vl/EC-Earth3-ESM-1-1/ec-earth3-esm-1-1_r1i1p1f1_era5_esm-scen7-vl_tas_global_30arcmin_daily_2081_2090.nc	2022404089	3a92c5d8bcd9287a31eee828fb37a9ae	3	2026-09-21	InputData/climate/atmosphere/bias-adjusted/global/daily/esm-scen7-vl/EC-Earth3-ESM-1-1/ec-earth3-esm-1-1_r1i1p1f1_era5_esm-scen7-vl_tas_global_30arcmin_daily_2081_2090.nc
InputData/climate/atmosphere/bias-adjusted/global/daily/esm-scen7-vl/EC-Earth3-ESM-1-1/ec-earth3-esm-1-1_r1i1p1f1_era5_esm-scen7-vl_tas_global_30arcmin_daily_2091_2100.nc	2023014813	ca6ae1abdd98864dfdacd1bf43c16adb	3	2026-09-21	InputData/climate/atmosphere/bias-adjusted/global/daily/esm-scen7-vl/EC-Earth3-ESM-1-1/ec-earth3-esm-1-1_r1i1p1f1_era5_esm-scen7-vl_tas_global_30arcmin_daily_2091_2100.nc
InputData/climate/atmosphere_composition/ch4/historical/ch4_historical_annual_1750_2021.txt	4369	d9479c8bdbcef1f84463e0712089abb5	1	2026-09-21	InputData/climate/atmosphere_composition/ch4/historical/ch4_historical_annual_1750_2021.txt
InputData/climate/atmosphere_composition/ch4/historical/ch4_historical_monthly_1750_2021.txt	62039	0d32634a0ce35e3f8e4fae7bf6ba39e1	1	2026-09-21	InputData/climate/atmosphere_composition/ch4/historical/ch4_historical_monthly_1750_2021.txt
InputData/climate/atmosphere_composition/ch4/picontrol/ch4_picontrol_annual_1850_2100.txt	4033	1b450e8197f47d33e3070662d6452837	1	2026-09-21	InputData/climate/atmosphere_composition/ch4/picontrol/ch4_picontrol_annual_1850_2100.txt
InputData/climate/atmosphere_composition/ch4/picontrol/ch4_picontrol_monthly_1850_2100.txt	57251	f0b99e9c64b30446a53b20c6e4a11910	1	2026-09-21	InputData/climate/atmosphere_composition/ch4/picontrol/ch4_picontrol_monthly_1850_2100.txt
InputData/climate/atmosphere_composition/ch4/scen7-h/ch4_h_annual_2022_2100.txt	1281	d9c961ed61dcc8caadc3670132a075d8	1	2026-09-21	InputData/climate/atmosphere_composition/ch4/scen7-h/ch4_h_annual_2022_2100.txt
InputData/climate/atmosphere_composition/ch4/scen7-h/ch4_h_monthly_2022_2100.txt	18035	d9f75b4a190e35c3a04a1340f039f5d4	1	2026-09-21	InputData/climate/atmosphere_composition/ch4/scen7-h/ch4_h_monthly_2022_2100.txt
InputData/climate/atmosphere_composition/ch4/scen7-vl/ch4_vl_annual_2022_2100.txt	1281	fe2c91059947eb1f297cb10db3fab8ad	1	2026-09-21	InputData/climate/atmosphere_composition/ch4/scen7-vl/ch4_vl_annual_2022_2100.txt
InputData/climate/atmosphere_composition/ch4/scen7-vl/ch4_vl_monthly_2022_2100.txt	18035	e0c20365b16ce861fcbfe056f9eef523	1	2026-09-21	InputData/climate/atmosphere_composition/ch4/scen7-vl/ch4_vl_monthly_2022_2100.txt
InputData/climate/atmosphere_composition/co2/esm-hist/co2_ec-earth3-esm-1-1_esm-hist_annual_1850_2021.txt	2769	f4fbc1aee6765e0ef229ed9ae04f9c60	1	2026-09-21	InputData/climate/atmosphere_composition/co2/esm-hist/co2_ec-earth3-esm-1-1_esm-hist_annual_1850_2021.txt
InputData/climate/atmosphere_composition/co2/esm-hist/co2_ec-earth3-esm-1-1_esm-hist_monthly_1850_2021.txt	39239	a405cd441702cc74945c8ae689f53674	1	2026-09-21	InputData/climate/atmosphere_composition/co2/esm-hist/co2_ec-earth3-esm-1-1_esm-hist_monthly_1850_2021.txt
InputData/climate/atmosphere_composition/co2/esm-hist/co2_ukesm1-3-ll_esm-hist_annual_1850_2021.txt	2769	5c8fd3c646fdcd5be21e2ad57b40f674	1	2026-09-21	InputData/climate/atmosphere_composition/co2/esm-hist/co2_ukesm1-3-ll_esm-hist_annual_1850_2021.txt
InputData/climate/atmosphere_composition/co2/esm-hist/co2_ukesm1-3-ll_esm-hist_monthly_1850_2021.txt	39239	07ee03ebbbddc1592c0321bbc5028226	1	2026-09-21	InputData/climate/atmosphere_composition/co2/esm-hist/co2_ukesm1-3-ll_esm-hist_monthly_1850_2021.txt
InputData/climate/atmosphere_composition/co2/esm-picontrol/co2_ec-earth3-esm-1-1_esm-picontrol_annual_1850_2600.txt	12033	7f144f57ff58b7956e257ded9c4cffed	1	2026-09-21	InputData/climate/atmosphere_composition/co2/esm-picontrol/co2_ec-earth3-esm-1-1_esm-picontrol_annual_1850_2600.txt
InputData/climate/atmosphere_composition/co2/esm-picontrol/co2_ec-earth3-esm-1-1_esm-picontrol_monthly_1850_2600.txt	171251	35e8a716c18a34354dad77fd89b89356	1	2026-09-21	InputData/climate/atmosphere_composition/co2/esm-picontrol/co2_ec-earth3-esm-1-1_esm-picontrol_monthly_1850_2600.txt
InputData/climate/atmosphere_composition/co2/esm-picontrol/co2_ukesm1-3-ll_esm-picontrol_annual_1850_2100.txt	4033	9634d7d98cd7dd942d74c992da7ceecb	1	2026-09-21	InputData/climate/atmosphere_composition/co2/esm-picontrol/co2_ukesm1-3-ll_esm-picontrol_annual_1850_2100.txt
InputData/climate/atmosphere_composition/co2/esm-picontrol/co2_ukesm1-3-ll_esm-picontrol_monthly_1850_2100.txt	57251	3f5da8ec6afcc38d6e2f705f2e949d93	1	2026-09-21	InputData/climate/atmosphere_composition/co2/esm-picontrol/co2_ukesm1-3-ll_esm-picontrol_monthly_1850_2100.txt
InputData/climate/atmosphere_composition/co2/esm-scen7-h/co2_ec-earth3-esm-1-1_esm-scen7-h_annual_2022_2100.txt	1281	594f1b15ec59e13b64254236f9f26148	1	2026-09-21	InputData/climate/atmosphere_composition/co2/esm-scen7-h/co2_ec-earth3-esm-1-1_esm-scen7-h_annual_2022_2100.txt
InputData/climate/atmosphere_composition/co2/esm-scen7-h/co2_ec-earth3-esm-1-1_esm-scen7-h_monthly_2022_2100.txt	18035	5974ed919cff9abf472d8a19940bea74	1	2026-09-21	InputData/climate/atmosphere_composition/co2/esm-scen7-h/co2_ec-earth3-esm-1-1_esm-scen7-h_monthly_2022_2100.txt
InputData/climate/atmosphere_composition/co2/esm-scen7-h/co2_ukesm1-3-ll_esm-scen7-h_annual_2022_2100.txt	1281	840f2cf8976401d17d15c1785b1cbe6b	1	2026-09-21	InputData/climate/atmosphere_composition/co2/esm-scen7-h/co2_ukesm1-3-ll_esm-scen7-h_annual_2022_2100.txt
InputData/climate/atmosphere_composition/co2/esm-scen7-h/co2_ukesm1-3-ll_esm-scen7-h_monthly_2022_2100.txt	18035	c45b34a1b0c15e9ec05ecfddf29cc89f	1	2026-09-21	InputData/climate/atmosphere_composition/co2/esm-scen7-h/co2_ukesm1-3-ll_esm-scen7-h_monthly_2022_2100.txt
InputData/climate/atmosphere_composition/co2/esm-scen7-vl/co2_ec-earth3-esm-1-1_esm-scen7-vl_annual_2022_2100.txt	1281	4bb2a9434c290ea177a25979707c6b69	1	2026-09-21	InputData/climate/atmosphere_composition/co2/esm-scen7-vl/co2_ec-earth3-esm-1-1_esm-scen7-vl_annual_2022_2100.txt
InputData/climate/atmosphere_composition/co2/esm-scen7-vl/co2_ec-earth3-esm-1-1_esm-scen7-vl_monthly_2022_2100.txt	18035	d068edbaf4afa02a602364624830d90b	1	2026-09-21	InputData/climate/atmosphere_composition/co2/esm-scen7-vl/co2_ec-earth3-esm-1-1_esm-scen7-vl_monthly_2022_2100.txt
InputData/climate/atmosphere_composition/co2/esm-scen7-vl/co2_ukesm1-3-ll_esm-scen7-vl_annual_2022_2100.txt	1281	f748ad9584b3caea2c9ead6f0358d7e4	1	2026-09-21	InputData/climate/atmosphere_composition/co2/esm-scen7-vl/co2_ukesm1-3-ll_esm-scen7-vl_annual_2022_2100.txt
InputData/climate/atmosphere_composition/co2/esm-scen7-vl/co2_ukesm1-3-ll_esm-scen7-vl_monthly_2022_2100.txt	18035	f252ae97ef2c15b555f1f2323551b0d5	1	2026-09-21	InputData/climate/atmosphere_composition/co2/esm-scen7-vl/co2_ukesm1-3-ll_esm-scen7-vl_monthly_2022_2100.txt
InputData/climate/atmosphere_composition/co2/historical/co2_historical_annual_1750_2021.txt	4369	b213297b828d8b1abe5e06086d581b07	1	2026-09-21	InputData/climate/atmosphere_composition/co2/historical/co2_historical_annual_1750_2021.txt
InputData/climate/atmosphere_composition/co2/historical/co2_historical_monthly_1750_2021.txt	62039	c7b03e902724de3109116eeff875ded9	1	2026-09-21	InputData/climate/atmosphere_composition/co2/historical/co2_historical_monthly_1750_2021.txt
InputData/climate/atmosphere_composition/co2/picontrol/co2_picontrol_annual_1850_2100.txt	4033	3b6869f1cc84fdf03938a646bd3d9bfa	1	2026-09-21	InputData/climate/atmosphere_composition/co2/picontrol/co2_picontrol_annual_1850_2100.txt
InputData/climate/atmosphere_composition/co2/picontrol/co2_picontrol_monthly_1850_2100.txt	57251	cce68a86daa0a1f77dc9119fd6b5627d	1	2026-09-21	InputData/climate/atmosphere_composition/co2/picontrol/co2_picontrol_monthly_1850_2100.txt
InputData/climate/atmosphere_composition/co2/scen7-h/co2_h_annual_2022_2100.txt	1281	6698bf48baa9c2d5d8c422d4a4c5a1e7	1	2026-09-21	InputData/climate/atmosphere_composition/co2/scen7-h/co2_h_annual_2022_2100.txt
InputData/climate/atmosphere_composition/co2/scen7-h/co2_h_monthly_2022_2100.txt	18035	f14bf7ddedc4dfa47c0097076957fe41	1	2026-09-21	InputData/climate/atmosphere_composition/co2/scen7-h/co2_h_monthly_2022_2100.txt
InputData/climate/atmosphere_composition/co2/scen7-vl/co2_vl_annual_2022_2100.txt	1281	cc215b204c69cb5720a65dcca98184ed	1	2026-09-21	InputData/climate/atmosphere_composition/co2/scen7-vl/co2_vl_annual_2022_2100.txt
InputData/climate/atmosphere_composition/co2/scen7-vl/co2_vl_monthly_2022_2100.txt	18035	8e62baa3d2a18b8eff1b8e874c474cbb	1	2026-09-21	InputData/climate/atmosphere_composition/co2/scen7-vl/co2_vl_monthly_2022_2100.txt
InputData/geo_conditions/countrymasks/countrymasks-binary_30arcmin.nc	926019	db819b87d09d80af0dc013a647c4089e	1	2026-09-21	InputData/geo_conditions/countrymasks/countrymasks-binary_30arcmin.nc
InputData/geo_conditions/countrymasks/countrymasks-binary_30arcsec.nc	238467921	39eb4ed18bfcc971e8f5788f422b497f	1	2026-09-21	InputData/geo_conditions/countrymasks/countrymasks-binary_30arcsec.nc
InputData/geo_conditions/countrymasks/countrymasks-fractional_15arcmin.nc	2387070	6fa7d511f8c4b070dda231b6637b9e14	1	2026-09-21	InputData/geo_conditions/countrymasks/countrymasks-fractional_15arcmin.nc
InputData/geo_conditions/countrymasks/countrymasks-fractional_1arcmin.nc	235573851	b5b91732954ba83fa72988f2e7bc67d8	1	2026-09-21	InputData/geo_conditions/countrymasks/countrymasks-fractional_1arcmin.nc
InputData/geo_conditions/countrymasks/countrymasks-fractional_30arcmin.nc	1341923	2d2aa9e553a1dc2b9e6d6f93339059d8	1	2026-09-21	InputData/geo_conditions/countrymasks/countrymasks-fractional_30arcmin.nc
InputData/geo_conditions/countrymasks/countrymasks-fractional_5arcmin.nc	11627429	562a2d5ade32925d12f4e501250c88fe	1	2026-09-21	InputData/geo_conditions/countrymasks/countrymasks-fractional_5arcmin.nc
InputData/geo_conditions/countrymasks/countrymasks-fractional_6arcmin.nc	8592569	399487628291c87f1a1e86ecd1e32a21	1	2026-09-21	InputData/geo_conditions/countrymasks/countrymasks-fractional_6arcmin.nc
InputData/geo_conditions/lakes/biglakes_mask.nc	25563	5d19fd9e62169e02794f3d3894c9a3f8	1b	2026-09-21	InputData/geo_conditions/lakes/biglakes_mask.nc
InputData/geo_conditions/lakes/elevation.nc	133195	f70e581d39416b5a40e05170927bb3fc	1b	2026-09-21	InputData/geo_conditions/lakes/elevation.nc
InputData/geo_conditions/lakes/hydrolakes_id.nc	171720	3ad6fb6f0c30cb71546183990ab4129c	1b	2026-09-21	InputData/geo_conditions/lakes/hydrolakes_id.nc
InputData/geo_conditions/lakes/hydrolakes_id_biglakes.nc	23743	3adf30dec0d02ba5b85326ef37caf1be	1b	2026-09-21	InputData/geo_conditions/lakes/hydrolakes_id_biglakes.nc
InputData/geo_conditions/lakes/hypso_area.nc	3934065	631878a91b54e25ca3331cce0e440fb4	1b	2026-09-21	InputData/geo_conditions/lakes/hypso_area.nc
InputData/geo_conditions/lakes/hypso_volume.nc	3947486	07877f03d8b9fd6c02fb03a7447c5657	1b	2026-09-21	InputData/geo_conditions/lakes/hypso_volume.nc
InputData/geo_conditions/lakes/max_lakedepth.nc	207875	0c84a3f43d53bb5976319f29485e7ae2	1b	2026-09-21	InputData/geo_conditions/lakes/max_lakedepth.nc
InputData/geo_conditions/lakes/mean_lakedepth.nc	206951	8194e7aecb27c48778cfec42f41bec42	1b	2026-09-21	InputData/geo_conditions/lakes/mean_lakedepth.nc
InputData/geo_conditions/lakes/surface_area.nc	215931	c5a24b3ebdbffc8d810635bc48d29a29	1b	2026-09-21	InputData/geo_conditions/lakes/surface_area.nc
InputData/geo_conditions/lakes/volume.nc	216814	b5947f7e2ec23e3a7c1fb652380e1b87	1b	2026-09-21	InputData/geo_conditions/lakes/volume.nc
InputData/geo_conditions/landseamask/landseamask.nc	47663	c591d602c4f4d6b1c67cae9919149be7	1b	2026-09-21	InputData/geo_conditions/landseamask/landseamask.nc
InputData/geo_conditions/landseamask/landseamask_no-ant.nc	67205	f8006aa8156fe4b757e63be4d109bbcf	1b	2026-09-21	InputData/geo_conditions/landseamask/landseamask_no-ant.nc
InputData/geo_conditions/landseamask/landseamask_water-global.nc	29205	ad8f967ab73158985ca58fe9c4e2bdb1	1b	2026-09-21	InputData/geo_conditions/landseamask/landseamask_water-global.nc
InputData/geo_conditions/river_routing/ddm30_basins_cru_neva.asc	55796	42d64e2f3d33e6e983ccae11a823b6c4	1b	2026-09-21	InputData/geo_conditions/river_routing/ddm30_basins_cru_neva.asc
InputData/geo_conditions/river_routing/ddm30_basins_cru_neva.nc	79288	e1503b25b474578a46119ab0a627132b	1b	2026-09-21	InputData/geo_conditions/river_routing/ddm30_basins_cru_neva.nc
InputData/geo_conditions/river_routing/ddm30_cru_documentation.pdf	17062	e70d5d6eb0de72117443285c1929ccc8	1b	2026-09-21	InputData/geo_conditions/river_routing/ddm30_cru_documentation.pdf
InputData/geo_conditions/river_routing/ddm30_cru_documentation_update_14112022.pdf	245437	4c026c743b0af2437e3e49c705546d9c	1b	2026-09-21	InputData/geo_conditions/river_routing/ddm30_cru_documentation_update_14112022.pdf
InputData/geo_conditions/river_routing/ddm30_flowdir_cru_neva.nc	84292	1e698c3f91b5520b2b7c442ba25b4045	1b	2026-09-21	InputData/geo_conditions/river_routing/ddm30_flowdir_cru_neva.nc
InputData/geo_conditions/river_routing/ddm30_slopes_cru_neva.asc	181909	57e6a84001d9ddecba0685ead0944cf1	1b	2026-09-21	InputData/geo_conditions/river_routing/ddm30_slopes_cru_neva.asc
InputData/geo_conditions/river_routing/ddm30_slopes_cru_neva.nc	220806	5e05b36e52f0343b82daacb273fbae79	1b	2026-09-21	InputData/geo_conditions/river_routing/ddm30_slopes_cru_neva.nc
InputData/geo_conditions/soil/ggcmi_phase3_soil_input.pdf	107614	11a8882516ecc1b4bfe7b7ced26650ae	1b	2026-09-21	InputData/geo_conditions/soil/ggcmi_phase3_soil_input.pdf
InputData/geo_conditions/soil/gswp3_hwsd.nc	51385	3403023614e36ba710792cf48bbacff8	1b	2026-09-21	InputData/geo_conditions/soil/gswp3_hwsd.nc
InputData/geo_conditions/soil/hwsd_soil_data_all_land.nc	677162	a6cfc847bf0a3a2a9841cffe73c7a24f	1b	2026-09-21	InputData/geo_conditions/soil/hwsd_soil_data_all_land.nc
InputData/geo_conditions/soil/hwsd_soil_data_on_cropland.nc	694741	c33f91f85c67873cffcbebe7db99487c	1b	2026-09-21	InputData/geo_conditions/soil/hwsd_soil_data_on_cropland.nc
InputData/socioeconomic/fixed-assets/1850soc/fixed-asset-value_1850soc_national_annual_1601_1849.csv	1078345	d154c61e79262a56836d0057382e7f6b	1	2026-09-21	InputData/socioeconomic/fixed-assets/1850soc/fixed-asset-value_1850soc_national_annual_1601_1849.csv
InputData/socioeconomic/fixed-assets/1850soc/fixed-asset-value_1850soc_national_annual_1850_2021.csv	746090	3f51a0ae9499681d94662599c60f9070	1	2026-09-21	InputData/socioeconomic/fixed-assets/1850soc/fixed-asset-value_1850soc_national_annual_1850_2021.csv
InputData/socioeconomic/fixed-assets/1850soc/fixed-asset-value_1850soc_national_annual_2022_2100.csv	344795	93d72b3a4caf86f1f74188cf4fba541d	1	2026-09-21	InputData/socioeconomic/fixed-assets/1850soc/fixed-asset-value_1850soc_national_annual_2022_2100.csv
InputData/socioeconomic/fixed-assets/2021soc/fixed-asset-value_2021soc_national_annual_1601_1849.csv	1107478	87796e099777f7ba20a9d5026df4d18c	1	2026-09-21	InputData/socioeconomic/fixed-assets/2021soc/fixed-asset-value_2021soc_national_annual_1601_1849.csv
InputData/socioeconomic/fixed-assets/2021soc/fixed-asset-value_2021soc_national_annual_1850_2021.csv	766214	3253ed40b9461f95c521f42b9b2927c6	1	2026-09-21	InputData/socioeconomic/fixed-assets/2021soc/fixed-asset-value_2021soc_national_annual_1850_2021.csv
InputData/socioeconomic/fixed-assets/2021soc/fixed-asset-value_2021soc_national_annual_2022_2100.csv	354038	920f8968d75b8d3c8d39071f74356bb3	1	2026-09-21	InputData/socioeconomic/fixed-assets/2021soc/fixed-asset-value_2021soc_national_annual_2022_2100.csv
InputData/socioeconomic/fixed-assets/histsoc/fixed-asset-value_histsoc_national_annual_1850_2021.csv	761203	11bf1197437c507989e984a5d47373e8	1	2026-09-21	InputData/socioeconomic/fixed-assets/histsoc/fixed-asset-value_histsoc_national_annual_1850_2021.csv
InputData/socioeconomic/fixed-assets/ssp1vlsoc-noadapt/fixed-asset-value_ssp1_national_annual_2022_2100.csv	356893	ceccddce8f3e8d1e5742867bdaaa3d93	1	2026-09-21	InputData/socioeconomic/fixed-assets/ssp1vlsoc-noadapt/fixed-asset-value_ssp1_national_annual_2022_2100.csv
InputData/socioeconomic/fixed-assets/ssp3hsoc-noadapt/fixed-asset-value_ssp3_national_annual_2022_2100.csv	356677	2e5044f35f384b142f594d762d618c8e	1	2026-09-21	InputData/socioeconomic/fixed-assets/ssp3hsoc-noadapt/fixed-asset-value_ssp3_national_annual_2022_2100.csv
InputData/socioeconomic/gdp/1850soc/gdp-mer-countrylevel_1850soc_national_annual_1601_1849.csv	1097768	a305d010ab3f1ff5e7bae9ae53b0ff86	1	2026-09-21	InputData/socioeconomic/gdp/1850soc/gdp-mer-countrylevel_1850soc_national_annual_1601_1849.csv
InputData/socioeconomic/gdp/1850soc/gdp-mer-countrylevel_1850soc_national_annual_1850_2021.csv	759507	54141a36403b660862aa7f20cf32884c	1	2026-09-21	InputData/socioeconomic/gdp/1850soc/gdp-mer-countrylevel_1850soc_national_annual_1850_2021.csv
InputData/socioeconomic/gdp/1850soc/gdp-mer-countrylevel_1850soc_national_annual_2022_2100.csv	350958	457204d3b6e18f4ea2478a201b2a579d	1	2026-09-21	InputData/socioeconomic/gdp/1850soc/gdp-mer-countrylevel_1850soc_national_annual_2022_2100.csv
InputData/socioeconomic/gdp/1850soc/gdp-per-capita-mer-countrylevel_1850soc_national_annual_1601_1849.csv	1096285	c1c48f03adc22691af56b85709eb1bfc	1	2026-09-21	InputData/socioeconomic/gdp/1850soc/gdp-per-capita-mer-countrylevel_1850soc_national_annual_1601_1849.csv
InputData/socioeconomic/gdp/1850soc/gdp-per-capita-mer-countrylevel_1850soc_national_annual_1850_2021.csv	758486	9706290048542302ca4409dc3f5de72e	1	2026-09-21	InputData/socioeconomic/gdp/1850soc/gdp-per-capita-mer-countrylevel_1850soc_national_annual_1850_2021.csv
InputData/socioeconomic/gdp/1850soc/gdp-per-capita-mer-countrylevel_1850soc_national_annual_2022_2100.csv	350495	3e40e6a4a185549f6987daed87714d19	1	2026-09-21	InputData/socioeconomic/gdp/1850soc/gdp-per-capita-mer-countrylevel_1850soc_national_annual_2022_2100.csv
InputData/socioeconomic/gdp/1850soc/gdp-per-capita-ppp-countrylevel_1850soc_national_annual_1601_1849.csv	1072864	a3946b436e93a008d1b00f9a3b0abb47	1	2026-09-21	InputData/socioeconomic/gdp/1850soc/gdp-per-capita-ppp-countrylevel_1850soc_national_annual_1601_1849.csv
InputData/socioeconomic/gdp/1850soc/gdp-per-capita-ppp-countrylevel_1850soc_national_annual_1850_2021.csv	742303	71c35b93ed498d419c4447425b810601	1	2026-09-21	InputData/socioeconomic/gdp/1850soc/gdp-per-capita-ppp-countrylevel_1850soc_national_annual_1850_2021.csv
InputData/socioeconomic/gdp/1850soc/gdp-per-capita-ppp-countrylevel_1850soc_national_annual_2022_2100.csv	343054	c613771c3318de066dc36f4dd875eb28	1	2026-09-21	InputData/socioeconomic/gdp/1850soc/gdp-per-capita-ppp-countrylevel_1850soc_national_annual_2022_2100.csv
InputData/socioeconomic/gdp/1850soc/gdp-ppp-countrylevel_1850soc_national_annual_1601_1849.csv	1067375	b510d6ab35a0f67f6c081456d0009dbb	1	2026-09-21	InputData/socioeconomic/gdp/1850soc/gdp-ppp-countrylevel_1850soc_national_annual_1601_1849.csv
InputData/socioeconomic/gdp/1850soc/gdp-ppp-countrylevel_1850soc_national_annual_1850_2021.csv	738508	357d3691eacba51de77b86e7bb79022f	1	2026-09-21	InputData/socioeconomic/gdp/1850soc/gdp-ppp-countrylevel_1850soc_national_annual_1850_2021.csv
InputData/socioeconomic/gdp/1850soc/gdp-ppp-countrylevel_1850soc_national_annual_2022_2100.csv	341305	e023016120f3f89f54ee993165e578e7	1	2026-09-21	InputData/socioeconomic/gdp/1850soc/gdp-ppp-countrylevel_1850soc_national_annual_2022_2100.csv
InputData/socioeconomic/gdp/2021soc/gdp-mer-countrylevel_2021soc_national_annual_1601_1849.csv	1113953	d77b53793b3a0778db65456c8b68bb3b	1	2026-09-21	InputData/socioeconomic/gdp/2021soc/gdp-mer-countrylevel_2021soc_national_annual_1601_1849.csv
InputData/socioeconomic/gdp/2021soc/gdp-mer-countrylevel_2021soc_national_annual_1850_2021.csv	770687	f0b3cc9261cb2e4c81ff0e9017600555	1	2026-09-21	InputData/socioeconomic/gdp/2021soc/gdp-mer-countrylevel_2021soc_national_annual_1850_2021.csv
InputData/socioeconomic/gdp/2021soc/gdp-mer-countrylevel_2021soc_national_annual_2022_2100.csv	356093	917c3a174a47d98d5d560da7e7cef9fe	1	2026-09-21	InputData/socioeconomic/gdp/2021soc/gdp-mer-countrylevel_2021soc_national_annual_2022_2100.csv
InputData/socioeconomic/gdp/2021soc/gdp-per-capita-mer-countrylevel_2021soc_national_annual_1601_1849.csv	1115209	111874c4c390712cdbb5f5b8579d6dc9	1	2026-09-21	InputData/socioeconomic/gdp/2021soc/gdp-per-capita-mer-countrylevel_2021soc_national_annual_1601_1849.csv
InputData/socioeconomic/gdp/2021soc/gdp-per-capita-mer-countrylevel_2021soc_national_annual_1850_2021.csv	771558	d21d4d996461fa5956659c553e36174e	1	2026-09-21	InputData/socioeconomic/gdp/2021soc/gdp-per-capita-mer-countrylevel_2021soc_national_annual_1850_2021.csv
InputData/socioeconomic/gdp/2021soc/gdp-per-capita-mer-countrylevel_2021soc_national_annual_2022_2100.csv	356499	2122fb9cac6d4b4c135073e709af99d8	1	2026-09-21	InputData/socioeconomic/gdp/2021soc/gdp-per-capita-mer-countrylevel_2021soc_national_annual_2022_2100.csv
InputData/socioeconomic/gdp/2021soc/gdp-per-capita-ppp-countrylevel_2021soc_national_annual_1601_1849.csv	1116190	5bb45b23b2c6d8e5924ef628bdf122dd	1	2026-09-21	InputData/socioeconomic/gdp/2021soc/gdp-per-capita-ppp-countrylevel_2021soc_national_annual_1601_1849.csv
InputData/socioeconomic/gdp/2021soc/gdp-per-capita-ppp-countrylevel_2021soc_national_annual_1850_2021.csv	772231	b69d7296724bb4d7e3211b8c7f590455	1	2026-09-21	InputData/socioeconomic/gdp/2021soc/gdp-per-capita-ppp-countrylevel_2021soc_national_annual_1850_2021.csv
InputData/socioeconomic/gdp/2021soc/gdp-per-capita-ppp-countrylevel_2021soc_national_annual_2022_2100.csv	356800	3f577723adb27ede377bff3288e20c63	1	2026-09-21	InputData/socioeconomic/gdp/2021soc/gdp-per-capita-ppp-countrylevel_2021soc_national_annual_2022_2100.csv
InputData/socioeconomic/gdp/2021soc/gdp-ppp-countrylevel_2021soc_national_annual_1601_1849.csv	1108211	e2e41dde9edeb9b48392dbcd2e2e5ede	1	2026-09-21	InputData/socioeconomic/gdp/2021soc/gdp-ppp-countrylevel_2021soc_national_annual_1601_1849.csv
InputData/socioeconomic/gdp/2021soc/gdp-ppp-countrylevel_2021soc_national_annual_1850_2021.csv	766716	711c705647d56cde2ee621c703ba692d	1	2026-09-21	InputData/socioeconomic/gdp/2021soc/gdp-ppp-countrylevel_2021soc_national_annual_1850_2021.csv
InputData/socioeconomic/gdp/2021soc/gdp-ppp-countrylevel_2021soc_national_annual_2022_2100.csv	354261	d6387bf7397a447b1c7e6c8ed10085ca	1	2026-09-21	InputData/socioeconomic/gdp/2021soc/gdp-ppp-countrylevel_2021soc_national_annual_2022_2100.csv
InputData/socioeconomic/gdp/histsoc/gdp-mer-countrylevel_histsoc_national_annual_1850_2021.csv	771529	d9a1ff594d3e454557a5e776407d1cac	1	2026-09-21	InputData/socioeconomic/gdp/histsoc/gdp-mer-countrylevel_histsoc_national_annual_1850_2021.csv
InputData/socioeconomic/gdp/histsoc/gdp-per-capita-mer-countrylevel_histsoc_national_annual_1850_2021.csv	769759	0eb99b284a611de50b2879b7dfcb8dcb	1	2026-09-21	InputData/socioeconomic/gdp/histsoc/gdp-per-capita-mer-countrylevel_histsoc_national_annual_1850_2021.csv
InputData/socioeconomic/gdp/histsoc/gdp-per-capita-ppp-countrylevel_histsoc_national_annual_1850_2021.csv	768014	26618d00297224bdc2f2f6d8964a1df2	1	2026-09-21	InputData/socioeconomic/gdp/histsoc/gdp-per-capita-ppp-countrylevel_histsoc_national_annual_1850_2021.csv
InputData/socioeconomic/gdp/histsoc/gdp-ppp-countrylevel_histsoc_national_annual_1850_2021.csv	758729	acbdd2fed335e3a48a52488acf354994	1	2026-09-21	InputData/socioeconomic/gdp/histsoc/gdp-ppp-countrylevel_histsoc_national_annual_1850_2021.csv
InputData/socioeconomic/gdp/ssp1vlsoc-noadapt/gdp-mer-countrylevel_ssp1_national_annual_2022_2100.csv	357432	9c0a902e5d947439abb5be95677cd9d1	1	2026-09-21	InputData/socioeconomic/gdp/ssp1vlsoc-noadapt/gdp-mer-countrylevel_ssp1_national_annual_2022_2100.csv
InputData/socioeconomic/gdp/ssp1vlsoc-noadapt/gdp-per-capita-mer-countrylevel_ssp1_national_annual_2022_2100.csv	357118	3ef8be3ed5236f3b4c6b2d15f2ad7376	1	2026-09-21	InputData/socioeconomic/gdp/ssp1vlsoc-noadapt/gdp-per-capita-mer-countrylevel_ssp1_national_annual_2022_2100.csv
InputData/socioeconomic/gdp/ssp1vlsoc-noadapt/gdp-per-capita-ppp-countrylevel_ssp1_national_annual_2022_2100.csv	356273	152c6c00cca8b92806cf9e7f4618b975	1	2026-09-21	InputData/socioeconomic/gdp/ssp1vlsoc-noadapt/gdp-per-capita-ppp-countrylevel_ssp1_national_annual_2022_2100.csv
InputData/socioeconomic/gdp/ssp1vlsoc-noadapt/gdp-ppp-countrylevel_ssp1_national_annual_2022_2100.csv	355819	4ff09b70a41e6d40ab4e2ab9b978c967	1	2026-09-21	InputData/socioeconomic/gdp/ssp1vlsoc-noadapt/gdp-ppp-countrylevel_ssp1_national_annual_2022_2100.csv
InputData/socioeconomic/gdp/ssp3hsoc-noadapt/gdp-mer-countrylevel_ssp3_national_annual_2022_2100.csv	357461	989ccab358d51e9028519acddb7c6b46	1	2026-09-21	InputData/socioeconomic/gdp/ssp3hsoc-noadapt/gdp-mer-countrylevel_ssp3_national_annual_2022_2100.csv
InputData/socioeconomic/gdp/ssp3hsoc-noadapt/gdp-per-capita-mer-countrylevel_ssp3_national_annual_2022_2100.csv	356850	064d28e848b073a0e4b339598228bb9a	1	2026-09-21	InputData/socioeconomic/gdp/ssp3hsoc-noadapt/gdp-per-capita-mer-countrylevel_ssp3_national_annual_2022_2100.csv
InputData/socioeconomic/gdp/ssp3hsoc-noadapt/gdp-per-capita-ppp-countrylevel_ssp3_national_annual_2022_2100.csv	356493	c4a2fcdce91cf7d17a0014cb877f1718	1	2026-09-21	InputData/socioeconomic/gdp/ssp3hsoc-noadapt/gdp-per-capita-ppp-countrylevel_ssp3_national_annual_2022_2100.csv
InputData/socioeconomic/gdp/ssp3hsoc-noadapt/gdp-ppp-countrylevel_ssp3_national_annual_2022_2100.csv	355722	ba601795c3a519ecda36033ee0b17fed	1	2026-09-21	InputData/socioeconomic/gdp/ssp3hsoc-noadapt/gdp-ppp-countrylevel_ssp3_national_annual_2022_2100.csv
InputData/socioeconomic/landuse/1850soc/landuse-15crops_1850soc_15arcmin_annual_1850_2021.nc	1151207112	7600f6cf068b9f0427264a90a1a8d2f4	1	2026-09-21	InputData/socioeconomic/landuse/1850soc/landuse-15crops_1850soc_15arcmin_annual_1850_2021.nc
InputData/socioeconomic/landuse/1850soc/landuse-15crops_1850soc_30arcmin_annual_1850_2021.nc	389376595	18ca052caf6153b0b39313f8b318794f	1	2026-09-21	InputData/socioeconomic/landuse/1850soc/landuse-15crops_1850soc_30arcmin_annual_1850_2021.nc
InputData/socioeconomic/landuse/1850soc/landuse-pastures_1850soc_15arcmin_annual_1850_2021.nc	138579766	dbe6f832203f55999fb0f1586b0efe81	1	2026-09-21	InputData/socioeconomic/landuse/1850soc/landuse-pastures_1850soc_15arcmin_annual_1850_2021.nc
InputData/socioeconomic/landuse/1850soc/landuse-pastures_1850soc_30arcmin_annual_1850_2021.nc	42813589	186c9f9abf89487d78c1ae7bab20b2e9	1	2026-09-21	InputData/socioeconomic/landuse/1850soc/landuse-pastures_1850soc_30arcmin_annual_1850_2021.nc
InputData/socioeconomic/landuse/1850soc/landuse-totals_1850soc_15arcmin_annual_1850_2021.nc	437321565	7eddb62852dea2cff27507935496fc3e	1	2026-09-21	InputData/socioeconomic/landuse/1850soc/landuse-totals_1850soc_15arcmin_annual_1850_2021.nc
InputData/socioeconomic/landuse/1850soc/landuse-totals_1850soc_30arcmin_annual_1850_2021.nc	128785884	979e51603196789343f0052a1cc7e47a	1	2026-09-21	InputData/socioeconomic/landuse/1850soc/landuse-totals_1850soc_30arcmin_annual_1850_2021.nc
InputData/socioeconomic/landuse/1850soc/landuse-urbanareas_1850soc_15arcmin_annual_1850_2021.nc	16557164	aa3331ac7c5066d9570b9865fa734afa	1	2026-09-21	InputData/socioeconomic/landuse/1850soc/landuse-urbanareas_1850soc_15arcmin_annual_1850_2021.nc
InputData/socioeconomic/landuse/1850soc/landuse-urbanareas_1850soc_30arcmin_annual_1850_2021.nc	9101291	79db47223833b930e909286006f9a407	1	2026-09-21	InputData/socioeconomic/landuse/1850soc/landuse-urbanareas_1850soc_30arcmin_annual_1850_2021.nc
InputData/socioeconomic/landuse/2021soc/landuse-15crops_2021soc_15arcmin_annual_2022_2100.nc	628111356	1a480dc95825fc8d8480290ebde6ac0d	1	2026-09-21	InputData/socioeconomic/landuse/2021soc/landuse-15crops_2021soc_15arcmin_annual_2022_2100.nc
InputData/socioeconomic/landuse/2021soc/landuse-15crops_2021soc_30arcmin_annual_2022_2100.nc	214088717	9d4a09edbd9256b2442c95cdfad6aa3a	1	2026-09-21	InputData/socioeconomic/landuse/2021soc/landuse-15crops_2021soc_30arcmin_annual_2022_2100.nc
InputData/socioeconomic/landuse/2021soc/landuse-5crops_2021soc_15arcmin_annual_2022_2100.nc	289575552	cd27e18dbcc41df04b6f7391d35a09ef	5crops-2026-09-22	2026-09-22	InputData/socioeconomic/landuse/2021soc/landuse-5crops_2021soc_15arcmin_annual_2022_2100.nc
InputData/socioeconomic/landuse/2021soc/landuse-pastures_2021soc_15arcmin_annual_2022_2100.nc	70335927	60193ccb223b4072c2986883af98dd1a	1	2026-09-21	InputData/socioeconomic/landuse/2021soc/landuse-pastures_2021soc_15arcmin_annual_2022_2100.nc
InputData/socioeconomic/landuse/2021soc/landuse-pastures_2021soc_30arcmin_annual_2022_2100.nc	21733739	b15e0c416128166103a6e8befbdaf6f5	1	2026-09-21	InputData/socioeconomic/landuse/2021soc/landuse-pastures_2021soc_30arcmin_annual_2022_2100.nc
InputData/socioeconomic/landuse/2021soc/landuse-totals_2021soc_15arcmin_annual_2022_2100.nc	214549180	12d052ad69b65de97c12098826bc7690	1	2026-09-21	InputData/socioeconomic/landuse/2021soc/landuse-totals_2021soc_15arcmin_annual_2022_2100.nc
InputData/socioeconomic/landuse/2021soc/landuse-totals_2021soc_30arcmin_annual_2022_2100.nc	63049334	b744138d72f311853df8673fa6f4527a	1	2026-09-21	InputData/socioeconomic/landuse/2021soc/landuse-totals_2021soc_30arcmin_annual_2022_2100.nc
InputData/socioeconomic/landuse/2021soc/landuse-urbanareas_2021soc_15arcmin_annual_2022_2100.nc	23213978	aa13076b28b04d890345b76092deb72a	1	2026-09-21	InputData/socioeconomic/landuse/2021soc/landuse-urbanareas_2021soc_15arcmin_annual_2022_2100.nc
InputData/socioeconomic/landuse/2021soc/landuse-urbanareas_2021soc_30arcmin_annual_2022_2100.nc	9552305	d1d8cf680d620eef66df36bfe9467c6f	1	2026-09-21	InputData/socioeconomic/landuse/2021soc/landuse-urbanareas_2021soc_30arcmin_annual_2022_2100.nc
InputData/socioeconomic/landuse/histsoc/landuse-15crops_histsoc_15arcmin_annual_1850_2021.nc	1274803268	9f00de333ff35dc4c0d5090348a08ace	1	2026-09-21	InputData/socioeconomic/landuse/histsoc/landuse-15crops_histsoc_15arcmin_annual_1850_2021.nc
InputData/socioeconomic/landuse/histsoc/landuse-15crops_histsoc_30arcmin_annual_1850_2021.nc	431204323	8404efc0df7702b972e0278ea12909a4	1	2026-09-21	InputData/socioeconomic/landuse/histsoc/landuse-15crops_histsoc_30arcmin_annual_1850_2021.nc
InputData/socioeconomic/landuse/histsoc/landuse-5crops_histsoc_15arcmin_annual_1850_2021.nc	591329932	cf868f0e9f7bc447fb5f4f01c7b4ee09	5crops-2026-09-22	2026-09-22	InputData/socioeconomic/landuse/histsoc/landuse-5crops_histsoc_15arcmin_annual_1850_2021.nc
InputData/socioeconomic/landuse/histsoc/landuse-pastures_histsoc_15arcmin_annual_1850_2021.nc	151252791	7ec1fcbfcb7d1f8ad9161ed5bd50e1b2	1	2026-09-21	InputData/socioeconomic/landuse/histsoc/landuse-pastures_histsoc_15arcmin_annual_1850_2021.nc
InputData/socioeconomic/landuse/histsoc/landuse-pastures_histsoc_30arcmin_annual_1850_2021.nc	46891074	2c0e57163c41d98a99401b5316f6d5fe	1	2026-09-21	InputData/socioeconomic/landuse/histsoc/landuse-pastures_histsoc_30arcmin_annual_1850_2021.nc
InputData/socioeconomic/landuse/histsoc/landuse-totals_histsoc_15arcmin_annual_1850_2021.nc	462554839	f0591d2a0e18f8f5909f529dc417f386	1	2026-09-21	InputData/socioeconomic/landuse/histsoc/landuse-totals_histsoc_15arcmin_annual_1850_2021.nc
InputData/socioeconomic/landuse/histsoc/landuse-totals_histsoc_30arcmin_annual_1850_2021.nc	135117933	9174e121cd496ea63cbbb3d010b40684	1	2026-09-21	InputData/socioeconomic/landuse/histsoc/landuse-totals_histsoc_30arcmin_annual_1850_2021.nc
InputData/socioeconomic/landuse/histsoc/landuse-urbanareas_histsoc_15arcmin_annual_1850_2021.nc	28442691	6e1fe71ee0d7892a6d43c93db052273f	1	2026-09-21	InputData/socioeconomic/landuse/histsoc/landuse-urbanareas_histsoc_15arcmin_annual_1850_2021.nc
InputData/socioeconomic/landuse/histsoc/landuse-urbanareas_histsoc_30arcmin_annual_1850_2021.nc	13604742	96b7b458fce9527b8aec739e6089d145	1	2026-09-21	InputData/socioeconomic/landuse/histsoc/landuse-urbanareas_histsoc_30arcmin_annual_1850_2021.nc
InputData/socioeconomic/landuse/ssp1vlsoc-noadapt/landuse-15crops_ssp1vl_15arcmin_annual_2022_2100.nc	917230021	ade4e2c28a1b4ec4b27e2c36b9af65db	1	2026-09-21	InputData/socioeconomic/landuse/ssp1vlsoc-noadapt/landuse-15crops_ssp1vl_15arcmin_annual_2022_2100.nc
InputData/socioeconomic/landuse/ssp1vlsoc-noadapt/landuse-15crops_ssp1vl_30arcmin_annual_2022_2100.nc	295403637	91e43b1983edcf03155fffa555e4bc05	1	2026-09-21	InputData/socioeconomic/landuse/ssp1vlsoc-noadapt/landuse-15crops_ssp1vl_30arcmin_annual_2022_2100.nc
InputData/socioeconomic/landuse/ssp1vlsoc-noadapt/landuse-5crops_ssp1vl_15arcmin_annual_2022_2100.nc	436685309	6bf58609114be5621becd51ae2177d62	5crops-2026-09-22	2026-09-22	InputData/socioeconomic/landuse/ssp1vlsoc-noadapt/landuse-5crops_ssp1vl_15arcmin_annual_2022_2100.nc
InputData/socioeconomic/landuse/ssp1vlsoc-noadapt/landuse-pastures_ssp1vl_15arcmin_annual_2022_2100.nc	79716954	4de6c85f55c9c331f30766545604e922	1	2026-09-21	InputData/socioeconomic/landuse/ssp1vlsoc-noadapt/landuse-pastures_ssp1vl_15arcmin_annual_2022_2100.nc
InputData/socioeconomic/landuse/ssp1vlsoc-noadapt/landuse-pastures_ssp1vl_30arcmin_annual_2022_2100.nc	24957924	682f25e6ebf6ffa694bf36952b2bb425	1	2026-09-21	InputData/socioeconomic/landuse/ssp1vlsoc-noadapt/landuse-pastures_ssp1vl_30arcmin_annual_2022_2100.nc
InputData/socioeconomic/landuse/ssp1vlsoc-noadapt/landuse-totals_ssp1vl_15arcmin_annual_2022_2100.nc	269950699	e27b2cb62009055e1b4aa76dbd2d619c	1	2026-09-21	InputData/socioeconomic/landuse/ssp1vlsoc-noadapt/landuse-totals_ssp1vl_15arcmin_annual_2022_2100.nc
InputData/socioeconomic/landuse/ssp1vlsoc-noadapt/landuse-totals_ssp1vl_30arcmin_annual_2022_2100.nc	76447936	226c0c5d68f1835a10336e7bff040df1	1	2026-09-21	InputData/socioeconomic/landuse/ssp1vlsoc-noadapt/landuse-totals_ssp1vl_30arcmin_annual_2022_2100.nc
InputData/socioeconomic/landuse/ssp1vlsoc-noadapt/landuse-urbanareas_ssp1vl_15arcmin_annual_2022_2100.nc	56784609	f1847a27ddfb1c0d8e589ed6651d2989	1	2026-09-21	InputData/socioeconomic/landuse/ssp1vlsoc-noadapt/landuse-urbanareas_ssp1vl_15arcmin_annual_2022_2100.nc
InputData/socioeconomic/landuse/ssp1vlsoc-noadapt/landuse-urbanareas_ssp1vl_30arcmin_annual_2022_2100.nc	16358659	4891f0eb209b4a7d3ccd024cb8b52009	1	2026-09-21	InputData/socioeconomic/landuse/ssp1vlsoc-noadapt/landuse-urbanareas_ssp1vl_30arcmin_annual_2022_2100.nc
InputData/socioeconomic/landuse/ssp3hsoc-noadapt/landuse-15crops_ssp3h_15arcmin_annual_2022_2100.nc	886926860	ac32d2cc7b613637157a88d4ba1ac8de	1	2026-09-21	InputData/socioeconomic/landuse/ssp3hsoc-noadapt/landuse-15crops_ssp3h_15arcmin_annual_2022_2100.nc
InputData/socioeconomic/landuse/ssp3hsoc-noadapt/landuse-15crops_ssp3h_30arcmin_annual_2022_2100.nc	299087603	d8c10a019888390e163b4f3cdf1a7391	1	2026-09-21	InputData/socioeconomic/landuse/ssp3hsoc-noadapt/landuse-15crops_ssp3h_30arcmin_annual_2022_2100.nc
InputData/socioeconomic/landuse/ssp3hsoc-noadapt/landuse-5crops_ssp3h_15arcmin_annual_2022_2100.nc	436941320	47a4ba0de1de175f25886a0a41d38ee7	5crops-2026-09-22	2026-09-22	InputData/socioeconomic/landuse/ssp3hsoc-noadapt/landuse-5crops_ssp3h_15arcmin_annual_2022_2100.nc
InputData/socioeconomic/landuse/ssp3hsoc-noadapt/landuse-pastures_ssp3h_15arcmin_annual_2022_2100.nc	75473348	97b139fb682b6b2e187e51d62adc5cf4	1	2026-09-21	InputData/socioeconomic/landuse/ssp3hsoc-noadapt/landuse-pastures_ssp3h_15arcmin_annual_2022_2100.nc
InputData/socioeconomic/landuse/ssp3hsoc-noadapt/landuse-pastures_ssp3h_30arcmin_annual_2022_2100.nc	23574399	0546b480203b8a7b689e746d64a3ce32	1	2026-09-21	InputData/socioeconomic/landuse/ssp3hsoc-noadapt/landuse-pastures_ssp3h_30arcmin_annual_2022_2100.nc
InputData/socioeconomic/landuse/ssp3hsoc-noadapt/landuse-totals_ssp3h_15arcmin_annual_2022_2100.nc	256508628	3dcb734ab97372d194393dec84dc8315	1	2026-09-21	InputData/socioeconomic/landuse/ssp3hsoc-noadapt/landuse-totals_ssp3h_15arcmin_annual_2022_2100.nc
InputData/socioeconomic/landuse/ssp3hsoc-noadapt/landuse-totals_ssp3h_30arcmin_annual_2022_2100.nc	74640420	37e7de6b7b7ac20ffb044507f6af459a	1	2026-09-21	InputData/socioeconomic/landuse/ssp3hsoc-noadapt/landuse-totals_ssp3h_30arcmin_annual_2022_2100.nc
InputData/socioeconomic/landuse/ssp3hsoc-noadapt/landuse-urbanareas_ssp3h_15arcmin_annual_2022_2100.nc	23530562	57fffd24f083f0dbe4e3e9e7890842f6	1	2026-09-21	InputData/socioeconomic/landuse/ssp3hsoc-noadapt/landuse-urbanareas_ssp3h_15arcmin_annual_2022_2100.nc
InputData/socioeconomic/landuse/ssp3hsoc-noadapt/landuse-urbanareas_ssp3h_30arcmin_annual_2022_2100.nc	9593791	bb80905647f1961005e01b72b71a973b	1	2026-09-21	InputData/socioeconomic/landuse/ssp3hsoc-noadapt/landuse-urbanareas_ssp3h_30arcmin_annual_2022_2100.nc
InputData/socioeconomic/population/1850soc/population_1850soc_5arcmin_annual_1601_1610.nc	50264648	a118bd958719f85311f365c0d79b8dca	1	2026-09-21	InputData/socioeconomic/population/1850soc/population_1850soc_5arcmin_annual_1601_1610.nc
InputData/socioeconomic/population/1850soc/population_1850soc_5arcmin_annual_1611_1620.nc	50264647	e97749292c42a002dfb7267f0a69eef4	1	2026-09-21	InputData/socioeconomic/population/1850soc/population_1850soc_5arcmin_annual_1611_1620.nc
InputData/socioeconomic/population/1850soc/population_1850soc_5arcmin_annual_1621_1630.nc	50264648	b1e35fe6b007819f2846d2744dd20fb8	1	2026-09-21	InputData/socioeconomic/population/1850soc/population_1850soc_5arcmin_annual_1621_1630.nc
InputData/socioeconomic/population/1850soc/population_1850soc_5arcmin_annual_1631_1640.nc	50264647	af6311407d280da5b88718b9a6c4178b	1	2026-09-21	InputData/socioeconomic/population/1850soc/population_1850soc_5arcmin_annual_1631_1640.nc
InputData/socioeconomic/population/1850soc/population_1850soc_5arcmin_annual_1641_1650.nc	50264647	81ef27ed7ee143a2976699d7c67ec96a	1	2026-09-21	InputData/socioeconomic/population/1850soc/population_1850soc_5arcmin_annual_1641_1650.nc
InputData/socioeconomic/population/1850soc/population_1850soc_5arcmin_annual_1651_1660.nc	50264646	58624a89e535c11c4a8942daa6f7b64e	1	2026-09-21	InputData/socioeconomic/population/1850soc/population_1850soc_5arcmin_annual_1651_1660.nc
InputData/socioeconomic/population/1850soc/population_1850soc_5arcmin_annual_1661_1670.nc	50264645	fd75122cbaf51d8b38fbd8116559ae2b	1	2026-09-21	InputData/socioeconomic/population/1850soc/population_1850soc_5arcmin_annual_1661_1670.nc
InputData/socioeconomic/population/1850soc/population_1850soc_5arcmin_annual_1671_1680.nc	50264646	e59d50912396eddb0b6194a18ff0ef65	1	2026-09-21	InputData/socioeconomic/population/1850soc/population_1850soc_5arcmin_annual_1671_1680.nc
InputData/socioeconomic/population/1850soc/population_1850soc_5arcmin_annual_1681_1690.nc	50264645	985dc54f786cb2574cc8aecd650a7d87	1	2026-09-21	InputData/socioeconomic/population/1850soc/population_1850soc_5arcmin_annual_1681_1690.nc
InputData/socioeconomic/population/1850soc/population_1850soc_5arcmin_annual_1691_1700.nc	50264648	91cb41ea11a800b21cd20b90acd768e5	1	2026-09-21	InputData/socioeconomic/population/1850soc/population_1850soc_5arcmin_annual_1691_1700.nc
InputData/socioeconomic/population/1850soc/population_1850soc_5arcmin_annual_1701_1710.nc	50264644	e2614ae8a6426f949313f774915956d8	1	2026-09-21	InputData/socioeconomic/population/1850soc/population_1850soc_5arcmin_annual_1701_1710.nc
InputData/socioeconomic/population/1850soc/population_1850soc_5arcmin_annual_1711_1720.nc	50264646	e7fb34f6fac33f227a4bec5f496486ac	1	2026-09-21	InputData/socioeconomic/population/1850soc/population_1850soc_5arcmin_annual_1711_1720.nc
InputData/socioeconomic/population/1850soc/population_1850soc_5arcmin_annual_1721_1730.nc	50264644	29950df8e4f1d0460995edaf0927a200	1	2026-09-21	InputData/socioeconomic/population/1850soc/population_1850soc_5arcmin_annual_1721_1730.nc
InputData/socioeconomic/population/1850soc/population_1850soc_5arcmin_annual_1731_1740.nc	50264648	e9727f9ac77f0ef5032618bafaeb9aa0	1	2026-09-21	InputData/socioeconomic/population/1850soc/population_1850soc_5arcmin_annual_1731_1740.nc
InputData/socioeconomic/population/1850soc/population_1850soc_5arcmin_annual_1741_1750.nc	50264647	3d540b751c5b0ab34047998526cd78a6	1	2026-09-21	InputData/socioeconomic/population/1850soc/population_1850soc_5arcmin_annual_1741_1750.nc
InputData/socioeconomic/population/1850soc/population_1850soc_5arcmin_annual_1751_1760.nc	50264645	34745fe944cb2202763f8a377ffa5043	1	2026-09-21	InputData/socioeconomic/population/1850soc/population_1850soc_5arcmin_annual_1751_1760.nc
InputData/socioeconomic/population/1850soc/population_1850soc_5arcmin_annual_1761_1770.nc	50264652	77e604f0c176d366f80c5e8df067bd6e	1	2026-09-21	InputData/socioeconomic/population/1850soc/population_1850soc_5arcmin_annual_1761_1770.nc
InputData/socioeconomic/population/1850soc/population_1850soc_5arcmin_annual_1771_1780.nc	50264652	3b215e1c03ffba46b81c89c4a561a14d	1	2026-09-21	InputData/socioeconomic/population/1850soc/population_1850soc_5arcmin_annual_1771_1780.nc
InputData/socioeconomic/population/1850soc/population_1850soc_5arcmin_annual_1781_1790.nc	50264649	6180689952ba33518d9032312621ff63	1	2026-09-21	InputData/socioeconomic/population/1850soc/population_1850soc_5arcmin_annual_1781_1790.nc
InputData/socioeconomic/population/1850soc/population_1850soc_5arcmin_annual_1791_1800.nc	50264652	5811e0f63caa308c9b45dcfadb99e232	1	2026-09-21	InputData/socioeconomic/population/1850soc/population_1850soc_5arcmin_annual_1791_1800.nc
InputData/socioeconomic/population/1850soc/population_1850soc_5arcmin_annual_1801_1810.nc	50264650	a0d0f72208e3f8bd951d778d2b20ca3c	1	2026-09-21	InputData/socioeconomic/population/1850soc/population_1850soc_5arcmin_annual_1801_1810.nc
InputData/socioeconomic/population/1850soc/population_1850soc_5arcmin_annual_1811_1820.nc	50264647	973217a51c791a9ef69c4828e5773f35	1	2026-09-21	InputData/socioeconomic/population/1850soc/population_1850soc_5arcmin_annual_1811_1820.nc
InputData/socioeconomic/population/1850soc/population_1850soc_5arcmin_annual_1821_1830.nc	50264647	51a7636755f00c35489f9a15370b7a01	1	2026-09-21	InputData/socioeconomic/population/1850soc/population_1850soc_5arcmin_annual_1821_1830.nc
InputData/socioeconomic/population/1850soc/population_1850soc_5arcmin_annual_1831_1840.nc	50264640	6c4237655700f71f174c199a9ccf977c	1	2026-09-21	InputData/socioeconomic/population/1850soc/population_1850soc_5arcmin_annual_1831_1840.nc
InputData/socioeconomic/population/1850soc/population_1850soc_5arcmin_annual_1841_1849.nc	45241266	eabda57608206b0f0646db624fdbc18b	1	2026-09-21	InputData/socioeconomic/population/1850soc/population_1850soc_5arcmin_annual_1841_1849.nc
InputData/socioeconomic/population/1850soc/population_1850soc_5arcmin_annual_1850_1850.nc	5054256	30d5363826bb56440ed69484a939c959	1	2026-09-21	InputData/socioeconomic/population/1850soc/population_1850soc_5arcmin_annual_1850_1850.nc
InputData/socioeconomic/population/1850soc/population_1850soc_5arcmin_annual_1851_1860.nc	50264640	abcd11d964e7b492a48f2091b099b6b0	1	2026-09-21	InputData/socioeconomic/population/1850soc/population_1850soc_5arcmin_annual_1851_1860.nc
InputData/socioeconomic/population/1850soc/population_1850soc_5arcmin_annual_1861_1870.nc	50264640	af50d95aacd69ff487b24cca921c00f4	1	2026-09-21	InputData/socioeconomic/population/1850soc/population_1850soc_5arcmin_annual_1861_1870.nc
InputData/socioeconomic/population/1850soc/population_1850soc_5arcmin_annual_1871_1880.nc	50264645	f8b65e1ccc80ea0d6ea1cf69b73c73f0	1	2026-09-21	InputData/socioeconomic/population/1850soc/population_1850soc_5arcmin_annual_1871_1880.nc
InputData/socioeconomic/population/1850soc/population_1850soc_5arcmin_annual_1881_1890.nc	50264648	4e2b7eec92051fe84345a906c94a883f	1	2026-09-21	InputData/socioeconomic/population/1850soc/population_1850soc_5arcmin_annual_1881_1890.nc
InputData/socioeconomic/population/1850soc/population_1850soc_5arcmin_annual_1891_1900.nc	50264650	191c0de2ce1583dc352da72ce873ceff	1	2026-09-21	InputData/socioeconomic/population/1850soc/population_1850soc_5arcmin_annual_1891_1900.nc
InputData/socioeconomic/population/1850soc/population_1850soc_5arcmin_annual_1901_1910.nc	50264649	8f67ab755fe0d29b7c22f2a66601a5c7	1	2026-09-21	InputData/socioeconomic/population/1850soc/population_1850soc_5arcmin_annual_1901_1910.nc
InputData/socioeconomic/population/1850soc/population_1850soc_5arcmin_annual_1911_1920.nc	50264652	893302a5f6d589be4e167fe62fcc9fa1	1	2026-09-21	InputData/socioeconomic/population/1850soc/population_1850soc_5arcmin_annual_1911_1920.nc
InputData/socioeconomic/population/1850soc/population_1850soc_5arcmin_annual_1921_1930.nc	50264647	a376fb920022047dc74b9c9f281921d0	1	2026-09-21	InputData/socioeconomic/population/1850soc/population_1850soc_5arcmin_annual_1921_1930.nc
InputData/socioeconomic/population/1850soc/population_1850soc_5arcmin_annual_1931_1940.nc	50264651	dc260c627473ccbc91dd3baaf6adfc16	1	2026-09-21	InputData/socioeconomic/population/1850soc/population_1850soc_5arcmin_annual_1931_1940.nc
InputData/socioeconomic/population/1850soc/population_1850soc_5arcmin_annual_1941_1950.nc	50264646	14f3f77025c2beeb38da981a0db706c7	1	2026-09-21	InputData/socioeconomic/population/1850soc/population_1850soc_5arcmin_annual_1941_1950.nc
InputData/socioeconomic/population/1850soc/population_1850soc_5arcmin_annual_1951_1960.nc	50264644	a4fef62e6133917756309c1d87264077	1	2026-09-21	InputData/socioeconomic/population/1850soc/population_1850soc_5arcmin_annual_1951_1960.nc
InputData/socioeconomic/population/1850soc/population_1850soc_5arcmin_annual_1961_1970.nc	50264649	2ea3076b8bcf1979d5ca4d071e7d435d	1	2026-09-21	InputData/socioeconomic/population/1850soc/population_1850soc_5arcmin_annual_1961_1970.nc
InputData/socioeconomic/population/1850soc/population_1850soc_5arcmin_annual_1971_1980.nc	50264649	074a838283039dfaa6de065d8fa90c8b	1	2026-09-21	InputData/socioeconomic/population/1850soc/population_1850soc_5arcmin_annual_1971_1980.nc
InputData/socioeconomic/population/1850soc/population_1850soc_5arcmin_annual_1981_1990.nc	50264646	3a9c18280e6e93ebffcf61d77b5d627c	1	2026-09-21	InputData/socioeconomic/population/1850soc/population_1850soc_5arcmin_annual_1981_1990.nc
InputData/socioeconomic/population/1850soc/population_1850soc_5arcmin_annual_1991_2000.nc	50264645	951f5b3ea066ba95f130b104213e08ca	1	2026-09-21	InputData/socioeconomic/population/1850soc/population_1850soc_5arcmin_annual_1991_2000.nc
InputData/socioeconomic/population/1850soc/population_1850soc_5arcmin_annual_2001_2010.nc	50264646	912a6e33478642ac644c72a27824e8b0	1	2026-09-21	InputData/socioeconomic/population/1850soc/population_1850soc_5arcmin_annual_2001_2010.nc
InputData/socioeconomic/population/1850soc/population_1850soc_5arcmin_annual_2011_2020.nc	50264647	028ca885c30b52680726aa8f981cae09	1	2026-09-21	InputData/socioeconomic/population/1850soc/population_1850soc_5arcmin_annual_2011_2020.nc
InputData/socioeconomic/population/1850soc/population_1850soc_5arcmin_annual_2021_2021.nc	5054271	556dca1e1bb1c30016a753eceaf573ef	1	2026-09-21	InputData/socioeconomic/population/1850soc/population_1850soc_5arcmin_annual_2021_2021.nc
InputData/socioeconomic/population/1850soc/population_1850soc_5arcmin_annual_2022_2030.nc	45241270	954453c9d9e60b251fdf87a1cb586070	1	2026-09-21	InputData/socioeconomic/population/1850soc/population_1850soc_5arcmin_annual_2022_2030.nc
InputData/socioeconomic/population/1850soc/population_1850soc_5arcmin_annual_2031_2040.nc	50264645	ae0dad7b9d674b0866a27c15d8cb60f0	1	2026-09-21	InputData/socioeconomic/population/1850soc/population_1850soc_5arcmin_annual_2031_2040.nc
InputData/socioeconomic/population/1850soc/population_1850soc_5arcmin_annual_2041_2050.nc	50264645	6d730c92b9064d705cb0bdede7e0190e	1	2026-09-21	InputData/socioeconomic/population/1850soc/population_1850soc_5arcmin_annual_2041_2050.nc
InputData/socioeconomic/population/1850soc/population_1850soc_5arcmin_annual_2051_2060.nc	50264645	4c494b1aa2e599077e6d9487e042886f	1	2026-09-21	InputData/socioeconomic/population/1850soc/population_1850soc_5arcmin_annual_2051_2060.nc
InputData/socioeconomic/population/1850soc/population_1850soc_5arcmin_annual_2061_2070.nc	50264645	88025d331def1d3fbadea1b85039a980	1	2026-09-21	InputData/socioeconomic/population/1850soc/population_1850soc_5arcmin_annual_2061_2070.nc
InputData/socioeconomic/population/1850soc/population_1850soc_5arcmin_annual_2071_2080.nc	50264647	03c7311eb88a3bde00107e4d24582a20	1	2026-09-21	InputData/socioeconomic/population/1850soc/population_1850soc_5arcmin_annual_2071_2080.nc
InputData/socioeconomic/population/1850soc/population_1850soc_5arcmin_annual_2081_2090.nc	50264647	eebf05e262dc5d12f20300a759e65b7c	1	2026-09-21	InputData/socioeconomic/population/1850soc/population_1850soc_5arcmin_annual_2081_2090.nc
InputData/socioeconomic/population/1850soc/population_1850soc_5arcmin_annual_2091_2100.nc	50264647	c7200811b9bdfbdefc6a3380db55955c	1	2026-09-21	InputData/socioeconomic/population/1850soc/population_1850soc_5arcmin_annual_2091_2100.nc
InputData/socioeconomic/population/1850soc/population_1850soc_national_annual_1601_1849.csv	980727	e049087e94b9af0c0780a3a880d04769	1	2026-09-21	InputData/socioeconomic/population/1850soc/population_1850soc_national_annual_1601_1849.csv
InputData/socioeconomic/population/1850soc/population_1850soc_national_annual_1850_2021.csv	678656	3f1f89254ea09c9bfc3d9d92eb2b8d9d	1	2026-09-21	InputData/socioeconomic/population/1850soc/population_1850soc_national_annual_1850_2021.csv
InputData/socioeconomic/population/1850soc/population_1850soc_national_annual_2022_2100.csv	313817	04062e8a5916dce4b17c7123cbb737cd	1	2026-09-21	InputData/socioeconomic/population/1850soc/population_1850soc_national_annual_2022_2100.csv
InputData/socioeconomic/population/2021soc/population_2021soc_5arcmin_annual_1601_1610.nc	51932208	7a312f8273b68eec134e4c78f679ca0e	1	2026-09-21	InputData/socioeconomic/population/2021soc/population_2021soc_5arcmin_annual_1601_1610.nc
InputData/socioeconomic/population/2021soc/population_2021soc_5arcmin_annual_1611_1620.nc	51932207	171aad9851747ec8639e0f8fe5ec240d	1	2026-09-21	InputData/socioeconomic/population/2021soc/population_2021soc_5arcmin_annual_1611_1620.nc
InputData/socioeconomic/population/2021soc/population_2021soc_5arcmin_annual_1621_1630.nc	51932208	bfd29cd310c906e4b6c20b423b5a308e	1	2026-09-21	InputData/socioeconomic/population/2021soc/population_2021soc_5arcmin_annual_1621_1630.nc
InputData/socioeconomic/population/2021soc/population_2021soc_5arcmin_annual_1631_1640.nc	51932207	f833b7bfd882b4fd5ad85d6f7f8c5084	1	2026-09-21	InputData/socioeconomic/population/2021soc/population_2021soc_5arcmin_annual_1631_1640.nc
InputData/socioeconomic/population/2021soc/population_2021soc_5arcmin_annual_1641_1650.nc	51932207	d65ec9bfdf81fa2a78ff83a54ff350e8	1	2026-09-21	InputData/socioeconomic/population/2021soc/population_2021soc_5arcmin_annual_1641_1650.nc
InputData/socioeconomic/population/2021soc/population_2021soc_5arcmin_annual_1651_1660.nc	51932206	ee50f59d4b5a16569b6d7b0c8984168e	1	2026-09-21	InputData/socioeconomic/population/2021soc/population_2021soc_5arcmin_annual_1651_1660.nc
InputData/socioeconomic/population/2021soc/population_2021soc_5arcmin_annual_1661_1670.nc	51932205	12f41ba24e188816dafdadbbfde985db	1	2026-09-21	InputData/socioeconomic/population/2021soc/population_2021soc_5arcmin_annual_1661_1670.nc
InputData/socioeconomic/population/2021soc/population_2021soc_5arcmin_annual_1671_1680.nc	51932206	05a26f696c3644fb2116c180ccc74572	1	2026-09-21	InputData/socioeconomic/population/2021soc/population_2021soc_5arcmin_annual_1671_1680.nc
InputData/socioeconomic/population/2021soc/population_2021soc_5arcmin_annual_1681_1690.nc	51932205	76ca797522eb99f1bb30b6209f6e0111	1	2026-09-21	InputData/socioeconomic/population/2021soc/population_2021soc_5arcmin_annual_1681_1690.nc
InputData/socioeconomic/population/2021soc/population_2021soc_5arcmin_annual_1691_1700.nc	51932208	1adf7a3099841997a798af6f23063024	1	2026-09-21	InputData/socioeconomic/population/2021soc/population_2021soc_5arcmin_annual_1691_1700.nc
InputData/socioeconomic/population/2021soc/population_2021soc_5arcmin_annual_1701_1710.nc	51932204	27274a632c9572cfeceadc3272ed42c6	1	2026-09-21	InputData/socioeconomic/population/2021soc/population_2021soc_5arcmin_annual_1701_1710.nc
InputData/socioeconomic/population/2021soc/population_2021soc_5arcmin_annual_1711_1720.nc	51932206	0a4cb07c54dc1fa85dcf5566604a711e	1	2026-09-21	InputData/socioeconomic/population/2021soc/population_2021soc_5arcmin_annual_1711_1720.nc
InputData/socioeconomic/population/2021soc/population_2021soc_5arcmin_annual_1721_1730.nc	51932204	38f7e02e132044f81b12ed7c90f9289b	1	2026-09-21	InputData/socioeconomic/population/2021soc/population_2021soc_5arcmin_annual_1721_1730.nc
InputData/socioeconomic/population/2021soc/population_2021soc_5arcmin_annual_1731_1740.nc	51932208	93105bbdb371e7ef8d853f1f755a54ac	1	2026-09-21	InputData/socioeconomic/population/2021soc/population_2021soc_5arcmin_annual_1731_1740.nc
InputData/socioeconomic/population/2021soc/population_2021soc_5arcmin_annual_1741_1750.nc	51932207	945b43faf8536bd8755185e32ab0aaf0	1	2026-09-21	InputData/socioeconomic/population/2021soc/population_2021soc_5arcmin_annual_1741_1750.nc
InputData/socioeconomic/population/2021soc/population_2021soc_5arcmin_annual_1751_1760.nc	51932205	5ba316096ec786991751b865785ab9ae	1	2026-09-21	InputData/socioeconomic/population/2021soc/population_2021soc_5arcmin_annual_1751_1760.nc
InputData/socioeconomic/population/2021soc/population_2021soc_5arcmin_annual_1761_1770.nc	51932212	007ecb5f5985f883f1a9031d5100b01f	1	2026-09-21	InputData/socioeconomic/population/2021soc/population_2021soc_5arcmin_annual_1761_1770.nc
InputData/socioeconomic/population/2021soc/population_2021soc_5arcmin_annual_1771_1780.nc	51932212	62abda5dfee9c9a0383f4dd10a07707d	1	2026-09-21	InputData/socioeconomic/population/2021soc/population_2021soc_5arcmin_annual_1771_1780.nc
InputData/socioeconomic/population/2021soc/population_2021soc_5arcmin_annual_1781_1790.nc	51932209	6bc06661bf0a4059ff36585972a603cd	1	2026-09-21	InputData/socioeconomic/population/2021soc/population_2021soc_5arcmin_annual_1781_1790.nc
InputData/socioeconomic/population/2021soc/population_2021soc_5arcmin_annual_1791_1800.nc	51932212	ac736f61ca4b141ec0a122dc1b76422a	1	2026-09-21	InputData/socioeconomic/population/2021soc/population_2021soc_5arcmin_annual_1791_1800.nc
InputData/socioeconomic/population/2021soc/population_2021soc_5arcmin_annual_1801_1810.nc	51932210	0356a42d3428614bf4b476ec2b7ae840	1	2026-09-21	InputData/socioeconomic/population/2021soc/population_2021soc_5arcmin_annual_1801_1810.nc
InputData/socioeconomic/population/2021soc/population_2021soc_5arcmin_annual_1811_1820.nc	51932207	3e3537587acd9ecee276185ea13c185a	1	2026-09-21	InputData/socioeconomic/population/2021soc/population_2021soc_5arcmin_annual_1811_1820.nc
InputData/socioeconomic/population/2021soc/population_2021soc_5arcmin_annual_1821_1830.nc	51932207	f9311f19d6885a81eced3c688bd2e064	1	2026-09-21	InputData/socioeconomic/population/2021soc/population_2021soc_5arcmin_annual_1821_1830.nc
InputData/socioeconomic/population/2021soc/population_2021soc_5arcmin_annual_1831_1840.nc	51932200	240cd49477f566b65bbea2096b76a4d9	1	2026-09-21	InputData/socioeconomic/population/2021soc/population_2021soc_5arcmin_annual_1831_1840.nc
InputData/socioeconomic/population/2021soc/population_2021soc_5arcmin_annual_1841_1849.nc	46742070	9e7cb3c1e9ec570429ce5fcb694f2ce5	1	2026-09-21	InputData/socioeconomic/population/2021soc/population_2021soc_5arcmin_annual_1841_1849.nc
InputData/socioeconomic/population/2021soc/population_2021soc_5arcmin_annual_1850_1850.nc	5221012	bf82f53e41109e00082ba11ba55762de	1	2026-09-21	InputData/socioeconomic/population/2021soc/population_2021soc_5arcmin_annual_1850_1850.nc
InputData/socioeconomic/population/2021soc/population_2021soc_5arcmin_annual_1851_1860.nc	51932200	7264bda36ab4d70736955b0891881983	1	2026-09-21	InputData/socioeconomic/population/2021soc/population_2021soc_5arcmin_annual_1851_1860.nc
InputData/socioeconomic/population/2021soc/population_2021soc_5arcmin_annual_1861_1870.nc	51932200	6d7d90c647b5e0d3b87a4ac7f68cc115	1	2026-09-21	InputData/socioeconomic/population/2021soc/population_2021soc_5arcmin_annual_1861_1870.nc
InputData/socioeconomic/population/2021soc/population_2021soc_5arcmin_annual_1871_1880.nc	51932205	95a44d3b9988d68f2264e48d71de4d96	1	2026-09-21	InputData/socioeconomic/population/2021soc/population_2021soc_5arcmin_annual_1871_1880.nc
InputData/socioeconomic/population/2021soc/population_2021soc_5arcmin_annual_1881_1890.nc	51932208	070b26d72b0b09757c51670bb538ae5f	1	2026-09-21	InputData/socioeconomic/population/2021soc/population_2021soc_5arcmin_annual_1881_1890.nc
InputData/socioeconomic/population/2021soc/population_2021soc_5arcmin_annual_1891_1900.nc	51932210	466233f3332f767dbd2843cdc7f8e314	1	2026-09-21	InputData/socioeconomic/population/2021soc/population_2021soc_5arcmin_annual_1891_1900.nc
InputData/socioeconomic/population/2021soc/population_2021soc_5arcmin_annual_1901_1910.nc	51932209	1ffb9b0e0305b915a271b47cad78f9b7	1	2026-09-21	InputData/socioeconomic/population/2021soc/population_2021soc_5arcmin_annual_1901_1910.nc
InputData/socioeconomic/population/2021soc/population_2021soc_5arcmin_annual_1911_1920.nc	51932212	a2952edefc894fed53faf8877a0542c6	1	2026-09-21	InputData/socioeconomic/population/2021soc/population_2021soc_5arcmin_annual_1911_1920.nc
InputData/socioeconomic/population/2021soc/population_2021soc_5arcmin_annual_1921_1930.nc	51932207	66b335497c666d3a63f1b7fde9c3d1dd	1	2026-09-21	InputData/socioeconomic/population/2021soc/population_2021soc_5arcmin_annual_1921_1930.nc
InputData/socioeconomic/population/2021soc/population_2021soc_5arcmin_annual_1931_1940.nc	51932211	0372bd9ee23952a67d0c94fd3fd076fe	1	2026-09-21	InputData/socioeconomic/population/2021soc/population_2021soc_5arcmin_annual_1931_1940.nc
InputData/socioeconomic/population/2021soc/population_2021soc_5arcmin_annual_1941_1950.nc	51932206	9d5e2945b85f67f55e694614d7c84ff7	1	2026-09-21	InputData/socioeconomic/population/2021soc/population_2021soc_5arcmin_annual_1941_1950.nc
InputData/socioeconomic/population/2021soc/population_2021soc_5arcmin_annual_1951_1960.nc	51932204	702083afc9e9152169f4d244d542ed76	1	2026-09-21	InputData/socioeconomic/population/2021soc/population_2021soc_5arcmin_annual_1951_1960.nc
InputData/socioeconomic/population/2021soc/population_2021soc_5arcmin_annual_1961_1970.nc	51932209	9f65224164f099a2b6f38471feaceeef	1	2026-09-21	InputData/socioeconomic/population/2021soc/population_2021soc_5arcmin_annual_1961_1970.nc
InputData/socioeconomic/population/2021soc/population_2021soc_5arcmin_annual_1971_1980.nc	51932209	bb82581ae3c258fdbe5d306f4a0fa7da	1	2026-09-21	InputData/socioeconomic/population/2021soc/population_2021soc_5arcmin_annual_1971_1980.nc
InputData/socioeconomic/population/2021soc/population_2021soc_5arcmin_annual_1981_1990.nc	51932206	2c0c28f59483d9fd6a644269809022a8	1	2026-09-21	InputData/socioeconomic/population/2021soc/population_2021soc_5arcmin_annual_1981_1990.nc
InputData/socioeconomic/population/2021soc/population_2021soc_5arcmin_annual_1991_2000.nc	51932205	42cd684d7949763d67f08ddf61b420b9	1	2026-09-21	InputData/socioeconomic/population/2021soc/population_2021soc_5arcmin_annual_1991_2000.nc
InputData/socioeconomic/population/2021soc/population_2021soc_5arcmin_annual_2001_2010.nc	51932206	d7700dd270200e9d6cffdc732eb09a60	1	2026-09-21	InputData/socioeconomic/population/2021soc/population_2021soc_5arcmin_annual_2001_2010.nc
InputData/socioeconomic/population/2021soc/population_2021soc_5arcmin_annual_2011_2020.nc	51932207	1acc43d0efbd884f696ba334955e58cf	1	2026-09-21	InputData/socioeconomic/population/2021soc/population_2021soc_5arcmin_annual_2011_2020.nc
InputData/socioeconomic/population/2021soc/population_2021soc_5arcmin_annual_2021_2021.nc	5221027	8dc16c00f8b57c97b55a2e03f4401df0	1	2026-09-21	InputData/socioeconomic/population/2021soc/population_2021soc_5arcmin_annual_2021_2021.nc
InputData/socioeconomic/population/2021soc/population_2021soc_5arcmin_annual_2022_2030.nc	46742074	f93d491d47dd15b724f770cab3ed33bf	1	2026-09-21	InputData/socioeconomic/population/2021soc/population_2021soc_5arcmin_annual_2022_2030.nc
InputData/socioeconomic/population/2021soc/population_2021soc_5arcmin_annual_2031_2040.nc	51932205	71fac6714007f54d01d6744ffaedc090	1	2026-09-21	InputData/socioeconomic/population/2021soc/population_2021soc_5arcmin_annual_2031_2040.nc
InputData/socioeconomic/population/2021soc/population_2021soc_5arcmin_annual_2041_2050.nc	51932205	cc708da102635d861a600ef806ec7782	1	2026-09-21	InputData/socioeconomic/population/2021soc/population_2021soc_5arcmin_annual_2041_2050.nc
InputData/socioeconomic/population/2021soc/population_2021soc_5arcmin_annual_2051_2060.nc	51932205	6c0caf33ab60240c8573f6ba14b0972e	1	2026-09-21	InputData/socioeconomic/population/2021soc/population_2021soc_5arcmin_annual_2051_2060.nc
InputData/socioeconomic/population/2021soc/population_2021soc_5arcmin_annual_2061_2070.nc	51932205	39b38c597e449e50086dd7e1e26c2937	1	2026-09-21	InputData/socioeconomic/population/2021soc/population_2021soc_5arcmin_annual_2061_2070.nc
InputData/socioeconomic/population/2021soc/population_2021soc_5arcmin_annual_2071_2080.nc	51932207	bf1b40fc2dc00f72d6cab1e56224b4fa	1	2026-09-21	InputData/socioeconomic/population/2021soc/population_2021soc_5arcmin_annual_2071_2080.nc
InputData/socioeconomic/population/2021soc/population_2021soc_5arcmin_annual_2081_2090.nc	51932207	548248773934757218b751bc234235b0	1	2026-09-21	InputData/socioeconomic/population/2021soc/population_2021soc_5arcmin_annual_2081_2090.nc
InputData/socioeconomic/population/2021soc/population_2021soc_5arcmin_annual_2091_2100.nc	51932207	eacaa81bbc4e4121eea50595006cfe66	1	2026-09-21	InputData/socioeconomic/population/2021soc/population_2021soc_5arcmin_annual_2091_2100.nc
InputData/socioeconomic/population/2021soc/population_2021soc_national_annual_1601_1849.csv	747414	e29c6666b252c9a5a34441ccadd73c67	1	2026-09-21	InputData/socioeconomic/population/2021soc/population_2021soc_national_annual_1601_1849.csv
InputData/socioeconomic/population/2021soc/population_2021soc_national_annual_1850_2021.csv	517492	3a7919f09c8c952f4c18627c14fc780a	1	2026-09-21	InputData/socioeconomic/population/2021soc/population_2021soc_national_annual_1850_2021.csv
InputData/socioeconomic/population/2021soc/population_2021soc_national_annual_2022_2100.csv	239794	f20772cab691242403bd31e4d28140a2	1	2026-09-21	InputData/socioeconomic/population/2021soc/population_2021soc_national_annual_2022_2100.csv
InputData/socioeconomic/population/histsoc/population_histsoc_5arcmin_annual_1850_1850.nc	5055881	f1a2b101b15240e43b3af60ec6a2d857	1	2026-09-21	InputData/socioeconomic/population/histsoc/population_histsoc_5arcmin_annual_1850_1850.nc
InputData/socioeconomic/population/histsoc/population_histsoc_5arcmin_annual_1851_1860.nc	50391217	ff6deeb52d68c272b06a01c227f1deec	1	2026-09-21	InputData/socioeconomic/population/histsoc/population_histsoc_5arcmin_annual_1851_1860.nc
InputData/socioeconomic/population/histsoc/population_histsoc_5arcmin_annual_1861_1870.nc	50532022	304376f2c4615a68aee7943c290113ff	1	2026-09-21	InputData/socioeconomic/population/histsoc/population_histsoc_5arcmin_annual_1861_1870.nc
InputData/socioeconomic/population/histsoc/population_histsoc_5arcmin_annual_1871_1880.nc	50637937	b6c4466a066dd28121e0b46d12cd7533	1	2026-09-21	InputData/socioeconomic/population/histsoc/population_histsoc_5arcmin_annual_1871_1880.nc
InputData/socioeconomic/population/histsoc/population_histsoc_5arcmin_annual_1881_1890.nc	50774113	3bc6fdb8839f096952c7c4b4ffa2fcab	1	2026-09-21	InputData/socioeconomic/population/histsoc/population_histsoc_5arcmin_annual_1881_1890.nc
InputData/socioeconomic/population/histsoc/population_histsoc_5arcmin_annual_1891_1900.nc	50893185	54026ec08fc45486eff7a4c95d802d6e	1	2026-09-21	InputData/socioeconomic/population/histsoc/population_histsoc_5arcmin_annual_1891_1900.nc
InputData/socioeconomic/population/histsoc/population_histsoc_5arcmin_annual_1901_1910.nc	51002021	2d61dce449a81c004b66aa34a677ea22	1	2026-09-21	InputData/socioeconomic/population/histsoc/population_histsoc_5arcmin_annual_1901_1910.nc
InputData/socioeconomic/population/histsoc/population_histsoc_5arcmin_annual_1911_1920.nc	51107411	43fe3f8a2d9f9f5d25fddef5d651ecc8	1	2026-09-21	InputData/socioeconomic/population/histsoc/population_histsoc_5arcmin_annual_1911_1920.nc
InputData/socioeconomic/population/histsoc/population_histsoc_5arcmin_annual_1921_1930.nc	51197212	ed1e3eb4c7458aee1ac2a0bfa4273318	1	2026-09-21	InputData/socioeconomic/population/histsoc/population_histsoc_5arcmin_annual_1921_1930.nc
InputData/socioeconomic/population/histsoc/population_histsoc_5arcmin_annual_1931_1940.nc	51277467	7d4aab080c5c674e731f94464f8deb86	1	2026-09-21	InputData/socioeconomic/population/histsoc/population_histsoc_5arcmin_annual_1931_1940.nc
InputData/socioeconomic/population/histsoc/population_histsoc_5arcmin_annual_1941_1950.nc	51334745	0e0491824150a6bb8749886a0e9addf7	1	2026-09-21	InputData/socioeconomic/population/histsoc/population_histsoc_5arcmin_annual_1941_1950.nc
InputData/socioeconomic/population/histsoc/population_histsoc_5arcmin_annual_1951_1960.nc	51444799	bcc8706d82f1d012ce9753386e004945	1	2026-09-21	InputData/socioeconomic/population/histsoc/population_histsoc_5arcmin_annual_1951_1960.nc
InputData/socioeconomic/population/histsoc/population_histsoc_5arcmin_annual_1961_1970.nc	51570089	bd5b12b1878f0f2d75eb88e2746296a3	1	2026-09-21	InputData/socioeconomic/population/histsoc/population_histsoc_5arcmin_annual_1961_1970.nc
InputData/socioeconomic/population/histsoc/population_histsoc_5arcmin_annual_1971_1980.nc	51657781	f1e9ab981f7ecc019e3a75f35bc74b6d	1	2026-09-21	InputData/socioeconomic/population/histsoc/population_histsoc_5arcmin_annual_1971_1980.nc
InputData/socioeconomic/population/histsoc/population_histsoc_5arcmin_annual_1981_1990.nc	51710643	50980e885c319758bf41ba5e458fb2e3	1	2026-09-21	InputData/socioeconomic/population/histsoc/population_histsoc_5arcmin_annual_1981_1990.nc
InputData/socioeconomic/population/histsoc/population_histsoc_5arcmin_annual_1991_2000.nc	51783158	ae5eb7b6e273dbc335cc3f2c0939fcd9	1	2026-09-21	InputData/socioeconomic/population/histsoc/population_histsoc_5arcmin_annual_1991_2000.nc
InputData/socioeconomic/population/histsoc/population_histsoc_5arcmin_annual_2001_2010.nc	51835395	5fb64a47480fffcea398ddcdcfa8ae3d	1	2026-09-21	InputData/socioeconomic/population/histsoc/population_histsoc_5arcmin_annual_2001_2010.nc
InputData/socioeconomic/population/histsoc/population_histsoc_5arcmin_annual_2011_2020.nc	57090603	2cea756336f1554b8c5f2dce2d5378ba	1	2026-09-21	InputData/socioeconomic/population/histsoc/population_histsoc_5arcmin_annual_2011_2020.nc
InputData/socioeconomic/population/histsoc/population_histsoc_5arcmin_annual_2021_2021.nc	5222652	3446209a87574f3525405e3cf4c9ac85	1	2026-09-21	InputData/socioeconomic/population/histsoc/population_histsoc_5arcmin_annual_2021_2021.nc
InputData/socioeconomic/population/histsoc/population_histsoc_national_annual_1850_2021.csv	602168	ad039247ff823c76177449ce51331462	1	2026-09-21	InputData/socioeconomic/population/histsoc/population_histsoc_national_annual_1850_2021.csv
InputData/socioeconomic/population/ssp1vlsoc-noadapt/population_ssp1_5arcmin_annual_2022_2030.nc	46746450	a103598007517862ad9e807899a893a1	1	2026-09-21	InputData/socioeconomic/population/ssp1vlsoc-noadapt/population_ssp1_5arcmin_annual_2022_2030.nc
InputData/socioeconomic/population/ssp1vlsoc-noadapt/population_ssp1_5arcmin_annual_2031_2040.nc	52134241	863503d9ee21ff1377263eee1de7eb71	1	2026-09-21	InputData/socioeconomic/population/ssp1vlsoc-noadapt/population_ssp1_5arcmin_annual_2031_2040.nc
InputData/socioeconomic/population/ssp1vlsoc-noadapt/population_ssp1_5arcmin_annual_2041_2050.nc	52154784	062cb1dd4b6e2f82d172c6cf2fdb2427	1	2026-09-21	InputData/socioeconomic/population/ssp1vlsoc-noadapt/population_ssp1_5arcmin_annual_2041_2050.nc
InputData/socioeconomic/population/ssp1vlsoc-noadapt/population_ssp1_5arcmin_annual_2051_2060.nc	52139184	7c685b41b3c03e24346c751364ea9679	1	2026-09-21	InputData/socioeconomic/population/ssp1vlsoc-noadapt/population_ssp1_5arcmin_annual_2051_2060.nc
InputData/socioeconomic/population/ssp1vlsoc-noadapt/population_ssp1_5arcmin_annual_2061_2070.nc	52104233	b936794d789cfc16201759e69b2fd927	1	2026-09-21	InputData/socioeconomic/population/ssp1vlsoc-noadapt/population_ssp1_5arcmin_annual_2061_2070.nc
InputData/socioeconomic/population/ssp1vlsoc-noadapt/population_ssp1_5arcmin_annual_2071_2080.nc	52042132	343090d277175ed13bc9b1ceef12ed98	1	2026-09-21	InputData/socioeconomic/population/ssp1vlsoc-noadapt/population_ssp1_5arcmin_annual_2071_2080.nc
InputData/socioeconomic/population/ssp1vlsoc-noadapt/population_ssp1_5arcmin_annual_2081_2090.nc	51973117	3ab4bd68d247cef23ba9d5547cd6def3	1	2026-09-21	InputData/socioeconomic/population/ssp1vlsoc-noadapt/population_ssp1_5arcmin_annual_2081_2090.nc
InputData/socioeconomic/population/ssp1vlsoc-noadapt/population_ssp1_5arcmin_annual_2091_2100.nc	51856338	5d660b6cc42e0787c6e75c0550997f3f	1	2026-09-21	InputData/socioeconomic/population/ssp1vlsoc-noadapt/population_ssp1_5arcmin_annual_2091_2100.nc
InputData/socioeconomic/population/ssp1vlsoc-noadapt/population_ssp1_national_annual_2022_2100.csv	363625	fa4b5b1840e795a63b320de7fdf35580	1	2026-09-21	InputData/socioeconomic/population/ssp1vlsoc-noadapt/population_ssp1_national_annual_2022_2100.csv
InputData/socioeconomic/population/ssp3hsoc-noadapt/population_ssp3_5arcmin_annual_2022_2030.nc	46745736	6fc4e3533b813c5c4e368e76b9a99b3c	1	2026-09-21	InputData/socioeconomic/population/ssp3hsoc-noadapt/population_ssp3_5arcmin_annual_2022_2030.nc
InputData/socioeconomic/population/ssp3hsoc-noadapt/population_ssp3_5arcmin_annual_2031_2040.nc	52102115	74510e2ceb342ea53f11e3e52d88e669	1	2026-09-21	InputData/socioeconomic/population/ssp3hsoc-noadapt/population_ssp3_5arcmin_annual_2031_2040.nc
InputData/socioeconomic/population/ssp3hsoc-noadapt/population_ssp3_5arcmin_annual_2041_2050.nc	52104476	798d42316001e1c429f5a94038ebdf45	1	2026-09-21	InputData/socioeconomic/population/ssp3hsoc-noadapt/population_ssp3_5arcmin_annual_2041_2050.nc
InputData/socioeconomic/population/ssp3hsoc-noadapt/population_ssp3_5arcmin_annual_2051_2060.nc	52094367	8b42583a06e3b9806f39180f5b944931	1	2026-09-21	InputData/socioeconomic/population/ssp3hsoc-noadapt/population_ssp3_5arcmin_annual_2051_2060.nc
InputData/socioeconomic/population/ssp3hsoc-noadapt/population_ssp3_5arcmin_annual_2061_2070.nc	52079314	08410992c1804b2a5874f0dc61205276	1	2026-09-21	InputData/socioeconomic/population/ssp3hsoc-noadapt/population_ssp3_5arcmin_annual_2061_2070.nc
InputData/socioeconomic/population/ssp3hsoc-noadapt/population_ssp3_5arcmin_annual_2071_2080.nc	52102658	49569f0a7ec943cdc638bcefd67ed783	1	2026-09-21	InputData/socioeconomic/population/ssp3hsoc-noadapt/population_ssp3_5arcmin_annual_2071_2080.nc
InputData/socioeconomic/population/ssp3hsoc-noadapt/population_ssp3_5arcmin_annual_2081_2090.nc	52164122	93cc1d977d3c8316b3b0ef2b5f2cfc67	1	2026-09-21	InputData/socioeconomic/population/ssp3hsoc-noadapt/population_ssp3_5arcmin_annual_2081_2090.nc
InputData/socioeconomic/population/ssp3hsoc-noadapt/population_ssp3_5arcmin_annual_2091_2100.nc	52182773	2a477396fb21de1b6ce734b9cdf28d78	1	2026-09-21	InputData/socioeconomic/population/ssp3hsoc-noadapt/population_ssp3_5arcmin_annual_2091_2100.nc
InputData/socioeconomic/population/ssp3hsoc-noadapt/population_ssp3_national_annual_2022_2100.csv	363440	0aee920cc24eb7884d074f25938ebd50	1	2026-09-21	InputData/socioeconomic/population/ssp3hsoc-noadapt/population_ssp3_national_annual_2022_2100.csv
InputData/socioeconomic/reservoirs_dams/2021soc/reservoirs-dams_1850_2021.xlsx	904894	3145bd1b788ecef2e32f1547a5b7f5d4	1	2026-09-21	InputData/socioeconomic/reservoirs_dams/2021soc/reservoirs-dams_1850_2021.xlsx
InputData/socioeconomic/reservoirs_dams/histsoc/reservoirs-dams_1850_2021.xlsx	904894	3145bd1b788ecef2e32f1547a5b7f5d4	1	2026-09-21	InputData/socioeconomic/reservoirs_dams/histsoc/reservoirs-dams_1850_2021.xlsx
InputData/socioeconomic/reservoirs_dams/ssp1vlsoc-noadapt/reservoirs-dams_watergap2-2e_gswp3-w5e5_ssp1_2022_2100.csv	316001	8928389323b4d4187dffa62563357f8c	1	2026-09-21	InputData/socioeconomic/reservoirs_dams/ssp1vlsoc-noadapt/reservoirs-dams_watergap2-2e_gswp3-w5e5_ssp1_2022_2100.csv
InputData/socioeconomic/reservoirs_dams/ssp3hsoc-noadapt/reservoirs-dams_watergap2-2e_gswp3-w5e5_ssp3_2022_2100.csv	430799	9507e04002ed78d754564a587fa928fa	1	2026-09-21	InputData/socioeconomic/reservoirs_dams/ssp3hsoc-noadapt/reservoirs-dams_watergap2-2e_gswp3-w5e5_ssp3_2022_2100.csv
